State,Class,Area_km2,Label,Color,Year
West Virginia,Class_81,5568.24,Pasture/Hay,#dcd939,1985
Florida,Class_81,21343.71,Pasture/Hay,#dcd939,1985
Maryland,Class_81,2759.37,Pasture/Hay,#dcd939,1985
North Carolina,Class_81,11684.41,Pasture/Hay,#dcd939,1985
Delaware,Class_81,43.77,Pasture/Hay,#dcd939,1985
Georgia,Class_81,11467.37,Pasture/Hay,#dcd939,1985
South Carolina,Class_81,5788.65,Pasture/Hay,#dcd939,1985
Virginia,Class_81,17699.89,Pasture/Hay,#dcd939,1985
District of Columbia,Class_81,0.13,Pasture/Hay,#dcd939,1985
Alabama,Class_81,23127.18,Pasture/Hay,#dcd939,1985
Tennessee,Class_81,24850.68,Pasture/Hay,#dcd939,1985
Kentucky,Class_81,28659.96,Pasture/Hay,#dcd939,1985
Mississippi,Class_81,21405.36,Pasture/Hay,#dcd939,1985
Louisiana,Class_81,10156.62,Pasture/Hay,#dcd939,1985
Texas,Class_81,79623.49,Pasture/Hay,#dcd939,1985
Oklahoma,Class_81,21913.62,Pasture/Hay,#dcd939,1985
Arkansas,Class_81,20365.97,Pasture/Hay,#dcd939,1985
West Virginia,Class_71,89.01,Grassland/Herbaceous,#dfdfc2,1985
Florida,Class_71,2481.06,Grassland/Herbaceous,#dfdfc2,1985
Maryland,Class_71,9.97,Grassland/Herbaceous,#dfdfc2,1985
North Carolina,Class_71,1203.75,Grassland/Herbaceous,#dfdfc2,1985
Delaware,Class_71,6.59,Grassland/Herbaceous,#dfdfc2,1985
Georgia,Class_71,3329.8,Grassland/Herbaceous,#dfdfc2,1985
South Carolina,Class_71,1554.72,Grassland/Herbaceous,#dfdfc2,1985
Virginia,Class_71,1014.8,Grassland/Herbaceous,#dfdfc2,1985
District of Columbia,Class_71,0.0,Grassland/Herbaceous,#dfdfc2,1985
Alabama,Class_71,1647.76,Grassland/Herbaceous,#dfdfc2,1985
Tennessee,Class_71,277.09,Grassland/Herbaceous,#dfdfc2,1985
Kentucky,Class_71,219.33,Grassland/Herbaceous,#dfdfc2,1985
Mississippi,Class_71,741.9,Grassland/Herbaceous,#dfdfc2,1985
Louisiana,Class_71,1267.01,Grassland/Herbaceous,#dfdfc2,1985
Texas,Class_71,81091.83,Grassland/Herbaceous,#dfdfc2,1985
Oklahoma,Class_71,64003.65,Grassland/Herbaceous,#dfdfc2,1985
Arkansas,Class_71,1490.06,Grassland/Herbaceous,#dfdfc2,1985
West Virginia,Class_82,315.31,Cultivated Crops,#ab6c28,1985
Florida,Class_82,10439.0,Cultivated Crops,#ab6c28,1985
Maryland,Class_82,6345.05,Cultivated Crops,#ab6c28,1985
North Carolina,Class_82,20962.77,Cultivated Crops,#ab6c28,1985
Delaware,Class_82,2485.64,Cultivated Crops,#ab6c28,1985
Georgia,Class_82,24221.57,Cultivated Crops,#ab6c28,1985
South Carolina,Class_82,10613.52,Cultivated Crops,#ab6c28,1985
Virginia,Class_82,6602.28,Cultivated Crops,#ab6c28,1985
District of Columbia,Class_82,0.0,Cultivated Crops,#ab6c28,1985
Alabama,Class_82,8998.88,Cultivated Crops,#ab6c28,1985
Tennessee,Class_82,13113.71,Cultivated Crops,#ab6c28,1985
Kentucky,Class_82,11702.04,Cultivated Crops,#ab6c28,1985
Mississippi,Class_82,19706.24,Cultivated Crops,#ab6c28,1985
Louisiana,Class_82,21845.48,Cultivated Crops,#ab6c28,1985
Texas,Class_82,107153.38,Cultivated Crops,#ab6c28,1985
Oklahoma,Class_82,40957.4,Cultivated Crops,#ab6c28,1985
Arkansas,Class_82,30729.38,Cultivated Crops,#ab6c28,1985
West Virginia,Class_95,32.18,Emergent Herbaceous Wetlands,#6c9fb8,1985
Florida,Class_95,15273.71,Emergent Herbaceous Wetlands,#6c9fb8,1985
Maryland,Class_95,784.43,Emergent Herbaceous Wetlands,#6c9fb8,1985
North Carolina,Class_95,1002.42,Emergent Herbaceous Wetlands,#6c9fb8,1985
Delaware,Class_95,329.29,Emergent Herbaceous Wetlands,#6c9fb8,1985
Georgia,Class_95,1731.71,Emergent Herbaceous Wetlands,#6c9fb8,1985
South Carolina,Class_95,1948.8,Emergent Herbaceous Wetlands,#6c9fb8,1985
Virginia,Class_95,805.84,Emergent Herbaceous Wetlands,#6c9fb8,1985
District of Columbia,Class_95,0.07,Emergent Herbaceous Wetlands,#6c9fb8,1985
Alabama,Class_95,198.46,Emergent Herbaceous Wetlands,#6c9fb8,1985
Tennessee,Class_95,156.38,Emergent Herbaceous Wetlands,#6c9fb8,1985
Kentucky,Class_95,142.53,Emergent Herbaceous Wetlands,#6c9fb8,1985
Mississippi,Class_95,523.37,Emergent Herbaceous Wetlands,#6c9fb8,1985
Louisiana,Class_95,12786.03,Emergent Herbaceous Wetlands,#6c9fb8,1985
Texas,Class_95,7698.83,Emergent Herbaceous Wetlands,#6c9fb8,1985
Oklahoma,Class_95,320.22,Emergent Herbaceous Wetlands,#6c9fb8,1985
Arkansas,Class_95,116.73,Emergent Herbaceous Wetlands,#6c9fb8,1985
West Virginia,Class_41,50107.47,Deciduous Forest,#68ab5f,1985
Florida,Class_41,11.85,Deciduous Forest,#68ab5f,1985
Maryland,Class_41,6728.78,Deciduous Forest,#68ab5f,1985
North Carolina,Class_41,29759.08,Deciduous Forest,#68ab5f,1985
Delaware,Class_41,257.98,Deciduous Forest,#68ab5f,1985
Georgia,Class_41,21507.8,Deciduous Forest,#68ab5f,1985
South Carolina,Class_41,7800.42,Deciduous Forest,#68ab5f,1985
Virginia,Class_41,39830.67,Deciduous Forest,#68ab5f,1985
District of Columbia,Class_41,13.14,Deciduous Forest,#68ab5f,1985
Alabama,Class_41,29950.38,Deciduous Forest,#68ab5f,1985
Tennessee,Class_41,46640.87,Deciduous Forest,#68ab5f,1985
Kentucky,Class_41,50703.98,Deciduous Forest,#68ab5f,1985
Mississippi,Class_41,15681.74,Deciduous Forest,#68ab5f,1985
Louisiana,Class_41,633.42,Deciduous Forest,#68ab5f,1985
Texas,Class_41,8266.17,Deciduous Forest,#68ab5f,1985
Oklahoma,Class_41,28159.08,Deciduous Forest,#68ab5f,1985
Arkansas,Class_41,28742.41,Deciduous Forest,#68ab5f,1985
West Virginia,Class_52,6.12,Shrub/Scrub,#ccb879,1985
Florida,Class_52,4891.85,Shrub/Scrub,#ccb879,1985
Maryland,Class_52,82.41,Shrub/Scrub,#ccb879,1985
North Carolina,Class_52,1003.57,Shrub/Scrub,#ccb879,1985
Delaware,Class_52,10.46,Shrub/Scrub,#ccb879,1985
Georgia,Class_52,2437.12,Shrub/Scrub,#ccb879,1985
South Carolina,Class_52,1051.5,Shrub/Scrub,#ccb879,1985
Virginia,Class_52,558.56,Shrub/Scrub,#ccb879,1985
District of Columbia,Class_52,0.07,Shrub/Scrub,#ccb879,1985
Alabama,Class_52,2749.53,Shrub/Scrub,#ccb879,1985
Tennessee,Class_52,85.45,Shrub/Scrub,#ccb879,1985
Kentucky,Class_52,9.1,Shrub/Scrub,#ccb879,1985
Mississippi,Class_52,2876.31,Shrub/Scrub,#ccb879,1985
Louisiana,Class_52,2161.07,Shrub/Scrub,#ccb879,1985
Texas,Class_52,299894.6,Shrub/Scrub,#ccb879,1985
Oklahoma,Class_52,5039.66,Shrub/Scrub,#ccb879,1985
Arkansas,Class_52,1502.4,Shrub/Scrub,#ccb879,1985
West Virginia,Class_31,215.54,Barren Land,#b3ac9f,1985
Florida,Class_31,759.57,Barren Land,#b3ac9f,1985
Maryland,Class_31,95.41,Barren Land,#b3ac9f,1985
North Carolina,Class_31,321.32,Barren Land,#b3ac9f,1985
Delaware,Class_31,18.06,Barren Land,#b3ac9f,1985
Georgia,Class_31,256.35,Barren Land,#b3ac9f,1985
South Carolina,Class_31,151.05,Barren Land,#b3ac9f,1985
Virginia,Class_31,187.95,Barren Land,#b3ac9f,1985
District of Columbia,Class_31,0.0,Barren Land,#b3ac9f,1985
Alabama,Class_31,184.02,Barren Land,#b3ac9f,1985
Tennessee,Class_31,175.75,Barren Land,#b3ac9f,1985
Kentucky,Class_31,220.93,Barren Land,#b3ac9f,1985
Mississippi,Class_31,207.62,Barren Land,#b3ac9f,1985
Louisiana,Class_31,238.4,Barren Land,#b3ac9f,1985
Texas,Class_31,1870.27,Barren Land,#b3ac9f,1985
Oklahoma,Class_31,540.23,Barren Land,#b3ac9f,1985
Arkansas,Class_31,211.11,Barren Land,#b3ac9f,1985
West Virginia,Class_42,392.02,Evergreen Forest,#1c5f2c,1985
Florida,Class_42,30973.95,Evergreen Forest,#1c5f2c,1985
Maryland,Class_42,515.26,Evergreen Forest,#1c5f2c,1985
North Carolina,Class_42,20586.83,Evergreen Forest,#1c5f2c,1985
Delaware,Class_42,156.42,Evergreen Forest,#1c5f2c,1985
Georgia,Class_42,44596.47,Evergreen Forest,#1c5f2c,1985
South Carolina,Class_42,24240.23,Evergreen Forest,#1c5f2c,1985
Virginia,Class_42,8943.23,Evergreen Forest,#1c5f2c,1985
District of Columbia,Class_42,0.07,Evergreen Forest,#1c5f2c,1985
Alabama,Class_42,28526.01,Evergreen Forest,#1c5f2c,1985
Tennessee,Class_42,3513.7,Evergreen Forest,#1c5f2c,1985
Kentucky,Class_42,564.15,Evergreen Forest,#1c5f2c,1985
Mississippi,Class_42,21679.9,Evergreen Forest,#1c5f2c,1985
Louisiana,Class_42,27295.88,Evergreen Forest,#1c5f2c,1985
Texas,Class_42,38980.43,Evergreen Forest,#1c5f2c,1985
Oklahoma,Class_42,5596.71,Evergreen Forest,#1c5f2c,1985
Arkansas,Class_42,27713.68,Evergreen Forest,#1c5f2c,1985
West Virginia,Class_21,1540.5,"Developed, Open Space",#dec5c5,1985
Florida,Class_21,6026.11,"Developed, Open Space",#dec5c5,1985
Maryland,Class_21,1553.02,"Developed, Open Space",#dec5c5,1985
North Carolina,Class_21,5699.18,"Developed, Open Space",#dec5c5,1985
Delaware,Class_21,182.8,"Developed, Open Space",#dec5c5,1985
Georgia,Class_21,6108.69,"Developed, Open Space",#dec5c5,1985
South Carolina,Class_21,2990.56,"Developed, Open Space",#dec5c5,1985
Virginia,Class_21,4178.86,"Developed, Open Space",#dec5c5,1985
District of Columbia,Class_21,24.18,"Developed, Open Space",#dec5c5,1985
Alabama,Class_21,5548.05,"Developed, Open Space",#dec5c5,1985
Tennessee,Class_21,4681.82,"Developed, Open Space",#dec5c5,1985
Kentucky,Class_21,3158.55,"Developed, Open Space",#dec5c5,1985
Mississippi,Class_21,4297.01,"Developed, Open Space",#dec5c5,1985
Louisiana,Class_21,2715.47,"Developed, Open Space",#dec5c5,1985
Texas,Class_21,8601.64,"Developed, Open Space",#dec5c5,1985
Oklahoma,Class_21,4315.3,"Developed, Open Space",#dec5c5,1985
Arkansas,Class_21,2580.04,"Developed, Open Space",#dec5c5,1985
West Virginia,Class_43,3173.45,Mixed Forest,#b5c58f,1985
Florida,Class_43,124.56,Mixed Forest,#b5c58f,1985
Maryland,Class_43,1391.12,Mixed Forest,#b5c58f,1985
North Carolina,Class_43,10186.15,Mixed Forest,#b5c58f,1985
Delaware,Class_43,144.29,Mixed Forest,#b5c58f,1985
Georgia,Class_43,4575.43,Mixed Forest,#b5c58f,1985
South Carolina,Class_43,1635.96,Mixed Forest,#b5c58f,1985
Virginia,Class_43,14209.94,Mixed Forest,#b5c58f,1985
District of Columbia,Class_43,0.0,Mixed Forest,#b5c58f,1985
Alabama,Class_43,10482.93,Mixed Forest,#b5c58f,1985
Tennessee,Class_43,7065.96,Mixed Forest,#b5c58f,1985
Kentucky,Class_43,4164.6,Mixed Forest,#b5c58f,1985
Mississippi,Class_43,10297.14,Mixed Forest,#b5c58f,1985
Louisiana,Class_43,1220.85,Mixed Forest,#b5c58f,1985
Texas,Class_43,12812.51,Mixed Forest,#b5c58f,1985
Oklahoma,Class_43,2758.41,Mixed Forest,#b5c58f,1985
Arkansas,Class_43,5443.46,Mixed Forest,#b5c58f,1985
West Virginia,Class_11,399.36,Open Water,#466b9f,1985
Florida,Class_11,28598.42,Open Water,#466b9f,1985
Maryland,Class_11,6973.17,Open Water,#466b9f,1985
North Carolina,Class_11,13246.45,Open Water,#466b9f,1985
Delaware,Class_11,1386.16,Open Water,#466b9f,1985
Georgia,Class_11,3680.74,Open Water,#466b9f,1985
South Carolina,Class_11,4922.92,Open Water,#466b9f,1985
Virginia,Class_11,8354.09,Open Water,#466b9f,1985
District of Columbia,Class_11,17.71,Open Water,#466b9f,1985
Alabama,Class_11,4416.82,Open Water,#466b9f,1985
Tennessee,Class_11,2353.6,Open Water,#466b9f,1985
Kentucky,Class_11,1811.73,Open Water,#466b9f,1985
Mississippi,Class_11,3904.18,Open Water,#466b9f,1985
Louisiana,Class_11,22841.12,Open Water,#466b9f,1985
Texas,Class_11,15372.11,Open Water,#466b9f,1985
Oklahoma,Class_11,2883.44,Open Water,#466b9f,1985
Arkansas,Class_11,2730.85,Open Water,#466b9f,1985
West Virginia,Class_22,532.87,"Developed, Low Intensity",#d99282,1985
Florida,Class_22,6874.35,"Developed, Low Intensity",#d99282,1985
Maryland,Class_22,1328.73,"Developed, Low Intensity",#d99282,1985
North Carolina,Class_22,3396.55,"Developed, Low Intensity",#d99282,1985
Delaware,Class_22,259.53,"Developed, Low Intensity",#d99282,1985
Georgia,Class_22,3144.34,"Developed, Low Intensity",#d99282,1985
South Carolina,Class_22,2076.95,"Developed, Low Intensity",#d99282,1985
Virginia,Class_22,2128.32,"Developed, Low Intensity",#d99282,1985
District of Columbia,Class_22,33.53,"Developed, Low Intensity",#d99282,1985
Alabama,Class_22,2004.56,"Developed, Low Intensity",#d99282,1985
Tennessee,Class_22,2021.67,"Developed, Low Intensity",#d99282,1985
Kentucky,Class_22,1337.97,"Developed, Low Intensity",#d99282,1985
Mississippi,Class_22,1257.58,"Developed, Low Intensity",#d99282,1985
Louisiana,Class_22,1973.38,"Developed, Low Intensity",#d99282,1985
Texas,Class_22,9655.26,"Developed, Low Intensity",#d99282,1985
Oklahoma,Class_22,2201.62,"Developed, Low Intensity",#d99282,1985
Arkansas,Class_22,1511.61,"Developed, Low Intensity",#d99282,1985
West Virginia,Class_23,267.04,"Developed, Medium Intensity",#eb0000,1985
Florida,Class_23,2483.17,"Developed, Medium Intensity",#eb0000,1985
Maryland,Class_23,549.83,"Developed, Medium Intensity",#eb0000,1985
North Carolina,Class_23,692.99,"Developed, Medium Intensity",#eb0000,1985
Delaware,Class_23,123.53,"Developed, Medium Intensity",#eb0000,1985
Georgia,Class_23,678.5,"Developed, Medium Intensity",#eb0000,1985
South Carolina,Class_23,390.9,"Developed, Medium Intensity",#eb0000,1985
Virginia,Class_23,722.47,"Developed, Medium Intensity",#eb0000,1985
District of Columbia,Class_23,68.19,"Developed, Medium Intensity",#eb0000,1985
Alabama,Class_23,495.13,"Developed, Medium Intensity",#eb0000,1985
Tennessee,Class_23,593.17,"Developed, Medium Intensity",#eb0000,1985
Kentucky,Class_23,485.91,"Developed, Medium Intensity",#eb0000,1985
Mississippi,Class_23,272.69,"Developed, Medium Intensity",#eb0000,1985
Louisiana,Class_23,733.83,"Developed, Medium Intensity",#eb0000,1985
Texas,Class_23,4086.21,"Developed, Medium Intensity",#eb0000,1985
Oklahoma,Class_23,780.32,"Developed, Medium Intensity",#eb0000,1985
Arkansas,Class_23,317.08,"Developed, Medium Intensity",#eb0000,1985
West Virginia,Class_24,45.85,"Developed, High Intensity",#ab0000,1985
Florida,Class_24,400.31,"Developed, High Intensity",#ab0000,1985
Maryland,Class_24,167.84,"Developed, High Intensity",#ab0000,1985
North Carolina,Class_24,222.62,"Developed, High Intensity",#ab0000,1985
Delaware,Class_24,37.49,"Developed, High Intensity",#ab0000,1985
Georgia,Class_24,275.42,"Developed, High Intensity",#ab0000,1985
South Carolina,Class_24,135.84,"Developed, High Intensity",#ab0000,1985
Virginia,Class_24,215.17,"Developed, High Intensity",#ab0000,1985
District of Columbia,Class_24,18.1,"Developed, High Intensity",#ab0000,1985
Alabama,Class_24,138.13,"Developed, High Intensity",#ab0000,1985
Tennessee,Class_24,204.42,"Developed, High Intensity",#ab0000,1985
Kentucky,Class_24,139.38,"Developed, High Intensity",#ab0000,1985
Mississippi,Class_24,62.99,"Developed, High Intensity",#ab0000,1985
Louisiana,Class_24,183.71,"Developed, High Intensity",#ab0000,1985
Texas,Class_24,851.82,"Developed, High Intensity",#ab0000,1985
Oklahoma,Class_24,174.28,"Developed, High Intensity",#ab0000,1985
Arkansas,Class_24,93.49,"Developed, High Intensity",#ab0000,1985
West Virginia,Class_90,69.97,Woody Wetlands,#b8d9eb,1985
Florida,Class_90,39398.74,Woody Wetlands,#b8d9eb,1985
Maryland,Class_90,2844.84,Woody Wetlands,#b8d9eb,1985
North Carolina,Class_90,19415.78,Woody Wetlands,#b8d9eb,1985
Delaware,Class_90,1003.7,Woody Wetlands,#b8d9eb,1985
Georgia,Class_90,25892.86,Woody Wetlands,#b8d9eb,1985
South Carolina,Class_90,17607.28,Woody Wetlands,#b8d9eb,1985
Virginia,Class_90,5332.2,Woody Wetlands,#b8d9eb,1985
District of Columbia,Class_90,1.8,Woody Wetlands,#b8d9eb,1985
Alabama,Class_90,17297.93,Woody Wetlands,#b8d9eb,1985
Tennessee,Class_90,3417.64,Woody Wetlands,#b8d9eb,1985
Kentucky,Class_90,1334.14,Woody Wetlands,#b8d9eb,1985
Mississippi,Class_90,22523.98,Woody Wetlands,#b8d9eb,1985
Louisiana,Class_90,28200.73,Woody Wetlands,#b8d9eb,1985
Texas,Class_90,19562.55,Woody Wetlands,#b8d9eb,1985
Oklahoma,Class_90,1393.04,Woody Wetlands,#b8d9eb,1985
Arkansas,Class_90,14182.79,Woody Wetlands,#b8d9eb,1985
West Virginia,Class_81,5560.18,Pasture/Hay,#dcd939,1986
Florida,Class_81,21185.85,Pasture/Hay,#dcd939,1986
Maryland,Class_81,2753.09,Pasture/Hay,#dcd939,1986
North Carolina,Class_81,11638.15,Pasture/Hay,#dcd939,1986
Delaware,Class_81,43.91,Pasture/Hay,#dcd939,1986
Georgia,Class_81,11546.94,Pasture/Hay,#dcd939,1986
South Carolina,Class_81,5798.19,Pasture/Hay,#dcd939,1986
Virginia,Class_81,17674.17,Pasture/Hay,#dcd939,1986
District of Columbia,Class_81,0.07,Pasture/Hay,#dcd939,1986
Alabama,Class_81,22972.65,Pasture/Hay,#dcd939,1986
Tennessee,Class_81,25074.54,Pasture/Hay,#dcd939,1986
Kentucky,Class_81,28913.78,Pasture/Hay,#dcd939,1986
Mississippi,Class_81,21505.16,Pasture/Hay,#dcd939,1986
Louisiana,Class_81,10144.59,Pasture/Hay,#dcd939,1986
Texas,Class_81,79511.89,Pasture/Hay,#dcd939,1986
Oklahoma,Class_81,21953.92,Pasture/Hay,#dcd939,1986
Arkansas,Class_81,20354.35,Pasture/Hay,#dcd939,1986
West Virginia,Class_71,96.45,Grassland/Herbaceous,#dfdfc2,1986
Florida,Class_71,2743.05,Grassland/Herbaceous,#dfdfc2,1986
Maryland,Class_71,12.35,Grassland/Herbaceous,#dfdfc2,1986
North Carolina,Class_71,1217.6,Grassland/Herbaceous,#dfdfc2,1986
Delaware,Class_71,7.72,Grassland/Herbaceous,#dfdfc2,1986
Georgia,Class_71,3690.6,Grassland/Herbaceous,#dfdfc2,1986
South Carolina,Class_71,1763.64,Grassland/Herbaceous,#dfdfc2,1986
Virginia,Class_71,1091.17,Grassland/Herbaceous,#dfdfc2,1986
District of Columbia,Class_71,0.0,Grassland/Herbaceous,#dfdfc2,1986
Alabama,Class_71,1650.98,Grassland/Herbaceous,#dfdfc2,1986
Tennessee,Class_71,281.65,Grassland/Herbaceous,#dfdfc2,1986
Kentucky,Class_71,227.32,Grassland/Herbaceous,#dfdfc2,1986
Mississippi,Class_71,792.74,Grassland/Herbaceous,#dfdfc2,1986
Louisiana,Class_71,1211.75,Grassland/Herbaceous,#dfdfc2,1986
Texas,Class_71,81196.47,Grassland/Herbaceous,#dfdfc2,1986
Oklahoma,Class_71,64280.75,Grassland/Herbaceous,#dfdfc2,1986
Arkansas,Class_71,1226.53,Grassland/Herbaceous,#dfdfc2,1986
West Virginia,Class_82,313.58,Cultivated Crops,#ab6c28,1986
Florida,Class_82,10414.06,Cultivated Crops,#ab6c28,1986
Maryland,Class_82,6328.64,Cultivated Crops,#ab6c28,1986
North Carolina,Class_82,20906.54,Cultivated Crops,#ab6c28,1986
Delaware,Class_82,2479.23,Cultivated Crops,#ab6c28,1986
Georgia,Class_82,23978.74,Cultivated Crops,#ab6c28,1986
South Carolina,Class_82,10466.53,Cultivated Crops,#ab6c28,1986
Virginia,Class_82,6567.69,Cultivated Crops,#ab6c28,1986
District of Columbia,Class_82,0.0,Cultivated Crops,#ab6c28,1986
Alabama,Class_82,8792.35,Cultivated Crops,#ab6c28,1986
Tennessee,Class_82,12833.95,Cultivated Crops,#ab6c28,1986
Kentucky,Class_82,11434.74,Cultivated Crops,#ab6c28,1986
Mississippi,Class_82,19368.53,Cultivated Crops,#ab6c28,1986
Louisiana,Class_82,21667.7,Cultivated Crops,#ab6c28,1986
Texas,Class_82,106458.39,Cultivated Crops,#ab6c28,1986
Oklahoma,Class_82,40349.21,Cultivated Crops,#ab6c28,1986
Arkansas,Class_82,30613.15,Cultivated Crops,#ab6c28,1986
West Virginia,Class_95,32.25,Emergent Herbaceous Wetlands,#6c9fb8,1986
Florida,Class_95,15248.04,Emergent Herbaceous Wetlands,#6c9fb8,1986
Maryland,Class_95,784.38,Emergent Herbaceous Wetlands,#6c9fb8,1986
North Carolina,Class_95,1001.77,Emergent Herbaceous Wetlands,#6c9fb8,1986
Delaware,Class_95,328.91,Emergent Herbaceous Wetlands,#6c9fb8,1986
Georgia,Class_95,1729.85,Emergent Herbaceous Wetlands,#6c9fb8,1986
South Carolina,Class_95,1938.88,Emergent Herbaceous Wetlands,#6c9fb8,1986
Virginia,Class_95,804.46,Emergent Herbaceous Wetlands,#6c9fb8,1986
District of Columbia,Class_95,0.21,Emergent Herbaceous Wetlands,#6c9fb8,1986
Alabama,Class_95,198.67,Emergent Herbaceous Wetlands,#6c9fb8,1986
Tennessee,Class_95,152.77,Emergent Herbaceous Wetlands,#6c9fb8,1986
Kentucky,Class_95,142.21,Emergent Herbaceous Wetlands,#6c9fb8,1986
Mississippi,Class_95,518.36,Emergent Herbaceous Wetlands,#6c9fb8,1986
Louisiana,Class_95,12767.85,Emergent Herbaceous Wetlands,#6c9fb8,1986
Texas,Class_95,7620.27,Emergent Herbaceous Wetlands,#6c9fb8,1986
Oklahoma,Class_95,304.28,Emergent Herbaceous Wetlands,#6c9fb8,1986
Arkansas,Class_95,106.42,Emergent Herbaceous Wetlands,#6c9fb8,1986
West Virginia,Class_41,50096.46,Deciduous Forest,#68ab5f,1986
Florida,Class_41,11.31,Deciduous Forest,#68ab5f,1986
Maryland,Class_41,6719.79,Deciduous Forest,#68ab5f,1986
North Carolina,Class_41,29745.81,Deciduous Forest,#68ab5f,1986
Delaware,Class_41,256.53,Deciduous Forest,#68ab5f,1986
Georgia,Class_41,21637.04,Deciduous Forest,#68ab5f,1986
South Carolina,Class_41,7824.4,Deciduous Forest,#68ab5f,1986
Virginia,Class_41,39771.19,Deciduous Forest,#68ab5f,1986
District of Columbia,Class_41,13.07,Deciduous Forest,#68ab5f,1986
Alabama,Class_41,29911.48,Deciduous Forest,#68ab5f,1986
Tennessee,Class_41,46616.82,Deciduous Forest,#68ab5f,1986
Kentucky,Class_41,50678.68,Deciduous Forest,#68ab5f,1986
Mississippi,Class_41,15697.33,Deciduous Forest,#68ab5f,1986
Louisiana,Class_41,633.09,Deciduous Forest,#68ab5f,1986
Texas,Class_41,8287.16,Deciduous Forest,#68ab5f,1986
Oklahoma,Class_41,28202.98,Deciduous Forest,#68ab5f,1986
Arkansas,Class_41,28731.38,Deciduous Forest,#68ab5f,1986
West Virginia,Class_52,8.3,Shrub/Scrub,#ccb879,1986
Florida,Class_52,5127.66,Shrub/Scrub,#ccb879,1986
Maryland,Class_52,85.08,Shrub/Scrub,#ccb879,1986
North Carolina,Class_52,1154.07,Shrub/Scrub,#ccb879,1986
Delaware,Class_52,10.88,Shrub/Scrub,#ccb879,1986
Georgia,Class_52,2814.12,Shrub/Scrub,#ccb879,1986
South Carolina,Class_52,1247.36,Shrub/Scrub,#ccb879,1986
Virginia,Class_52,648.64,Shrub/Scrub,#ccb879,1986
District of Columbia,Class_52,0.07,Shrub/Scrub,#ccb879,1986
Alabama,Class_52,3431.86,Shrub/Scrub,#ccb879,1986
Tennessee,Class_52,129.58,Shrub/Scrub,#ccb879,1986
Kentucky,Class_52,10.84,Shrub/Scrub,#ccb879,1986
Mississippi,Class_52,3382.65,Shrub/Scrub,#ccb879,1986
Louisiana,Class_52,2634.15,Shrub/Scrub,#ccb879,1986
Texas,Class_52,300475.26,Shrub/Scrub,#ccb879,1986
Oklahoma,Class_52,5182.42,Shrub/Scrub,#ccb879,1986
Arkansas,Class_52,1891.22,Shrub/Scrub,#ccb879,1986
West Virginia,Class_31,216.27,Barren Land,#b3ac9f,1986
Florida,Class_31,761.06,Barren Land,#b3ac9f,1986
Maryland,Class_31,95.28,Barren Land,#b3ac9f,1986
North Carolina,Class_31,323.89,Barren Land,#b3ac9f,1986
Delaware,Class_31,18.19,Barren Land,#b3ac9f,1986
Georgia,Class_31,273.23,Barren Land,#b3ac9f,1986
South Carolina,Class_31,155.79,Barren Land,#b3ac9f,1986
Virginia,Class_31,185.38,Barren Land,#b3ac9f,1986
District of Columbia,Class_31,0.0,Barren Land,#b3ac9f,1986
Alabama,Class_31,185.99,Barren Land,#b3ac9f,1986
Tennessee,Class_31,176.79,Barren Land,#b3ac9f,1986
Kentucky,Class_31,221.23,Barren Land,#b3ac9f,1986
Mississippi,Class_31,194.97,Barren Land,#b3ac9f,1986
Louisiana,Class_31,221.99,Barren Land,#b3ac9f,1986
Texas,Class_31,1860.96,Barren Land,#b3ac9f,1986
Oklahoma,Class_31,504.73,Barren Land,#b3ac9f,1986
Arkansas,Class_31,196.44,Barren Land,#b3ac9f,1986
West Virginia,Class_42,392.02,Evergreen Forest,#1c5f2c,1986
Florida,Class_42,30442.91,Evergreen Forest,#1c5f2c,1986
Maryland,Class_42,508.44,Evergreen Forest,#1c5f2c,1986
North Carolina,Class_42,20392.01,Evergreen Forest,#1c5f2c,1986
Delaware,Class_42,154.45,Evergreen Forest,#1c5f2c,1986
Georgia,Class_42,43597.24,Evergreen Forest,#1c5f2c,1986
South Carolina,Class_42,23802.82,Evergreen Forest,#1c5f2c,1986
Virginia,Class_42,8825.95,Evergreen Forest,#1c5f2c,1986
District of Columbia,Class_42,0.07,Evergreen Forest,#1c5f2c,1986
Alabama,Class_42,28243.18,Evergreen Forest,#1c5f2c,1986
Tennessee,Class_42,3491.41,Evergreen Forest,#1c5f2c,1986
Kentucky,Class_42,561.58,Evergreen Forest,#1c5f2c,1986
Mississippi,Class_42,21171.56,Evergreen Forest,#1c5f2c,1986
Louisiana,Class_42,26979.1,Evergreen Forest,#1c5f2c,1986
Texas,Class_42,38592.4,Evergreen Forest,#1c5f2c,1986
Oklahoma,Class_42,5597.27,Evergreen Forest,#1c5f2c,1986
Arkansas,Class_42,27667.69,Evergreen Forest,#1c5f2c,1986
West Virginia,Class_21,1551.07,"Developed, Open Space",#dec5c5,1986
Florida,Class_21,6206.0,"Developed, Open Space",#dec5c5,1986
Maryland,Class_21,1586.24,"Developed, Open Space",#dec5c5,1986
North Carolina,Class_21,5832.86,"Developed, Open Space",#dec5c5,1986
Delaware,Class_21,191.21,"Developed, Open Space",#dec5c5,1986
Georgia,Class_21,6297.14,"Developed, Open Space",#dec5c5,1986
South Carolina,Class_21,3088.5,"Developed, Open Space",#dec5c5,1986
Virginia,Class_21,4265.98,"Developed, Open Space",#dec5c5,1986
District of Columbia,Class_21,24.31,"Developed, Open Space",#dec5c5,1986
Alabama,Class_21,5607.47,"Developed, Open Space",#dec5c5,1986
Tennessee,Class_21,4740.56,"Developed, Open Space",#dec5c5,1986
Kentucky,Class_21,3189.08,"Developed, Open Space",#dec5c5,1986
Mississippi,Class_21,4348.57,"Developed, Open Space",#dec5c5,1986
Louisiana,Class_21,2761.49,"Developed, Open Space",#dec5c5,1986
Texas,Class_21,8798.97,"Developed, Open Space",#dec5c5,1986
Oklahoma,Class_21,4354.65,"Developed, Open Space",#dec5c5,1986
Arkansas,Class_21,2606.65,"Developed, Open Space",#dec5c5,1986
West Virginia,Class_43,3172.47,Mixed Forest,#b5c58f,1986
Florida,Class_43,122.48,Mixed Forest,#b5c58f,1986
Maryland,Class_43,1388.85,Mixed Forest,#b5c58f,1986
North Carolina,Class_43,10198.37,Mixed Forest,#b5c58f,1986
Delaware,Class_43,144.08,Mixed Forest,#b5c58f,1986
Georgia,Class_43,4640.74,Mixed Forest,#b5c58f,1986
South Carolina,Class_43,1678.0,Mixed Forest,#b5c58f,1986
Virginia,Class_43,14191.27,Mixed Forest,#b5c58f,1986
District of Columbia,Class_43,0.0,Mixed Forest,#b5c58f,1986
Alabama,Class_43,10428.1,Mixed Forest,#b5c58f,1986
Tennessee,Class_43,7067.61,Mixed Forest,#b5c58f,1986
Kentucky,Class_43,4166.6,Mixed Forest,#b5c58f,1986
Mississippi,Class_43,10333.24,Mixed Forest,#b5c58f,1986
Louisiana,Class_43,1223.54,Mixed Forest,#b5c58f,1986
Texas,Class_43,12848.15,Mixed Forest,#b5c58f,1986
Oklahoma,Class_43,2754.77,Mixed Forest,#b5c58f,1986
Arkansas,Class_43,5437.85,Mixed Forest,#b5c58f,1986
West Virginia,Class_11,400.63,Open Water,#466b9f,1986
Florida,Class_11,28592.32,Open Water,#466b9f,1986
Maryland,Class_11,6977.99,Open Water,#466b9f,1986
North Carolina,Class_11,13233.14,Open Water,#466b9f,1986
Delaware,Class_11,1385.63,Open Water,#466b9f,1986
Georgia,Class_11,3625.12,Open Water,#466b9f,1986
South Carolina,Class_11,4908.6,Open Water,#466b9f,1986
Virginia,Class_11,8357.3,Open Water,#466b9f,1986
District of Columbia,Class_11,17.71,Open Water,#466b9f,1986
Alabama,Class_11,4415.35,Open Water,#466b9f,1986
Tennessee,Class_11,2355.5,Open Water,#466b9f,1986
Kentucky,Class_11,1812.72,Open Water,#466b9f,1986
Mississippi,Class_11,3987.77,Open Water,#466b9f,1986
Louisiana,Class_11,22904.74,Open Water,#466b9f,1986
Texas,Class_11,15655.07,Open Water,#466b9f,1986
Oklahoma,Class_11,2996.33,Open Water,#466b9f,1986
Arkansas,Class_11,2801.05,Open Water,#466b9f,1986
West Virginia,Class_22,532.16,"Developed, Low Intensity",#d99282,1986
Florida,Class_22,6885.33,"Developed, Low Intensity",#d99282,1986
Maryland,Class_22,1329.22,"Developed, Low Intensity",#d99282,1986
North Carolina,Class_22,3404.24,"Developed, Low Intensity",#d99282,1986
Delaware,Class_22,259.96,"Developed, Low Intensity",#d99282,1986
Georgia,Class_22,3149.45,"Developed, Low Intensity",#d99282,1986
South Carolina,Class_22,2079.96,"Developed, Low Intensity",#d99282,1986
Virginia,Class_22,2131.37,"Developed, Low Intensity",#d99282,1986
District of Columbia,Class_22,33.4,"Developed, Low Intensity",#d99282,1986
Alabama,Class_22,2005.99,"Developed, Low Intensity",#d99282,1986
Tennessee,Class_22,2018.55,"Developed, Low Intensity",#d99282,1986
Kentucky,Class_22,1337.34,"Developed, Low Intensity",#d99282,1986
Mississippi,Class_22,1259.32,"Developed, Low Intensity",#d99282,1986
Louisiana,Class_22,1972.08,"Developed, Low Intensity",#d99282,1986
Texas,Class_22,9715.61,"Developed, Low Intensity",#d99282,1986
Oklahoma,Class_22,2207.54,"Developed, Low Intensity",#d99282,1986
Arkansas,Class_22,1512.85,"Developed, Low Intensity",#d99282,1986
West Virginia,Class_23,267.34,"Developed, Medium Intensity",#eb0000,1986
Florida,Class_23,2482.2,"Developed, Medium Intensity",#eb0000,1986
Maryland,Class_23,549.97,"Developed, Medium Intensity",#eb0000,1986
North Carolina,Class_23,692.04,"Developed, Medium Intensity",#eb0000,1986
Delaware,Class_23,123.53,"Developed, Medium Intensity",#eb0000,1986
Georgia,Class_23,678.13,"Developed, Medium Intensity",#eb0000,1986
South Carolina,Class_23,391.13,"Developed, Medium Intensity",#eb0000,1986
Virginia,Class_23,721.6,"Developed, Medium Intensity",#eb0000,1986
District of Columbia,Class_23,68.19,"Developed, Medium Intensity",#eb0000,1986
Alabama,Class_23,494.98,"Developed, Medium Intensity",#eb0000,1986
Tennessee,Class_23,592.29,"Developed, Medium Intensity",#eb0000,1986
Kentucky,Class_23,485.92,"Developed, Medium Intensity",#eb0000,1986
Mississippi,Class_23,272.78,"Developed, Medium Intensity",#eb0000,1986
Louisiana,Class_23,734.61,"Developed, Medium Intensity",#eb0000,1986
Texas,Class_23,4085.63,"Developed, Medium Intensity",#eb0000,1986
Oklahoma,Class_23,780.25,"Developed, Medium Intensity",#eb0000,1986
Arkansas,Class_23,317.12,"Developed, Medium Intensity",#eb0000,1986
West Virginia,Class_24,45.92,"Developed, High Intensity",#ab0000,1986
Florida,Class_24,400.46,"Developed, High Intensity",#ab0000,1986
Maryland,Class_24,167.42,"Developed, High Intensity",#ab0000,1986
North Carolina,Class_24,222.33,"Developed, High Intensity",#ab0000,1986
Delaware,Class_24,37.56,"Developed, High Intensity",#ab0000,1986
Georgia,Class_24,275.56,"Developed, High Intensity",#ab0000,1986
South Carolina,Class_24,135.76,"Developed, High Intensity",#ab0000,1986
Virginia,Class_24,214.38,"Developed, High Intensity",#ab0000,1986
District of Columbia,Class_24,18.1,"Developed, High Intensity",#ab0000,1986
Alabama,Class_24,138.29,"Developed, High Intensity",#ab0000,1986
Tennessee,Class_24,204.34,"Developed, High Intensity",#ab0000,1986
Kentucky,Class_24,139.32,"Developed, High Intensity",#ab0000,1986
Mississippi,Class_24,62.39,"Developed, High Intensity",#ab0000,1986
Louisiana,Class_24,183.86,"Developed, High Intensity",#ab0000,1986
Texas,Class_24,851.97,"Developed, High Intensity",#ab0000,1986
Oklahoma,Class_24,174.28,"Developed, High Intensity",#ab0000,1986
Arkansas,Class_24,93.49,"Developed, High Intensity",#ab0000,1986
West Virginia,Class_90,69.83,Woody Wetlands,#b8d9eb,1986
Florida,Class_90,39457.66,Woody Wetlands,#b8d9eb,1986
Maryland,Class_90,2842.45,Woody Wetlands,#b8d9eb,1986
North Carolina,Class_90,19421.06,Woody Wetlands,#b8d9eb,1986
Delaware,Class_90,1003.91,Woody Wetlands,#b8d9eb,1986
Georgia,Class_90,25970.29,Woody Wetlands,#b8d9eb,1986
South Carolina,Class_90,17629.75,Woody Wetlands,#b8d9eb,1986
Virginia,Class_90,5333.71,Woody Wetlands,#b8d9eb,1986
District of Columbia,Class_90,1.8,Woody Wetlands,#b8d9eb,1986
Alabama,Class_90,17288.43,Woody Wetlands,#b8d9eb,1986
Tennessee,Class_90,3415.55,Woody Wetlands,#b8d9eb,1986
Kentucky,Class_90,1332.94,Woody Wetlands,#b8d9eb,1986
Mississippi,Class_90,22542.65,Woody Wetlands,#b8d9eb,1986
Louisiana,Class_90,28212.46,Woody Wetlands,#b8d9eb,1986
Texas,Class_90,19562.91,Woody Wetlands,#b8d9eb,1986
Oklahoma,Class_90,1393.62,Woody Wetlands,#b8d9eb,1986
Arkansas,Class_90,14174.86,Woody Wetlands,#b8d9eb,1986
West Virginia,Class_81,5564.17,Pasture/Hay,#dcd939,1987
Florida,Class_81,20904.65,Pasture/Hay,#dcd939,1987
Maryland,Class_81,2793.49,Pasture/Hay,#dcd939,1987
North Carolina,Class_81,11732.69,Pasture/Hay,#dcd939,1987
Delaware,Class_81,43.46,Pasture/Hay,#dcd939,1987
Georgia,Class_81,11573.26,Pasture/Hay,#dcd939,1987
South Carolina,Class_81,5809.55,Pasture/Hay,#dcd939,1987
Virginia,Class_81,17806.9,Pasture/Hay,#dcd939,1987
District of Columbia,Class_81,0.07,Pasture/Hay,#dcd939,1987
Alabama,Class_81,23004.53,Pasture/Hay,#dcd939,1987
Tennessee,Class_81,25253.53,Pasture/Hay,#dcd939,1987
Kentucky,Class_81,29147.12,Pasture/Hay,#dcd939,1987
Mississippi,Class_81,21420.34,Pasture/Hay,#dcd939,1987
Louisiana,Class_81,10281.33,Pasture/Hay,#dcd939,1987
Texas,Class_81,79456.94,Pasture/Hay,#dcd939,1987
Oklahoma,Class_81,22004.04,Pasture/Hay,#dcd939,1987
Arkansas,Class_81,20374.65,Pasture/Hay,#dcd939,1987
West Virginia,Class_71,100.82,Grassland/Herbaceous,#dfdfc2,1987
Florida,Class_71,2840.32,Grassland/Herbaceous,#dfdfc2,1987
Maryland,Class_71,11.83,Grassland/Herbaceous,#dfdfc2,1987
North Carolina,Class_71,1197.93,Grassland/Herbaceous,#dfdfc2,1987
Delaware,Class_71,7.01,Grassland/Herbaceous,#dfdfc2,1987
Georgia,Class_71,3733.69,Grassland/Herbaceous,#dfdfc2,1987
South Carolina,Class_71,1819.71,Grassland/Herbaceous,#dfdfc2,1987
Virginia,Class_71,1119.83,Grassland/Herbaceous,#dfdfc2,1987
District of Columbia,Class_71,0.0,Grassland/Herbaceous,#dfdfc2,1987
Alabama,Class_71,1766.76,Grassland/Herbaceous,#dfdfc2,1987
Tennessee,Class_71,293.52,Grassland/Herbaceous,#dfdfc2,1987
Kentucky,Class_71,227.4,Grassland/Herbaceous,#dfdfc2,1987
Mississippi,Class_71,805.14,Grassland/Herbaceous,#dfdfc2,1987
Louisiana,Class_71,1208.32,Grassland/Herbaceous,#dfdfc2,1987
Texas,Class_71,81437.56,Grassland/Herbaceous,#dfdfc2,1987
Oklahoma,Class_71,64951.25,Grassland/Herbaceous,#dfdfc2,1987
Arkansas,Class_71,1061.26,Grassland/Herbaceous,#dfdfc2,1987
West Virginia,Class_82,301.1,Cultivated Crops,#ab6c28,1987
Florida,Class_82,10531.54,Cultivated Crops,#ab6c28,1987
Maryland,Class_82,6258.68,Cultivated Crops,#ab6c28,1987
North Carolina,Class_82,20740.17,Cultivated Crops,#ab6c28,1987
Delaware,Class_82,2471.33,Cultivated Crops,#ab6c28,1987
Georgia,Class_82,23622.54,Cultivated Crops,#ab6c28,1987
South Carolina,Class_82,10358.13,Cultivated Crops,#ab6c28,1987
Virginia,Class_82,6398.4,Cultivated Crops,#ab6c28,1987
District of Columbia,Class_82,0.0,Cultivated Crops,#ab6c28,1987
Alabama,Class_82,8352.46,Cultivated Crops,#ab6c28,1987
Tennessee,Class_82,12569.69,Cultivated Crops,#ab6c28,1987
Kentucky,Class_82,11189.86,Cultivated Crops,#ab6c28,1987
Mississippi,Class_82,19028.48,Cultivated Crops,#ab6c28,1987
Louisiana,Class_82,21382.53,Cultivated Crops,#ab6c28,1987
Texas,Class_82,104825.93,Cultivated Crops,#ab6c28,1987
Oklahoma,Class_82,39148.0,Cultivated Crops,#ab6c28,1987
Arkansas,Class_82,30514.61,Cultivated Crops,#ab6c28,1987
West Virginia,Class_95,32.88,Emergent Herbaceous Wetlands,#6c9fb8,1987
Florida,Class_95,15234.05,Emergent Herbaceous Wetlands,#6c9fb8,1987
Maryland,Class_95,781.69,Emergent Herbaceous Wetlands,#6c9fb8,1987
North Carolina,Class_95,999.13,Emergent Herbaceous Wetlands,#6c9fb8,1987
Delaware,Class_95,327.65,Emergent Herbaceous Wetlands,#6c9fb8,1987
Georgia,Class_95,1719.01,Emergent Herbaceous Wetlands,#6c9fb8,1987
South Carolina,Class_95,1940.65,Emergent Herbaceous Wetlands,#6c9fb8,1987
Virginia,Class_95,799.5,Emergent Herbaceous Wetlands,#6c9fb8,1987
District of Columbia,Class_95,0.14,Emergent Herbaceous Wetlands,#6c9fb8,1987
Alabama,Class_95,193.56,Emergent Herbaceous Wetlands,#6c9fb8,1987
Tennessee,Class_95,151.16,Emergent Herbaceous Wetlands,#6c9fb8,1987
Kentucky,Class_95,143.65,Emergent Herbaceous Wetlands,#6c9fb8,1987
Mississippi,Class_95,514.76,Emergent Herbaceous Wetlands,#6c9fb8,1987
Louisiana,Class_95,12769.64,Emergent Herbaceous Wetlands,#6c9fb8,1987
Texas,Class_95,7523.37,Emergent Herbaceous Wetlands,#6c9fb8,1987
Oklahoma,Class_95,285.79,Emergent Herbaceous Wetlands,#6c9fb8,1987
Arkansas,Class_95,107.97,Emergent Herbaceous Wetlands,#6c9fb8,1987
West Virginia,Class_41,50081.58,Deciduous Forest,#68ab5f,1987
Florida,Class_41,11.55,Deciduous Forest,#68ab5f,1987
Maryland,Class_41,6697.15,Deciduous Forest,#68ab5f,1987
North Carolina,Class_41,29632.95,Deciduous Forest,#68ab5f,1987
Delaware,Class_41,254.78,Deciduous Forest,#68ab5f,1987
Georgia,Class_41,21712.3,Deciduous Forest,#68ab5f,1987
South Carolina,Class_41,7809.45,Deciduous Forest,#68ab5f,1987
Virginia,Class_41,39633.98,Deciduous Forest,#68ab5f,1987
District of Columbia,Class_41,13.07,Deciduous Forest,#68ab5f,1987
Alabama,Class_41,29824.09,Deciduous Forest,#68ab5f,1987
Tennessee,Class_41,46553.3,Deciduous Forest,#68ab5f,1987
Kentucky,Class_41,50654.48,Deciduous Forest,#68ab5f,1987
Mississippi,Class_41,15698.12,Deciduous Forest,#68ab5f,1987
Louisiana,Class_41,631.13,Deciduous Forest,#68ab5f,1987
Texas,Class_41,8299.47,Deciduous Forest,#68ab5f,1987
Oklahoma,Class_41,28230.77,Deciduous Forest,#68ab5f,1987
Arkansas,Class_41,28718.48,Deciduous Forest,#68ab5f,1987
West Virginia,Class_52,9.57,Shrub/Scrub,#ccb879,1987
Florida,Class_52,5312.31,Shrub/Scrub,#ccb879,1987
Maryland,Class_52,88.57,Shrub/Scrub,#ccb879,1987
North Carolina,Class_52,1325.79,Shrub/Scrub,#ccb879,1987
Delaware,Class_52,11.56,Shrub/Scrub,#ccb879,1987
Georgia,Class_52,3267.46,Shrub/Scrub,#ccb879,1987
South Carolina,Class_52,1387.76,Shrub/Scrub,#ccb879,1987
Virginia,Class_52,807.39,Shrub/Scrub,#ccb879,1987
District of Columbia,Class_52,0.07,Shrub/Scrub,#ccb879,1987
Alabama,Class_52,4174.17,Shrub/Scrub,#ccb879,1987
Tennessee,Class_52,200.03,Shrub/Scrub,#ccb879,1987
Kentucky,Class_52,15.25,Shrub/Scrub,#ccb879,1987
Mississippi,Class_52,3893.06,Shrub/Scrub,#ccb879,1987
Louisiana,Class_52,2932.03,Shrub/Scrub,#ccb879,1987
Texas,Class_52,301702.19,Shrub/Scrub,#ccb879,1987
Oklahoma,Class_52,5457.5,Shrub/Scrub,#ccb879,1987
Arkansas,Class_52,1926.82,Shrub/Scrub,#ccb879,1987
West Virginia,Class_31,223.71,Barren Land,#b3ac9f,1987
Florida,Class_31,774.06,Barren Land,#b3ac9f,1987
Maryland,Class_31,96.17,Barren Land,#b3ac9f,1987
North Carolina,Class_31,320.7,Barren Land,#b3ac9f,1987
Delaware,Class_31,17.5,Barren Land,#b3ac9f,1987
Georgia,Class_31,272.69,Barren Land,#b3ac9f,1987
South Carolina,Class_31,159.64,Barren Land,#b3ac9f,1987
Virginia,Class_31,184.17,Barren Land,#b3ac9f,1987
District of Columbia,Class_31,0.0,Barren Land,#b3ac9f,1987
Alabama,Class_31,188.96,Barren Land,#b3ac9f,1987
Tennessee,Class_31,171.23,Barren Land,#b3ac9f,1987
Kentucky,Class_31,235.62,Barren Land,#b3ac9f,1987
Mississippi,Class_31,200.93,Barren Land,#b3ac9f,1987
Louisiana,Class_31,229.79,Barren Land,#b3ac9f,1987
Texas,Class_31,1849.76,Barren Land,#b3ac9f,1987
Oklahoma,Class_31,501.51,Barren Land,#b3ac9f,1987
Arkansas,Class_31,206.48,Barren Land,#b3ac9f,1987
West Virginia,Class_42,386.75,Evergreen Forest,#1c5f2c,1987
Florida,Class_42,30062.67,Evergreen Forest,#1c5f2c,1987
Maryland,Class_42,503.6,Evergreen Forest,#1c5f2c,1987
North Carolina,Class_42,20177.04,Evergreen Forest,#1c5f2c,1987
Delaware,Class_42,152.84,Evergreen Forest,#1c5f2c,1987
Georgia,Class_42,42951.98,Evergreen Forest,#1c5f2c,1987
South Carolina,Class_42,23542.65,Evergreen Forest,#1c5f2c,1987
Virginia,Class_42,8720.81,Evergreen Forest,#1c5f2c,1987
District of Columbia,Class_42,0.07,Evergreen Forest,#1c5f2c,1987
Alabama,Class_42,27786.04,Evergreen Forest,#1c5f2c,1987
Tennessee,Class_42,3460.77,Evergreen Forest,#1c5f2c,1987
Kentucky,Class_42,527.7,Evergreen Forest,#1c5f2c,1987
Mississippi,Class_42,20937.05,Evergreen Forest,#1c5f2c,1987
Louisiana,Class_42,26753.9,Evergreen Forest,#1c5f2c,1987
Texas,Class_42,38372.71,Evergreen Forest,#1c5f2c,1987
Oklahoma,Class_42,5666.54,Evergreen Forest,#1c5f2c,1987
Arkansas,Class_42,27831.23,Evergreen Forest,#1c5f2c,1987
West Virginia,Class_21,1559.34,"Developed, Open Space",#dec5c5,1987
Florida,Class_21,6302.35,"Developed, Open Space",#dec5c5,1987
Maryland,Class_21,1604.35,"Developed, Open Space",#dec5c5,1987
North Carolina,Class_21,5920.01,"Developed, Open Space",#dec5c5,1987
Delaware,Class_21,193.91,"Developed, Open Space",#dec5c5,1987
Georgia,Class_21,6447.77,"Developed, Open Space",#dec5c5,1987
South Carolina,Class_21,3147.41,"Developed, Open Space",#dec5c5,1987
Virginia,Class_21,4286.04,"Developed, Open Space",#dec5c5,1987
District of Columbia,Class_21,24.24,"Developed, Open Space",#dec5c5,1987
Alabama,Class_21,5690.06,"Developed, Open Space",#dec5c5,1987
Tennessee,Class_21,4807.44,"Developed, Open Space",#dec5c5,1987
Kentucky,Class_21,3222.36,"Developed, Open Space",#dec5c5,1987
Mississippi,Class_21,4388.27,"Developed, Open Space",#dec5c5,1987
Louisiana,Class_21,2798.48,"Developed, Open Space",#dec5c5,1987
Texas,Class_21,8933.89,"Developed, Open Space",#dec5c5,1987
Oklahoma,Class_21,4375.99,"Developed, Open Space",#dec5c5,1987
Arkansas,Class_21,2633.09,"Developed, Open Space",#dec5c5,1987
West Virginia,Class_43,3176.59,Mixed Forest,#b5c58f,1987
Florida,Class_43,122.85,Mixed Forest,#b5c58f,1987
Maryland,Class_43,1391.47,Mixed Forest,#b5c58f,1987
North Carolina,Class_43,10252.34,Mixed Forest,#b5c58f,1987
Delaware,Class_43,144.57,Mixed Forest,#b5c58f,1987
Georgia,Class_43,4695.21,Mixed Forest,#b5c58f,1987
South Carolina,Class_43,1713.29,Mixed Forest,#b5c58f,1987
Virginia,Class_43,14182.13,Mixed Forest,#b5c58f,1987
District of Columbia,Class_43,0.0,Mixed Forest,#b5c58f,1987
Alabama,Class_43,10387.22,Mixed Forest,#b5c58f,1987
Tennessee,Class_43,7072.19,Mixed Forest,#b5c58f,1987
Kentucky,Class_43,4176.63,Mixed Forest,#b5c58f,1987
Mississippi,Class_43,10356.8,Mixed Forest,#b5c58f,1987
Louisiana,Class_43,1219.52,Mixed Forest,#b5c58f,1987
Texas,Class_43,12852.44,Mixed Forest,#b5c58f,1987
Oklahoma,Class_43,2753.68,Mixed Forest,#b5c58f,1987
Arkansas,Class_43,5443.45,Mixed Forest,#b5c58f,1987
West Virginia,Class_11,398.25,Open Water,#466b9f,1987
Florida,Class_11,28581.8,Open Water,#466b9f,1987
Maryland,Class_11,6985.52,Open Water,#466b9f,1987
North Carolina,Class_11,13272.46,Open Water,#466b9f,1987
Delaware,Class_11,1387.66,Open Water,#466b9f,1987
Georgia,Class_11,3720.65,Open Water,#466b9f,1987
South Carolina,Class_11,4947.82,Open Water,#466b9f,1987
Virginia,Class_11,8376.44,Open Water,#466b9f,1987
District of Columbia,Class_11,17.51,Open Water,#466b9f,1987
Alabama,Class_11,4444.8,Open Water,#466b9f,1987
Tennessee,Class_11,2358.05,Open Water,#466b9f,1987
Kentucky,Class_11,1802.44,Open Water,#466b9f,1987
Mississippi,Class_11,4021.24,Open Water,#466b9f,1987
Louisiana,Class_11,22910.31,Open Water,#466b9f,1987
Texas,Class_11,15919.67,Open Water,#466b9f,1987
Oklahoma,Class_11,3095.31,Open Water,#466b9f,1987
Arkansas,Class_11,2787.8,Open Water,#466b9f,1987
West Virginia,Class_22,534.35,"Developed, Low Intensity",#d99282,1987
Florida,Class_22,6918.16,"Developed, Low Intensity",#d99282,1987
Maryland,Class_22,1343.08,"Developed, Low Intensity",#d99282,1987
North Carolina,Class_22,3443.67,"Developed, Low Intensity",#d99282,1987
Delaware,Class_22,266.34,"Developed, Low Intensity",#d99282,1987
Georgia,Class_22,3178.95,"Developed, Low Intensity",#d99282,1987
South Carolina,Class_22,2093.88,"Developed, Low Intensity",#d99282,1987
Virginia,Class_22,2166.22,"Developed, Low Intensity",#d99282,1987
District of Columbia,Class_22,33.46,"Developed, Low Intensity",#d99282,1987
Alabama,Class_22,2012.0,"Developed, Low Intensity",#d99282,1987
Tennessee,Class_22,2023.97,"Developed, Low Intensity",#d99282,1987
Kentucky,Class_22,1341.53,"Developed, Low Intensity",#d99282,1987
Mississippi,Class_22,1266.86,"Developed, Low Intensity",#d99282,1987
Louisiana,Class_22,1971.64,"Developed, Low Intensity",#d99282,1987
Texas,Class_22,9724.83,"Developed, Low Intensity",#d99282,1987
Oklahoma,Class_22,2208.59,"Developed, Low Intensity",#d99282,1987
Arkansas,Class_22,1518.81,"Developed, Low Intensity",#d99282,1987
West Virginia,Class_23,269.66,"Developed, Medium Intensity",#eb0000,1987
Florida,Class_23,2582.43,"Developed, Medium Intensity",#eb0000,1987
Maryland,Class_23,562.65,"Developed, Medium Intensity",#eb0000,1987
North Carolina,Class_23,712.17,"Developed, Medium Intensity",#eb0000,1987
Delaware,Class_23,126.53,"Developed, Medium Intensity",#eb0000,1987
Georgia,Class_23,711.53,"Developed, Medium Intensity",#eb0000,1987
South Carolina,Class_23,402.2,"Developed, Medium Intensity",#eb0000,1987
Virginia,Class_23,751.77,"Developed, Medium Intensity",#eb0000,1987
District of Columbia,Class_23,68.39,"Developed, Medium Intensity",#eb0000,1987
Alabama,Class_23,507.89,"Developed, Medium Intensity",#eb0000,1987
Tennessee,Class_23,608.41,"Developed, Medium Intensity",#eb0000,1987
Kentucky,Class_23,497.32,"Developed, Medium Intensity",#eb0000,1987
Mississippi,Class_23,279.59,"Developed, Medium Intensity",#eb0000,1987
Louisiana,Class_23,744.93,"Developed, Medium Intensity",#eb0000,1987
Texas,Class_23,4185.89,"Developed, Medium Intensity",#eb0000,1987
Oklahoma,Class_23,789.45,"Developed, Medium Intensity",#eb0000,1987
Arkansas,Class_23,323.16,"Developed, Medium Intensity",#eb0000,1987
West Virginia,Class_24,46.27,"Developed, High Intensity",#ab0000,1987
Florida,Class_24,409.47,"Developed, High Intensity",#ab0000,1987
Maryland,Class_24,169.6,"Developed, High Intensity",#ab0000,1987
North Carolina,Class_24,226.17,"Developed, High Intensity",#ab0000,1987
Delaware,Class_24,38.04,"Developed, High Intensity",#ab0000,1987
Georgia,Class_24,280.95,"Developed, High Intensity",#ab0000,1987
South Carolina,Class_24,138.07,"Developed, High Intensity",#ab0000,1987
Virginia,Class_24,217.4,"Developed, High Intensity",#ab0000,1987
District of Columbia,Class_24,18.17,"Developed, High Intensity",#ab0000,1987
Alabama,Class_24,139.49,"Developed, High Intensity",#ab0000,1987
Tennessee,Class_24,207.69,"Developed, High Intensity",#ab0000,1987
Kentucky,Class_24,141.45,"Developed, High Intensity",#ab0000,1987
Mississippi,Class_24,63.14,"Developed, High Intensity",#ab0000,1987
Louisiana,Class_24,186.57,"Developed, High Intensity",#ab0000,1987
Texas,Class_24,871.12,"Developed, High Intensity",#ab0000,1987
Oklahoma,Class_24,177.78,"Developed, High Intensity",#ab0000,1987
Arkansas,Class_24,94.96,"Developed, High Intensity",#ab0000,1987
West Virginia,Class_90,69.9,Woody Wetlands,#b8d9eb,1987
Florida,Class_90,39492.17,Woody Wetlands,#b8d9eb,1987
Maryland,Class_90,2841.35,Woody Wetlands,#b8d9eb,1987
North Carolina,Class_90,19430.66,Woody Wetlands,#b8d9eb,1987
Delaware,Class_90,1002.51,Woody Wetlands,#b8d9eb,1987
Georgia,Class_90,26016.17,Woody Wetlands,#b8d9eb,1987
South Carolina,Class_90,17639.09,Woody Wetlands,#b8d9eb,1987
Virginia,Class_90,5333.28,Woody Wetlands,#b8d9eb,1987
District of Columbia,Class_90,1.8,Woody Wetlands,#b8d9eb,1987
Alabama,Class_90,17293.72,Woody Wetlands,#b8d9eb,1987
Tennessee,Class_90,3420.91,Woody Wetlands,#b8d9eb,1987
Kentucky,Class_90,1331.51,Woody Wetlands,#b8d9eb,1987
Mississippi,Class_90,22564.24,Woody Wetlands,#b8d9eb,1987
Louisiana,Class_90,28232.87,Woody Wetlands,#b8d9eb,1987
Texas,Class_90,19565.36,Woody Wetlands,#b8d9eb,1987
Oklahoma,Class_90,1390.81,Woody Wetlands,#b8d9eb,1987
Arkansas,Class_90,14188.29,Woody Wetlands,#b8d9eb,1987
West Virginia,Class_81,5576.82,Pasture/Hay,#dcd939,1988
Florida,Class_81,20652.08,Pasture/Hay,#dcd939,1988
Maryland,Class_81,2822.57,Pasture/Hay,#dcd939,1988
North Carolina,Class_81,11819.99,Pasture/Hay,#dcd939,1988
Delaware,Class_81,42.6,Pasture/Hay,#dcd939,1988
Georgia,Class_81,11572.37,Pasture/Hay,#dcd939,1988
South Carolina,Class_81,5815.11,Pasture/Hay,#dcd939,1988
Virginia,Class_81,17866.46,Pasture/Hay,#dcd939,1988
District of Columbia,Class_81,0.07,Pasture/Hay,#dcd939,1988
Alabama,Class_81,23005.33,Pasture/Hay,#dcd939,1988
Tennessee,Class_81,25394.22,Pasture/Hay,#dcd939,1988
Kentucky,Class_81,29189.77,Pasture/Hay,#dcd939,1988
Mississippi,Class_81,21513.24,Pasture/Hay,#dcd939,1988
Louisiana,Class_81,10271.85,Pasture/Hay,#dcd939,1988
Texas,Class_81,79600.73,Pasture/Hay,#dcd939,1988
Oklahoma,Class_81,22022.45,Pasture/Hay,#dcd939,1988
Arkansas,Class_81,20378.45,Pasture/Hay,#dcd939,1988
West Virginia,Class_71,105.79,Grassland/Herbaceous,#dfdfc2,1988
Florida,Class_71,2871.02,Grassland/Herbaceous,#dfdfc2,1988
Maryland,Class_71,13.87,Grassland/Herbaceous,#dfdfc2,1988
North Carolina,Class_71,1191.84,Grassland/Herbaceous,#dfdfc2,1988
Delaware,Class_71,5.54,Grassland/Herbaceous,#dfdfc2,1988
Georgia,Class_71,3705.45,Grassland/Herbaceous,#dfdfc2,1988
South Carolina,Class_71,1838.35,Grassland/Herbaceous,#dfdfc2,1988
Virginia,Class_71,1184.43,Grassland/Herbaceous,#dfdfc2,1988
District of Columbia,Class_71,0.0,Grassland/Herbaceous,#dfdfc2,1988
Alabama,Class_71,1939.14,Grassland/Herbaceous,#dfdfc2,1988
Tennessee,Class_71,312.21,Grassland/Herbaceous,#dfdfc2,1988
Kentucky,Class_71,235.11,Grassland/Herbaceous,#dfdfc2,1988
Mississippi,Class_71,943.78,Grassland/Herbaceous,#dfdfc2,1988
Louisiana,Class_71,1386.56,Grassland/Herbaceous,#dfdfc2,1988
Texas,Class_71,82921.41,Grassland/Herbaceous,#dfdfc2,1988
Oklahoma,Class_71,65701.1,Grassland/Herbaceous,#dfdfc2,1988
Arkansas,Class_71,989.68,Grassland/Herbaceous,#dfdfc2,1988
West Virginia,Class_82,291.03,Cultivated Crops,#ab6c28,1988
Florida,Class_82,10626.52,Cultivated Crops,#ab6c28,1988
Maryland,Class_82,6199.52,Cultivated Crops,#ab6c28,1988
North Carolina,Class_82,20594.34,Cultivated Crops,#ab6c28,1988
Delaware,Class_82,2462.95,Cultivated Crops,#ab6c28,1988
Georgia,Class_82,23445.26,Cultivated Crops,#ab6c28,1988
South Carolina,Class_82,10249.04,Cultivated Crops,#ab6c28,1988
Virginia,Class_82,6308.36,Cultivated Crops,#ab6c28,1988
District of Columbia,Class_82,0.0,Cultivated Crops,#ab6c28,1988
Alabama,Class_82,8147.08,Cultivated Crops,#ab6c28,1988
Tennessee,Class_82,12395.9,Cultivated Crops,#ab6c28,1988
Kentucky,Class_82,11116.08,Cultivated Crops,#ab6c28,1988
Mississippi,Class_82,18804.4,Cultivated Crops,#ab6c28,1988
Louisiana,Class_82,21306.74,Cultivated Crops,#ab6c28,1988
Texas,Class_82,102046.19,Cultivated Crops,#ab6c28,1988
Oklahoma,Class_82,38142.12,Cultivated Crops,#ab6c28,1988
Arkansas,Class_82,30482.4,Cultivated Crops,#ab6c28,1988
West Virginia,Class_95,32.95,Emergent Herbaceous Wetlands,#6c9fb8,1988
Florida,Class_95,15187.2,Emergent Herbaceous Wetlands,#6c9fb8,1988
Maryland,Class_95,786.7,Emergent Herbaceous Wetlands,#6c9fb8,1988
North Carolina,Class_95,996.47,Emergent Herbaceous Wetlands,#6c9fb8,1988
Delaware,Class_95,327.58,Emergent Herbaceous Wetlands,#6c9fb8,1988
Georgia,Class_95,1723.14,Emergent Herbaceous Wetlands,#6c9fb8,1988
South Carolina,Class_95,1948.53,Emergent Herbaceous Wetlands,#6c9fb8,1988
Virginia,Class_95,799.49,Emergent Herbaceous Wetlands,#6c9fb8,1988
District of Columbia,Class_95,0.14,Emergent Herbaceous Wetlands,#6c9fb8,1988
Alabama,Class_95,191.67,Emergent Herbaceous Wetlands,#6c9fb8,1988
Tennessee,Class_95,149.0,Emergent Herbaceous Wetlands,#6c9fb8,1988
Kentucky,Class_95,142.89,Emergent Herbaceous Wetlands,#6c9fb8,1988
Mississippi,Class_95,516.6,Emergent Herbaceous Wetlands,#6c9fb8,1988
Louisiana,Class_95,12740.52,Emergent Herbaceous Wetlands,#6c9fb8,1988
Texas,Class_95,7479.13,Emergent Herbaceous Wetlands,#6c9fb8,1988
Oklahoma,Class_95,312.69,Emergent Herbaceous Wetlands,#6c9fb8,1988
Arkansas,Class_95,108.37,Emergent Herbaceous Wetlands,#6c9fb8,1988
West Virginia,Class_41,50052.57,Deciduous Forest,#68ab5f,1988
Florida,Class_41,11.78,Deciduous Forest,#68ab5f,1988
Maryland,Class_41,6668.9,Deciduous Forest,#68ab5f,1988
North Carolina,Class_41,29479.1,Deciduous Forest,#68ab5f,1988
Delaware,Class_41,250.13,Deciduous Forest,#68ab5f,1988
Georgia,Class_41,21833.41,Deciduous Forest,#68ab5f,1988
South Carolina,Class_41,7772.09,Deciduous Forest,#68ab5f,1988
Virginia,Class_41,39416.81,Deciduous Forest,#68ab5f,1988
District of Columbia,Class_41,13.07,Deciduous Forest,#68ab5f,1988
Alabama,Class_41,29609.95,Deciduous Forest,#68ab5f,1988
Tennessee,Class_41,46476.88,Deciduous Forest,#68ab5f,1988
Kentucky,Class_41,50597.61,Deciduous Forest,#68ab5f,1988
Mississippi,Class_41,15710.49,Deciduous Forest,#68ab5f,1988
Louisiana,Class_41,623.86,Deciduous Forest,#68ab5f,1988
Texas,Class_41,8324.34,Deciduous Forest,#68ab5f,1988
Oklahoma,Class_41,28292.37,Deciduous Forest,#68ab5f,1988
Arkansas,Class_41,28707.21,Deciduous Forest,#68ab5f,1988
West Virginia,Class_52,11.04,Shrub/Scrub,#ccb879,1988
Florida,Class_52,5398.02,Shrub/Scrub,#ccb879,1988
Maryland,Class_52,87.75,Shrub/Scrub,#ccb879,1988
North Carolina,Class_52,1444.9,Shrub/Scrub,#ccb879,1988
Delaware,Class_52,13.29,Shrub/Scrub,#ccb879,1988
Georgia,Class_52,3600.73,Shrub/Scrub,#ccb879,1988
South Carolina,Class_52,1445.54,Shrub/Scrub,#ccb879,1988
Virginia,Class_52,868.52,Shrub/Scrub,#ccb879,1988
District of Columbia,Class_52,0.07,Shrub/Scrub,#ccb879,1988
Alabama,Class_52,4491.98,Shrub/Scrub,#ccb879,1988
Tennessee,Class_52,233.0,Shrub/Scrub,#ccb879,1988
Kentucky,Class_52,16.01,Shrub/Scrub,#ccb879,1988
Mississippi,Class_52,3975.39,Shrub/Scrub,#ccb879,1988
Louisiana,Class_52,3047.62,Shrub/Scrub,#ccb879,1988
Texas,Class_52,302723.63,Shrub/Scrub,#ccb879,1988
Oklahoma,Class_52,5582.98,Shrub/Scrub,#ccb879,1988
Arkansas,Class_52,1784.77,Shrub/Scrub,#ccb879,1988
West Virginia,Class_31,232.63,Barren Land,#b3ac9f,1988
Florida,Class_31,790.82,Barren Land,#b3ac9f,1988
Maryland,Class_31,98.51,Barren Land,#b3ac9f,1988
North Carolina,Class_31,323.71,Barren Land,#b3ac9f,1988
Delaware,Class_31,17.23,Barren Land,#b3ac9f,1988
Georgia,Class_31,293.57,Barren Land,#b3ac9f,1988
South Carolina,Class_31,170.51,Barren Land,#b3ac9f,1988
Virginia,Class_31,188.69,Barren Land,#b3ac9f,1988
District of Columbia,Class_31,0.0,Barren Land,#b3ac9f,1988
Alabama,Class_31,191.02,Barren Land,#b3ac9f,1988
Tennessee,Class_31,191.74,Barren Land,#b3ac9f,1988
Kentucky,Class_31,247.25,Barren Land,#b3ac9f,1988
Mississippi,Class_31,240.35,Barren Land,#b3ac9f,1988
Louisiana,Class_31,249.83,Barren Land,#b3ac9f,1988
Texas,Class_31,1852.48,Barren Land,#b3ac9f,1988
Oklahoma,Class_31,551.54,Barren Land,#b3ac9f,1988
Arkansas,Class_31,233.39,Barren Land,#b3ac9f,1988
West Virginia,Class_42,385.56,Evergreen Forest,#1c5f2c,1988
Florida,Class_42,29768.24,Evergreen Forest,#1c5f2c,1988
Maryland,Class_42,501.18,Evergreen Forest,#1c5f2c,1988
North Carolina,Class_42,20031.38,Evergreen Forest,#1c5f2c,1988
Delaware,Class_42,152.64,Evergreen Forest,#1c5f2c,1988
Georgia,Class_42,42276.54,Evergreen Forest,#1c5f2c,1988
South Carolina,Class_42,23456.93,Evergreen Forest,#1c5f2c,1988
Virginia,Class_42,8708.25,Evergreen Forest,#1c5f2c,1988
District of Columbia,Class_42,0.07,Evergreen Forest,#1c5f2c,1988
Alabama,Class_42,27508.52,Evergreen Forest,#1c5f2c,1988
Tennessee,Class_42,3431.12,Evergreen Forest,#1c5f2c,1988
Kentucky,Class_42,522.01,Evergreen Forest,#1c5f2c,1988
Mississippi,Class_42,20628.23,Evergreen Forest,#1c5f2c,1988
Louisiana,Class_42,26431.37,Evergreen Forest,#1c5f2c,1988
Texas,Class_42,38239.74,Evergreen Forest,#1c5f2c,1988
Oklahoma,Class_42,5733.38,Evergreen Forest,#1c5f2c,1988
Arkansas,Class_42,28029.27,Evergreen Forest,#1c5f2c,1988
West Virginia,Class_21,1573.43,"Developed, Open Space",#dec5c5,1988
Florida,Class_21,6621.3,"Developed, Open Space",#dec5c5,1988
Maryland,Class_21,1661.85,"Developed, Open Space",#dec5c5,1988
North Carolina,Class_21,6091.51,"Developed, Open Space",#dec5c5,1988
Delaware,Class_21,206.97,"Developed, Open Space",#dec5c5,1988
Georgia,Class_21,6703.38,"Developed, Open Space",#dec5c5,1988
South Carolina,Class_21,3265.27,"Developed, Open Space",#dec5c5,1988
Virginia,Class_21,4399.11,"Developed, Open Space",#dec5c5,1988
District of Columbia,Class_21,24.24,"Developed, Open Space",#dec5c5,1988
Alabama,Class_21,5796.31,"Developed, Open Space",#dec5c5,1988
Tennessee,Class_21,4914.91,"Developed, Open Space",#dec5c5,1988
Kentucky,Class_21,3303.49,"Developed, Open Space",#dec5c5,1988
Mississippi,Class_21,4470.31,"Developed, Open Space",#dec5c5,1988
Louisiana,Class_21,2874.59,"Developed, Open Space",#dec5c5,1988
Texas,Class_21,9145.9,"Developed, Open Space",#dec5c5,1988
Oklahoma,Class_21,4412.87,"Developed, Open Space",#dec5c5,1988
Arkansas,Class_21,2677.92,"Developed, Open Space",#dec5c5,1988
West Virginia,Class_43,3179.21,Mixed Forest,#b5c58f,1988
Florida,Class_43,122.02,Mixed Forest,#b5c58f,1988
Maryland,Class_43,1394.01,Mixed Forest,#b5c58f,1988
North Carolina,Class_43,10313.82,Mixed Forest,#b5c58f,1988
Delaware,Class_43,144.5,Mixed Forest,#b5c58f,1988
Georgia,Class_43,4849.13,Mixed Forest,#b5c58f,1988
South Carolina,Class_43,1772.4,Mixed Forest,#b5c58f,1988
Virginia,Class_43,14205.17,Mixed Forest,#b5c58f,1988
District of Columbia,Class_43,0.0,Mixed Forest,#b5c58f,1988
Alabama,Class_43,10476.43,Mixed Forest,#b5c58f,1988
Tennessee,Class_43,7094.33,Mixed Forest,#b5c58f,1988
Kentucky,Class_43,4195.01,Mixed Forest,#b5c58f,1988
Mississippi,Class_43,10462.81,Mixed Forest,#b5c58f,1988
Louisiana,Class_43,1225.13,Mixed Forest,#b5c58f,1988
Texas,Class_43,12919.02,Mixed Forest,#b5c58f,1988
Oklahoma,Class_43,2769.09,Mixed Forest,#b5c58f,1988
Arkansas,Class_43,5476.77,Mixed Forest,#b5c58f,1988
West Virginia,Class_11,395.26,Open Water,#466b9f,1988
Florida,Class_11,28617.75,Open Water,#466b9f,1988
Maryland,Class_11,6982.1,Open Water,#466b9f,1988
North Carolina,Class_11,13272.64,Open Water,#466b9f,1988
Delaware,Class_11,1388.49,Open Water,#466b9f,1988
Georgia,Class_11,3681.61,Open Water,#466b9f,1988
South Carolina,Class_11,4905.95,Open Water,#466b9f,1988
Virginia,Class_11,8375.36,Open Water,#466b9f,1988
District of Columbia,Class_11,17.58,Open Water,#466b9f,1988
Alabama,Class_11,4452.57,Open Water,#466b9f,1988
Tennessee,Class_11,2295.07,Open Water,#466b9f,1988
Kentucky,Class_11,1777.69,Open Water,#466b9f,1988
Mississippi,Class_11,3942.91,Open Water,#466b9f,1988
Louisiana,Class_11,22885.19,Open Water,#466b9f,1988
Texas,Class_11,15859.78,Open Water,#466b9f,1988
Oklahoma,Class_11,2952.51,Open Water,#466b9f,1988
Arkansas,Class_11,2731.05,Open Water,#466b9f,1988
West Virginia,Class_22,533.62,"Developed, Low Intensity",#d99282,1988
Florida,Class_22,6926.33,"Developed, Low Intensity",#d99282,1988
Maryland,Class_22,1341.43,"Developed, Low Intensity",#d99282,1988
North Carolina,Class_22,3449.13,"Developed, Low Intensity",#d99282,1988
Delaware,Class_22,266.84,"Developed, Low Intensity",#d99282,1988
Georgia,Class_22,3181.52,"Developed, Low Intensity",#d99282,1988
South Carolina,Class_22,2091.43,"Developed, Low Intensity",#d99282,1988
Virginia,Class_22,2165.79,"Developed, Low Intensity",#d99282,1988
District of Columbia,Class_22,33.53,"Developed, Low Intensity",#d99282,1988
Alabama,Class_22,2013.71,"Developed, Low Intensity",#d99282,1988
Tennessee,Class_22,2025.15,"Developed, Low Intensity",#d99282,1988
Kentucky,Class_22,1341.85,"Developed, Low Intensity",#d99282,1988
Mississippi,Class_22,1267.71,"Developed, Low Intensity",#d99282,1988
Louisiana,Class_22,1976.0,"Developed, Low Intensity",#d99282,1988
Texas,Class_22,9749.29,"Developed, Low Intensity",#d99282,1988
Oklahoma,Class_22,2207.51,"Developed, Low Intensity",#d99282,1988
Arkansas,Class_22,1521.7,"Developed, Low Intensity",#d99282,1988
West Virginia,Class_23,269.2,"Developed, Medium Intensity",#eb0000,1988
Florida,Class_23,2579.9,"Developed, Medium Intensity",#eb0000,1988
Maryland,Class_23,562.2,"Developed, Medium Intensity",#eb0000,1988
North Carolina,Class_23,711.21,"Developed, Medium Intensity",#eb0000,1988
Delaware,Class_23,125.84,"Developed, Medium Intensity",#eb0000,1988
Georgia,Class_23,711.0,"Developed, Medium Intensity",#eb0000,1988
South Carolina,Class_23,401.61,"Developed, Medium Intensity",#eb0000,1988
Virginia,Class_23,751.29,"Developed, Medium Intensity",#eb0000,1988
District of Columbia,Class_23,68.25,"Developed, Medium Intensity",#eb0000,1988
Alabama,Class_23,506.86,"Developed, Medium Intensity",#eb0000,1988
Tennessee,Class_23,607.82,"Developed, Medium Intensity",#eb0000,1988
Kentucky,Class_23,497.35,"Developed, Medium Intensity",#eb0000,1988
Mississippi,Class_23,278.01,"Developed, Medium Intensity",#eb0000,1988
Louisiana,Class_23,744.76,"Developed, Medium Intensity",#eb0000,1988
Texas,Class_23,4186.49,"Developed, Medium Intensity",#eb0000,1988
Oklahoma,Class_23,789.73,"Developed, Medium Intensity",#eb0000,1988
Arkansas,Class_23,323.15,"Developed, Medium Intensity",#eb0000,1988
West Virginia,Class_24,46.2,"Developed, High Intensity",#ab0000,1988
Florida,Class_24,409.56,"Developed, High Intensity",#ab0000,1988
Maryland,Class_24,169.74,"Developed, High Intensity",#ab0000,1988
North Carolina,Class_24,226.46,"Developed, High Intensity",#ab0000,1988
Delaware,Class_24,37.9,"Developed, High Intensity",#ab0000,1988
Georgia,Class_24,281.32,"Developed, High Intensity",#ab0000,1988
South Carolina,Class_24,138.14,"Developed, High Intensity",#ab0000,1988
Virginia,Class_24,217.76,"Developed, High Intensity",#ab0000,1988
District of Columbia,Class_24,18.17,"Developed, High Intensity",#ab0000,1988
Alabama,Class_24,139.26,"Developed, High Intensity",#ab0000,1988
Tennessee,Class_24,207.4,"Developed, High Intensity",#ab0000,1988
Kentucky,Class_24,141.5,"Developed, High Intensity",#ab0000,1988
Mississippi,Class_24,63.21,"Developed, High Intensity",#ab0000,1988
Louisiana,Class_24,186.48,"Developed, High Intensity",#ab0000,1988
Texas,Class_24,871.88,"Developed, High Intensity",#ab0000,1988
Oklahoma,Class_24,177.56,"Developed, High Intensity",#ab0000,1988
Arkansas,Class_24,95.03,"Developed, High Intensity",#ab0000,1988
West Virginia,Class_90,69.62,Woody Wetlands,#b8d9eb,1988
Florida,Class_90,39497.84,Woody Wetlands,#b8d9eb,1988
Maryland,Class_90,2838.89,Woody Wetlands,#b8d9eb,1988
North Carolina,Class_90,19437.37,Woody Wetlands,#b8d9eb,1988
Delaware,Class_90,1003.2,Woody Wetlands,#b8d9eb,1988
Georgia,Class_90,26045.74,Woody Wetlands,#b8d9eb,1988
South Carolina,Class_90,17638.39,Woody Wetlands,#b8d9eb,1988
Virginia,Class_90,5328.78,Woody Wetlands,#b8d9eb,1988
District of Columbia,Class_90,1.8,Woody Wetlands,#b8d9eb,1988
Alabama,Class_90,17295.93,Woody Wetlands,#b8d9eb,1988
Tennessee,Class_90,3423.16,Woody Wetlands,#b8d9eb,1988
Kentucky,Class_90,1330.69,Woody Wetlands,#b8d9eb,1988
Mississippi,Class_90,22620.57,Woody Wetlands,#b8d9eb,1988
Louisiana,Class_90,28302.52,Woody Wetlands,#b8d9eb,1988
Texas,Class_90,19601.11,Woody Wetlands,#b8d9eb,1988
Oklahoma,Class_90,1389.07,Woody Wetlands,#b8d9eb,1988
Arkansas,Class_90,14191.88,Woody Wetlands,#b8d9eb,1988
West Virginia,Class_81,5567.32,Pasture/Hay,#dcd939,1989
Florida,Class_81,20367.95,Pasture/Hay,#dcd939,1989
Maryland,Class_81,2844.6,Pasture/Hay,#dcd939,1989
North Carolina,Class_81,11902.13,Pasture/Hay,#dcd939,1989
Delaware,Class_81,42.9,Pasture/Hay,#dcd939,1989
Georgia,Class_81,11631.75,Pasture/Hay,#dcd939,1989
South Carolina,Class_81,5848.0,Pasture/Hay,#dcd939,1989
Virginia,Class_81,17899.06,Pasture/Hay,#dcd939,1989
District of Columbia,Class_81,0.07,Pasture/Hay,#dcd939,1989
Alabama,Class_81,23098.89,Pasture/Hay,#dcd939,1989
Tennessee,Class_81,25733.39,Pasture/Hay,#dcd939,1989
Kentucky,Class_81,29479.0,Pasture/Hay,#dcd939,1989
Mississippi,Class_81,21520.28,Pasture/Hay,#dcd939,1989
Louisiana,Class_81,10329.11,Pasture/Hay,#dcd939,1989
Texas,Class_81,79528.33,Pasture/Hay,#dcd939,1989
Oklahoma,Class_81,22063.72,Pasture/Hay,#dcd939,1989
Arkansas,Class_81,20451.43,Pasture/Hay,#dcd939,1989
West Virginia,Class_71,105.63,Grassland/Herbaceous,#dfdfc2,1989
Florida,Class_71,2898.63,Grassland/Herbaceous,#dfdfc2,1989
Maryland,Class_71,11.97,Grassland/Herbaceous,#dfdfc2,1989
North Carolina,Class_71,1156.81,Grassland/Herbaceous,#dfdfc2,1989
Delaware,Class_71,5.19,Grassland/Herbaceous,#dfdfc2,1989
Georgia,Class_71,3716.4,Grassland/Herbaceous,#dfdfc2,1989
South Carolina,Class_71,1810.67,Grassland/Herbaceous,#dfdfc2,1989
Virginia,Class_71,1226.66,Grassland/Herbaceous,#dfdfc2,1989
District of Columbia,Class_71,0.0,Grassland/Herbaceous,#dfdfc2,1989
Alabama,Class_71,2136.95,Grassland/Herbaceous,#dfdfc2,1989
Tennessee,Class_71,298.96,Grassland/Herbaceous,#dfdfc2,1989
Kentucky,Class_71,210.99,Grassland/Herbaceous,#dfdfc2,1989
Mississippi,Class_71,1121.55,Grassland/Herbaceous,#dfdfc2,1989
Louisiana,Class_71,1602.78,Grassland/Herbaceous,#dfdfc2,1989
Texas,Class_71,83186.71,Grassland/Herbaceous,#dfdfc2,1989
Oklahoma,Class_71,66219.33,Grassland/Herbaceous,#dfdfc2,1989
Arkansas,Class_71,844.65,Grassland/Herbaceous,#dfdfc2,1989
West Virginia,Class_82,286.33,Cultivated Crops,#ab6c28,1989
Florida,Class_82,10792.44,Cultivated Crops,#ab6c28,1989
Maryland,Class_82,6153.17,Cultivated Crops,#ab6c28,1989
North Carolina,Class_82,20451.34,Cultivated Crops,#ab6c28,1989
Delaware,Class_82,2452.57,Cultivated Crops,#ab6c28,1989
Georgia,Class_82,23156.17,Cultivated Crops,#ab6c28,1989
South Carolina,Class_82,10118.46,Cultivated Crops,#ab6c28,1989
Virginia,Class_82,6259.43,Cultivated Crops,#ab6c28,1989
District of Columbia,Class_82,0.0,Cultivated Crops,#ab6c28,1989
Alabama,Class_82,7837.04,Cultivated Crops,#ab6c28,1989
Tennessee,Class_82,12012.09,Cultivated Crops,#ab6c28,1989
Kentucky,Class_82,10842.81,Cultivated Crops,#ab6c28,1989
Mississippi,Class_82,18519.46,Cultivated Crops,#ab6c28,1989
Louisiana,Class_82,21112.23,Cultivated Crops,#ab6c28,1989
Texas,Class_82,99784.97,Cultivated Crops,#ab6c28,1989
Oklahoma,Class_82,37313.44,Cultivated Crops,#ab6c28,1989
Arkansas,Class_82,30366.23,Cultivated Crops,#ab6c28,1989
West Virginia,Class_95,32.53,Emergent Herbaceous Wetlands,#6c9fb8,1989
Florida,Class_95,15174.32,Emergent Herbaceous Wetlands,#6c9fb8,1989
Maryland,Class_95,788.53,Emergent Herbaceous Wetlands,#6c9fb8,1989
North Carolina,Class_95,997.15,Emergent Herbaceous Wetlands,#6c9fb8,1989
Delaware,Class_95,327.93,Emergent Herbaceous Wetlands,#6c9fb8,1989
Georgia,Class_95,1727.99,Emergent Herbaceous Wetlands,#6c9fb8,1989
South Carolina,Class_95,1966.59,Emergent Herbaceous Wetlands,#6c9fb8,1989
Virginia,Class_95,804.79,Emergent Herbaceous Wetlands,#6c9fb8,1989
District of Columbia,Class_95,0.07,Emergent Herbaceous Wetlands,#6c9fb8,1989
Alabama,Class_95,186.88,Emergent Herbaceous Wetlands,#6c9fb8,1989
Tennessee,Class_95,141.63,Emergent Herbaceous Wetlands,#6c9fb8,1989
Kentucky,Class_95,135.92,Emergent Herbaceous Wetlands,#6c9fb8,1989
Mississippi,Class_95,493.67,Emergent Herbaceous Wetlands,#6c9fb8,1989
Louisiana,Class_95,12647.98,Emergent Herbaceous Wetlands,#6c9fb8,1989
Texas,Class_95,7343.17,Emergent Herbaceous Wetlands,#6c9fb8,1989
Oklahoma,Class_95,289.07,Emergent Herbaceous Wetlands,#6c9fb8,1989
Arkansas,Class_95,98.19,Emergent Herbaceous Wetlands,#6c9fb8,1989
West Virginia,Class_41,50036.42,Deciduous Forest,#68ab5f,1989
Florida,Class_41,11.7,Deciduous Forest,#68ab5f,1989
Maryland,Class_41,6642.39,Deciduous Forest,#68ab5f,1989
North Carolina,Class_41,29365.73,Deciduous Forest,#68ab5f,1989
Delaware,Class_41,242.11,Deciduous Forest,#68ab5f,1989
Georgia,Class_41,21876.07,Deciduous Forest,#68ab5f,1989
South Carolina,Class_41,7739.78,Deciduous Forest,#68ab5f,1989
Virginia,Class_41,39191.88,Deciduous Forest,#68ab5f,1989
District of Columbia,Class_41,12.94,Deciduous Forest,#68ab5f,1989
Alabama,Class_41,29265.17,Deciduous Forest,#68ab5f,1989
Tennessee,Class_41,46378.93,Deciduous Forest,#68ab5f,1989
Kentucky,Class_41,50520.84,Deciduous Forest,#68ab5f,1989
Mississippi,Class_41,15541.44,Deciduous Forest,#68ab5f,1989
Louisiana,Class_41,608.61,Deciduous Forest,#68ab5f,1989
Texas,Class_41,8313.64,Deciduous Forest,#68ab5f,1989
Oklahoma,Class_41,28293.94,Deciduous Forest,#68ab5f,1989
Arkansas,Class_41,28676.73,Deciduous Forest,#68ab5f,1989
West Virginia,Class_52,11.79,Shrub/Scrub,#ccb879,1989
Florida,Class_52,5449.67,Shrub/Scrub,#ccb879,1989
Maryland,Class_52,83.75,Shrub/Scrub,#ccb879,1989
North Carolina,Class_52,1536.11,Shrub/Scrub,#ccb879,1989
Delaware,Class_52,13.48,Shrub/Scrub,#ccb879,1989
Georgia,Class_52,3847.96,Shrub/Scrub,#ccb879,1989
South Carolina,Class_52,1520.75,Shrub/Scrub,#ccb879,1989
Virginia,Class_52,956.16,Shrub/Scrub,#ccb879,1989
District of Columbia,Class_52,0.07,Shrub/Scrub,#ccb879,1989
Alabama,Class_52,4705.62,Shrub/Scrub,#ccb879,1989
Tennessee,Class_52,264.43,Shrub/Scrub,#ccb879,1989
Kentucky,Class_52,17.17,Shrub/Scrub,#ccb879,1989
Mississippi,Class_52,4111.47,Shrub/Scrub,#ccb879,1989
Louisiana,Class_52,3083.38,Shrub/Scrub,#ccb879,1989
Texas,Class_52,304440.39,Shrub/Scrub,#ccb879,1989
Oklahoma,Class_52,5654.14,Shrub/Scrub,#ccb879,1989
Arkansas,Class_52,1754.06,Shrub/Scrub,#ccb879,1989
West Virginia,Class_31,240.19,Barren Land,#b3ac9f,1989
Florida,Class_31,808.43,Barren Land,#b3ac9f,1989
Maryland,Class_31,100.81,Barren Land,#b3ac9f,1989
North Carolina,Class_31,321.24,Barren Land,#b3ac9f,1989
Delaware,Class_31,17.09,Barren Land,#b3ac9f,1989
Georgia,Class_31,284.48,Barren Land,#b3ac9f,1989
South Carolina,Class_31,166.84,Barren Land,#b3ac9f,1989
Virginia,Class_31,190.8,Barren Land,#b3ac9f,1989
District of Columbia,Class_31,0.0,Barren Land,#b3ac9f,1989
Alabama,Class_31,191.63,Barren Land,#b3ac9f,1989
Tennessee,Class_31,166.46,Barren Land,#b3ac9f,1989
Kentucky,Class_31,229.6,Barren Land,#b3ac9f,1989
Mississippi,Class_31,182.31,Barren Land,#b3ac9f,1989
Louisiana,Class_31,211.05,Barren Land,#b3ac9f,1989
Texas,Class_31,1858.8,Barren Land,#b3ac9f,1989
Oklahoma,Class_31,514.53,Barren Land,#b3ac9f,1989
Arkansas,Class_31,195.92,Barren Land,#b3ac9f,1989
West Virginia,Class_42,377.41,Evergreen Forest,#1c5f2c,1989
Florida,Class_42,29451.6,Evergreen Forest,#1c5f2c,1989
Maryland,Class_42,511.09,Evergreen Forest,#1c5f2c,1989
North Carolina,Class_42,19900.43,Evergreen Forest,#1c5f2c,1989
Delaware,Class_42,152.82,Evergreen Forest,#1c5f2c,1989
Georgia,Class_42,41742.86,Evergreen Forest,#1c5f2c,1989
South Carolina,Class_42,23293.16,Evergreen Forest,#1c5f2c,1989
Virginia,Class_42,8683.62,Evergreen Forest,#1c5f2c,1989
District of Columbia,Class_42,0.07,Evergreen Forest,#1c5f2c,1989
Alabama,Class_42,27395.22,Evergreen Forest,#1c5f2c,1989
Tennessee,Class_42,3407.48,Evergreen Forest,#1c5f2c,1989
Kentucky,Class_42,518.92,Evergreen Forest,#1c5f2c,1989
Mississippi,Class_42,20335.9,Evergreen Forest,#1c5f2c,1989
Louisiana,Class_42,26184.88,Evergreen Forest,#1c5f2c,1989
Texas,Class_42,38072.48,Evergreen Forest,#1c5f2c,1989
Oklahoma,Class_42,5798.02,Evergreen Forest,#1c5f2c,1989
Arkansas,Class_42,28143.26,Evergreen Forest,#1c5f2c,1989
West Virginia,Class_21,1582.52,"Developed, Open Space",#dec5c5,1989
Florida,Class_21,6616.46,"Developed, Open Space",#dec5c5,1989
Maryland,Class_21,1626.62,"Developed, Open Space",#dec5c5,1989
North Carolina,Class_21,6082.41,"Developed, Open Space",#dec5c5,1989
Delaware,Class_21,197.25,"Developed, Open Space",#dec5c5,1989
Georgia,Class_21,6729.68,"Developed, Open Space",#dec5c5,1989
South Carolina,Class_21,3331.29,"Developed, Open Space",#dec5c5,1989
Virginia,Class_21,4358.74,"Developed, Open Space",#dec5c5,1989
District of Columbia,Class_21,24.19,"Developed, Open Space",#dec5c5,1989
Alabama,Class_21,5843.88,"Developed, Open Space",#dec5c5,1989
Tennessee,Class_21,4889.79,"Developed, Open Space",#dec5c5,1989
Kentucky,Class_21,3301.11,"Developed, Open Space",#dec5c5,1989
Mississippi,Class_21,4505.47,"Developed, Open Space",#dec5c5,1989
Louisiana,Class_21,2897.1,"Developed, Open Space",#dec5c5,1989
Texas,Class_21,9207.57,"Developed, Open Space",#dec5c5,1989
Oklahoma,Class_21,4427.74,"Developed, Open Space",#dec5c5,1989
Arkansas,Class_21,2693.9,"Developed, Open Space",#dec5c5,1989
West Virginia,Class_43,3180.65,Mixed Forest,#b5c58f,1989
Florida,Class_43,125.89,Mixed Forest,#b5c58f,1989
Maryland,Class_43,1396.5,Mixed Forest,#b5c58f,1989
North Carolina,Class_43,10392.54,Mixed Forest,#b5c58f,1989
Delaware,Class_43,150.85,Mixed Forest,#b5c58f,1989
Georgia,Class_43,4971.74,Mixed Forest,#b5c58f,1989
South Carolina,Class_43,1832.0,Mixed Forest,#b5c58f,1989
Virginia,Class_43,14250.08,Mixed Forest,#b5c58f,1989
District of Columbia,Class_43,0.0,Mixed Forest,#b5c58f,1989
Alabama,Class_43,10615.93,Mixed Forest,#b5c58f,1989
Tennessee,Class_43,7120.78,Mixed Forest,#b5c58f,1989
Kentucky,Class_43,4208.08,Mixed Forest,#b5c58f,1989
Mississippi,Class_43,10684.51,Mixed Forest,#b5c58f,1989
Louisiana,Class_43,1232.41,Mixed Forest,#b5c58f,1989
Texas,Class_43,12965.8,Mixed Forest,#b5c58f,1989
Oklahoma,Class_43,2796.21,Mixed Forest,#b5c58f,1989
Arkansas,Class_43,5512.41,Mixed Forest,#b5c58f,1989
West Virginia,Class_11,407.48,Open Water,#466b9f,1989
Florida,Class_11,28530.86,Open Water,#466b9f,1989
Maryland,Class_11,6983.99,Open Water,#466b9f,1989
North Carolina,Class_11,13298.9,Open Water,#466b9f,1989
Delaware,Class_11,1387.87,Open Water,#466b9f,1989
Georgia,Class_11,3738.6,Open Water,#466b9f,1989
South Carolina,Class_11,4922.38,Open Water,#466b9f,1989
Virginia,Class_11,8380.51,Open Water,#466b9f,1989
District of Columbia,Class_11,17.79,Open Water,#466b9f,1989
Alabama,Class_11,4496.79,Open Water,#466b9f,1989
Tennessee,Class_11,2386.41,Open Water,#466b9f,1989
Kentucky,Class_11,1831.35,Open Water,#466b9f,1989
Mississippi,Class_11,4134.2,Open Water,#466b9f,1989
Louisiana,Class_11,23027.46,Open Water,#466b9f,1989
Texas,Class_11,16236.52,Open Water,#466b9f,1989
Oklahoma,Class_11,3091.9,Open Water,#466b9f,1989
Arkansas,Class_11,2860.26,Open Water,#466b9f,1989
West Virginia,Class_22,534.28,"Developed, Low Intensity",#d99282,1989
Florida,Class_22,7060.48,"Developed, Low Intensity",#d99282,1989
Maryland,Class_22,1375.97,"Developed, Low Intensity",#d99282,1989
North Carolina,Class_22,3511.47,"Developed, Low Intensity",#d99282,1989
Delaware,Class_22,277.91,"Developed, Low Intensity",#d99282,1989
Georgia,Class_22,3287.95,"Developed, Low Intensity",#d99282,1989
South Carolina,Class_22,2120.44,"Developed, Low Intensity",#d99282,1989
Virginia,Class_22,2202.21,"Developed, Low Intensity",#d99282,1989
District of Columbia,Class_22,33.26,"Developed, Low Intensity",#d99282,1989
Alabama,Class_22,2019.82,"Developed, Low Intensity",#d99282,1989
Tennessee,Class_22,2067.71,"Developed, Low Intensity",#d99282,1989
Kentucky,Class_22,1361.06,"Developed, Low Intensity",#d99282,1989
Mississippi,Class_22,1288.0,"Developed, Low Intensity",#d99282,1989
Louisiana,Class_22,1989.81,"Developed, Low Intensity",#d99282,1989
Texas,Class_22,9703.06,"Developed, Low Intensity",#d99282,1989
Oklahoma,Class_22,2201.04,"Developed, Low Intensity",#d99282,1989
Arkansas,Class_22,1531.57,"Developed, Low Intensity",#d99282,1989
West Virginia,Class_23,275.81,"Developed, Medium Intensity",#eb0000,1989
Florida,Class_23,2752.52,"Developed, Medium Intensity",#eb0000,1989
Maryland,Class_23,600.27,"Developed, Medium Intensity",#eb0000,1989
North Carolina,Class_23,771.41,"Developed, Medium Intensity",#eb0000,1989
Delaware,Class_23,135.62,"Developed, Medium Intensity",#eb0000,1989
Georgia,Class_23,770.46,"Developed, Medium Intensity",#eb0000,1989
South Carolina,Class_23,435.25,"Developed, Medium Intensity",#eb0000,1989
Virginia,Class_23,824.11,"Developed, Medium Intensity",#eb0000,1989
District of Columbia,Class_23,68.52,"Developed, Medium Intensity",#eb0000,1989
Alabama,Class_23,537.43,"Developed, Medium Intensity",#eb0000,1989
Tennessee,Class_23,645.52,"Developed, Medium Intensity",#eb0000,1989
Kentucky,Class_23,522.49,"Developed, Medium Intensity",#eb0000,1989
Mississippi,Class_23,294.05,"Developed, Medium Intensity",#eb0000,1989
Louisiana,Class_23,758.21,"Developed, Medium Intensity",#eb0000,1989
Texas,Class_23,4341.79,"Developed, Medium Intensity",#eb0000,1989
Oklahoma,Class_23,807.68,"Developed, Medium Intensity",#eb0000,1989
Arkansas,Class_23,333.06,"Developed, Medium Intensity",#eb0000,1989
West Virginia,Class_24,46.6,"Developed, High Intensity",#ab0000,1989
Florida,Class_24,430.87,"Developed, High Intensity",#ab0000,1989
Maryland,Class_24,175.42,"Developed, High Intensity",#ab0000,1989
North Carolina,Class_24,247.01,"Developed, High Intensity",#ab0000,1989
Delaware,Class_24,39.84,"Developed, High Intensity",#ab0000,1989
Georgia,Class_24,303.6,"Developed, High Intensity",#ab0000,1989
South Carolina,Class_24,148.79,"Developed, High Intensity",#ab0000,1989
Virginia,Class_24,229.4,"Developed, High Intensity",#ab0000,1989
District of Columbia,Class_24,18.23,"Developed, High Intensity",#ab0000,1989
Alabama,Class_24,146.36,"Developed, High Intensity",#ab0000,1989
Tennessee,Class_24,220.39,"Developed, High Intensity",#ab0000,1989
Kentucky,Class_24,146.38,"Developed, High Intensity",#ab0000,1989
Mississippi,Class_24,68.03,"Developed, High Intensity",#ab0000,1989
Louisiana,Class_24,190.73,"Developed, High Intensity",#ab0000,1989
Texas,Class_24,902.85,"Developed, High Intensity",#ab0000,1989
Oklahoma,Class_24,181.36,"Developed, High Intensity",#ab0000,1989
Arkansas,Class_24,100.33,"Developed, High Intensity",#ab0000,1989
West Virginia,Class_90,69.97,Woody Wetlands,#b8d9eb,1989
Florida,Class_90,39608.56,Woody Wetlands,#b8d9eb,1989
Maryland,Class_90,2834.12,Woody Wetlands,#b8d9eb,1989
North Carolina,Class_90,19449.19,Woody Wetlands,#b8d9eb,1989
Delaware,Class_90,1002.27,Woody Wetlands,#b8d9eb,1989
Georgia,Class_90,26118.48,Woody Wetlands,#b8d9eb,1989
South Carolina,Class_90,17654.92,Woody Wetlands,#b8d9eb,1989
Virginia,Class_90,5326.81,Woody Wetlands,#b8d9eb,1989
District of Columbia,Class_90,1.8,Woody Wetlands,#b8d9eb,1989
Alabama,Class_90,17288.16,Woody Wetlands,#b8d9eb,1989
Tennessee,Class_90,3417.93,Woody Wetlands,#b8d9eb,1989
Kentucky,Class_90,1328.59,Woody Wetlands,#b8d9eb,1989
Mississippi,Class_90,22637.66,Woody Wetlands,#b8d9eb,1989
Louisiana,Class_90,28377.25,Woody Wetlands,#b8d9eb,1989
Texas,Class_90,19635.05,Woody Wetlands,#b8d9eb,1989
Oklahoma,Class_90,1384.87,Woody Wetlands,#b8d9eb,1989
Arkansas,Class_90,14169.04,Woody Wetlands,#b8d9eb,1989
West Virginia,Class_81,5573.48,Pasture/Hay,#dcd939,1990
Florida,Class_81,20183.21,Pasture/Hay,#dcd939,1990
Maryland,Class_81,2852.96,Pasture/Hay,#dcd939,1990
North Carolina,Class_81,11962.48,Pasture/Hay,#dcd939,1990
Delaware,Class_81,42.56,Pasture/Hay,#dcd939,1990
Georgia,Class_81,11708.78,Pasture/Hay,#dcd939,1990
South Carolina,Class_81,5906.54,Pasture/Hay,#dcd939,1990
Virginia,Class_81,17923.56,Pasture/Hay,#dcd939,1990
District of Columbia,Class_81,0.07,Pasture/Hay,#dcd939,1990
Alabama,Class_81,23109.49,Pasture/Hay,#dcd939,1990
Tennessee,Class_81,25891.79,Pasture/Hay,#dcd939,1990
Kentucky,Class_81,29555.27,Pasture/Hay,#dcd939,1990
Mississippi,Class_81,21413.38,Pasture/Hay,#dcd939,1990
Louisiana,Class_81,10326.95,Pasture/Hay,#dcd939,1990
Texas,Class_81,79613.43,Pasture/Hay,#dcd939,1990
Oklahoma,Class_81,22105.78,Pasture/Hay,#dcd939,1990
Arkansas,Class_81,20495.94,Pasture/Hay,#dcd939,1990
West Virginia,Class_71,103.96,Grassland/Herbaceous,#dfdfc2,1990
Florida,Class_71,2813.56,Grassland/Herbaceous,#dfdfc2,1990
Maryland,Class_71,11.04,Grassland/Herbaceous,#dfdfc2,1990
North Carolina,Class_71,1112.35,Grassland/Herbaceous,#dfdfc2,1990
Delaware,Class_71,6.45,Grassland/Herbaceous,#dfdfc2,1990
Georgia,Class_71,3523.76,Grassland/Herbaceous,#dfdfc2,1990
South Carolina,Class_71,1737.76,Grassland/Herbaceous,#dfdfc2,1990
Virginia,Class_71,1222.82,Grassland/Herbaceous,#dfdfc2,1990
District of Columbia,Class_71,0.0,Grassland/Herbaceous,#dfdfc2,1990
Alabama,Class_71,2159.02,Grassland/Herbaceous,#dfdfc2,1990
Tennessee,Class_71,276.04,Grassland/Herbaceous,#dfdfc2,1990
Kentucky,Class_71,175.56,Grassland/Herbaceous,#dfdfc2,1990
Mississippi,Class_71,1133.65,Grassland/Herbaceous,#dfdfc2,1990
Louisiana,Class_71,1568.73,Grassland/Herbaceous,#dfdfc2,1990
Texas,Class_71,83141.55,Grassland/Herbaceous,#dfdfc2,1990
Oklahoma,Class_71,66604.84,Grassland/Herbaceous,#dfdfc2,1990
Arkansas,Class_71,778.77,Grassland/Herbaceous,#dfdfc2,1990
West Virginia,Class_82,279.25,Cultivated Crops,#ab6c28,1990
Florida,Class_82,10872.56,Cultivated Crops,#ab6c28,1990
Maryland,Class_82,6108.08,Cultivated Crops,#ab6c28,1990
North Carolina,Class_82,20360.1,Cultivated Crops,#ab6c28,1990
Delaware,Class_82,2441.21,Cultivated Crops,#ab6c28,1990
Georgia,Class_82,22943.26,Cultivated Crops,#ab6c28,1990
South Carolina,Class_82,10031.6,Cultivated Crops,#ab6c28,1990
Virginia,Class_82,6230.01,Cultivated Crops,#ab6c28,1990
District of Columbia,Class_82,0.0,Cultivated Crops,#ab6c28,1990
Alabama,Class_82,7681.51,Cultivated Crops,#ab6c28,1990
Tennessee,Class_82,11814.04,Cultivated Crops,#ab6c28,1990
Kentucky,Class_82,10778.07,Cultivated Crops,#ab6c28,1990
Mississippi,Class_82,18313.85,Cultivated Crops,#ab6c28,1990
Louisiana,Class_82,20972.01,Cultivated Crops,#ab6c28,1990
Texas,Class_82,96890.67,Cultivated Crops,#ab6c28,1990
Oklahoma,Class_82,36740.03,Cultivated Crops,#ab6c28,1990
Arkansas,Class_82,30279.29,Cultivated Crops,#ab6c28,1990
West Virginia,Class_95,32.6,Emergent Herbaceous Wetlands,#6c9fb8,1990
Florida,Class_95,15166.51,Emergent Herbaceous Wetlands,#6c9fb8,1990
Maryland,Class_95,790.51,Emergent Herbaceous Wetlands,#6c9fb8,1990
North Carolina,Class_95,996.4,Emergent Herbaceous Wetlands,#6c9fb8,1990
Delaware,Class_95,328.35,Emergent Herbaceous Wetlands,#6c9fb8,1990
Georgia,Class_95,1709.95,Emergent Herbaceous Wetlands,#6c9fb8,1990
South Carolina,Class_95,1953.73,Emergent Herbaceous Wetlands,#6c9fb8,1990
Virginia,Class_95,807.3,Emergent Herbaceous Wetlands,#6c9fb8,1990
District of Columbia,Class_95,0.07,Emergent Herbaceous Wetlands,#6c9fb8,1990
Alabama,Class_95,186.74,Emergent Herbaceous Wetlands,#6c9fb8,1990
Tennessee,Class_95,140.75,Emergent Herbaceous Wetlands,#6c9fb8,1990
Kentucky,Class_95,135.19,Emergent Herbaceous Wetlands,#6c9fb8,1990
Mississippi,Class_95,481.7,Emergent Herbaceous Wetlands,#6c9fb8,1990
Louisiana,Class_95,12609.85,Emergent Herbaceous Wetlands,#6c9fb8,1990
Texas,Class_95,7506.13,Emergent Herbaceous Wetlands,#6c9fb8,1990
Oklahoma,Class_95,281.89,Emergent Herbaceous Wetlands,#6c9fb8,1990
Arkansas,Class_95,92.16,Emergent Herbaceous Wetlands,#6c9fb8,1990
West Virginia,Class_41,50001.68,Deciduous Forest,#68ab5f,1990
Florida,Class_41,11.86,Deciduous Forest,#68ab5f,1990
Maryland,Class_41,6599.09,Deciduous Forest,#68ab5f,1990
North Carolina,Class_41,29318.8,Deciduous Forest,#68ab5f,1990
Delaware,Class_41,230.29,Deciduous Forest,#68ab5f,1990
Georgia,Class_41,21841.95,Deciduous Forest,#68ab5f,1990
South Carolina,Class_41,7698.56,Deciduous Forest,#68ab5f,1990
Virginia,Class_41,38977.26,Deciduous Forest,#68ab5f,1990
District of Columbia,Class_41,12.86,Deciduous Forest,#68ab5f,1990
Alabama,Class_41,28982.75,Deciduous Forest,#68ab5f,1990
Tennessee,Class_41,46292.86,Deciduous Forest,#68ab5f,1990
Kentucky,Class_41,50461.22,Deciduous Forest,#68ab5f,1990
Mississippi,Class_41,15395.76,Deciduous Forest,#68ab5f,1990
Louisiana,Class_41,594.79,Deciduous Forest,#68ab5f,1990
Texas,Class_41,8340.05,Deciduous Forest,#68ab5f,1990
Oklahoma,Class_41,28297.81,Deciduous Forest,#68ab5f,1990
Arkansas,Class_41,28641.71,Deciduous Forest,#68ab5f,1990
West Virginia,Class_52,11.72,Shrub/Scrub,#ccb879,1990
Florida,Class_52,5449.11,Shrub/Scrub,#ccb879,1990
Maryland,Class_52,82.14,Shrub/Scrub,#ccb879,1990
North Carolina,Class_52,1563.03,Shrub/Scrub,#ccb879,1990
Delaware,Class_52,10.96,Shrub/Scrub,#ccb879,1990
Georgia,Class_52,3947.6,Shrub/Scrub,#ccb879,1990
South Carolina,Class_52,1648.18,Shrub/Scrub,#ccb879,1990
Virginia,Class_52,960.86,Shrub/Scrub,#ccb879,1990
District of Columbia,Class_52,0.07,Shrub/Scrub,#ccb879,1990
Alabama,Class_52,4844.85,Shrub/Scrub,#ccb879,1990
Tennessee,Class_52,295.04,Shrub/Scrub,#ccb879,1990
Kentucky,Class_52,24.26,Shrub/Scrub,#ccb879,1990
Mississippi,Class_52,4166.44,Shrub/Scrub,#ccb879,1990
Louisiana,Class_52,3030.43,Shrub/Scrub,#ccb879,1990
Texas,Class_52,306928.48,Shrub/Scrub,#ccb879,1990
Oklahoma,Class_52,5632.32,Shrub/Scrub,#ccb879,1990
Arkansas,Class_52,1628.65,Shrub/Scrub,#ccb879,1990
West Virginia,Class_31,250.67,Barren Land,#b3ac9f,1990
Florida,Class_31,802.2,Barren Land,#b3ac9f,1990
Maryland,Class_31,99.4,Barren Land,#b3ac9f,1990
North Carolina,Class_31,320.94,Barren Land,#b3ac9f,1990
Delaware,Class_31,17.09,Barren Land,#b3ac9f,1990
Georgia,Class_31,287.44,Barren Land,#b3ac9f,1990
South Carolina,Class_31,167.12,Barren Land,#b3ac9f,1990
Virginia,Class_31,194.47,Barren Land,#b3ac9f,1990
District of Columbia,Class_31,0.0,Barren Land,#b3ac9f,1990
Alabama,Class_31,197.55,Barren Land,#b3ac9f,1990
Tennessee,Class_31,139.75,Barren Land,#b3ac9f,1990
Kentucky,Class_31,240.13,Barren Land,#b3ac9f,1990
Mississippi,Class_31,167.61,Barren Land,#b3ac9f,1990
Louisiana,Class_31,201.52,Barren Land,#b3ac9f,1990
Texas,Class_31,1908.7,Barren Land,#b3ac9f,1990
Oklahoma,Class_31,548.89,Barren Land,#b3ac9f,1990
Arkansas,Class_31,189.11,Barren Land,#b3ac9f,1990
West Virginia,Class_42,376.92,Evergreen Forest,#1c5f2c,1990
Florida,Class_42,29401.02,Evergreen Forest,#1c5f2c,1990
Maryland,Class_42,520.49,Evergreen Forest,#1c5f2c,1990
North Carolina,Class_42,19613.15,Evergreen Forest,#1c5f2c,1990
Delaware,Class_42,153.66,Evergreen Forest,#1c5f2c,1990
Georgia,Class_42,41693.94,Evergreen Forest,#1c5f2c,1990
South Carolina,Class_42,23033.13,Evergreen Forest,#1c5f2c,1990
Virginia,Class_42,8726.89,Evergreen Forest,#1c5f2c,1990
District of Columbia,Class_42,0.07,Evergreen Forest,#1c5f2c,1990
Alabama,Class_42,27461.17,Evergreen Forest,#1c5f2c,1990
Tennessee,Class_42,3377.97,Evergreen Forest,#1c5f2c,1990
Kentucky,Class_42,514.82,Evergreen Forest,#1c5f2c,1990
Mississippi,Class_42,20575.19,Evergreen Forest,#1c5f2c,1990
Louisiana,Class_42,26349.52,Evergreen Forest,#1c5f2c,1990
Texas,Class_42,38013.89,Evergreen Forest,#1c5f2c,1990
Oklahoma,Class_42,5875.13,Evergreen Forest,#1c5f2c,1990
Arkansas,Class_42,28282.09,Evergreen Forest,#1c5f2c,1990
West Virginia,Class_21,1596.34,"Developed, Open Space",#dec5c5,1990
Florida,Class_21,6857.85,"Developed, Open Space",#dec5c5,1990
Maryland,Class_21,1691.34,"Developed, Open Space",#dec5c5,1990
North Carolina,Class_21,6279.1,"Developed, Open Space",#dec5c5,1990
Delaware,Class_21,213.74,"Developed, Open Space",#dec5c5,1990
Georgia,Class_21,6911.96,"Developed, Open Space",#dec5c5,1990
South Carolina,Class_21,3486.15,"Developed, Open Space",#dec5c5,1990
Virginia,Class_21,4457.2,"Developed, Open Space",#dec5c5,1990
District of Columbia,Class_21,24.26,"Developed, Open Space",#dec5c5,1990
Alabama,Class_21,5939.97,"Developed, Open Space",#dec5c5,1990
Tennessee,Class_21,4982.9,"Developed, Open Space",#dec5c5,1990
Kentucky,Class_21,3356.35,"Developed, Open Space",#dec5c5,1990
Mississippi,Class_21,4544.95,"Developed, Open Space",#dec5c5,1990
Louisiana,Class_21,2933.93,"Developed, Open Space",#dec5c5,1990
Texas,Class_21,9388.53,"Developed, Open Space",#dec5c5,1990
Oklahoma,Class_21,4461.45,"Developed, Open Space",#dec5c5,1990
Arkansas,Class_21,2731.6,"Developed, Open Space",#dec5c5,1990
West Virginia,Class_43,3186.06,Mixed Forest,#b5c58f,1990
Florida,Class_43,127.79,Mixed Forest,#b5c58f,1990
Maryland,Class_43,1403.81,Mixed Forest,#b5c58f,1990
North Carolina,Class_43,10564.38,Mixed Forest,#b5c58f,1990
Delaware,Class_43,159.98,Mixed Forest,#b5c58f,1990
Georgia,Class_43,5058.19,Mixed Forest,#b5c58f,1990
South Carolina,Class_43,1903.13,Mixed Forest,#b5c58f,1990
Virginia,Class_43,14324.1,Mixed Forest,#b5c58f,1990
District of Columbia,Class_43,0.0,Mixed Forest,#b5c58f,1990
Alabama,Class_43,10743.58,Mixed Forest,#b5c58f,1990
Tennessee,Class_43,7148.9,Mixed Forest,#b5c58f,1990
Kentucky,Class_43,4217.89,Mixed Forest,#b5c58f,1990
Mississippi,Class_43,10742.42,Mixed Forest,#b5c58f,1990
Louisiana,Class_43,1257.7,Mixed Forest,#b5c58f,1990
Texas,Class_43,13071.38,Mixed Forest,#b5c58f,1990
Oklahoma,Class_43,2821.67,Mixed Forest,#b5c58f,1990
Arkansas,Class_43,5543.98,Mixed Forest,#b5c58f,1990
West Virginia,Class_11,414.94,Open Water,#466b9f,1990
Florida,Class_11,28514.74,Open Water,#466b9f,1990
Maryland,Class_11,6989.87,Open Water,#466b9f,1990
North Carolina,Class_11,13306.34,Open Water,#466b9f,1990
Delaware,Class_11,1387.17,Open Water,#466b9f,1990
Georgia,Class_11,3785.68,Open Water,#466b9f,1990
South Carolina,Class_11,4960.49,Open Water,#466b9f,1990
Virginia,Class_11,8381.71,Open Water,#466b9f,1990
District of Columbia,Class_11,17.86,Open Water,#466b9f,1990
Alabama,Class_11,4491.69,Open Water,#466b9f,1990
Tennessee,Class_11,2444.81,Open Water,#466b9f,1990
Kentucky,Class_11,1838.49,Open Water,#466b9f,1990
Mississippi,Class_11,4210.01,Open Water,#466b9f,1990
Louisiana,Class_11,23083.7,Open Water,#466b9f,1990
Texas,Class_11,16085.28,Open Water,#466b9f,1990
Oklahoma,Class_11,3090.46,Open Water,#466b9f,1990
Arkansas,Class_11,2940.18,Open Water,#466b9f,1990
West Virginia,Class_22,535.41,"Developed, Low Intensity",#d99282,1990
Florida,Class_22,7070.15,"Developed, Low Intensity",#d99282,1990
Maryland,Class_22,1379.05,"Developed, Low Intensity",#d99282,1990
North Carolina,Class_22,3514.74,"Developed, Low Intensity",#d99282,1990
Delaware,Class_22,280.58,"Developed, Low Intensity",#d99282,1990
Georgia,Class_22,3283.3,"Developed, Low Intensity",#d99282,1990
South Carolina,Class_22,2122.98,"Developed, Low Intensity",#d99282,1990
Virginia,Class_22,2203.23,"Developed, Low Intensity",#d99282,1990
District of Columbia,Class_22,33.12,"Developed, Low Intensity",#d99282,1990
Alabama,Class_22,2018.95,"Developed, Low Intensity",#d99282,1990
Tennessee,Class_22,2069.88,"Developed, Low Intensity",#d99282,1990
Kentucky,Class_22,1361.77,"Developed, Low Intensity",#d99282,1990
Mississippi,Class_22,1292.15,"Developed, Low Intensity",#d99282,1990
Louisiana,Class_22,1992.0,"Developed, Low Intensity",#d99282,1990
Texas,Class_22,9724.51,"Developed, Low Intensity",#d99282,1990
Oklahoma,Class_22,2204.09,"Developed, Low Intensity",#d99282,1990
Arkansas,Class_22,1535.83,"Developed, Low Intensity",#d99282,1990
West Virginia,Class_23,275.68,"Developed, Medium Intensity",#eb0000,1990
Florida,Class_23,2754.21,"Developed, Medium Intensity",#eb0000,1990
Maryland,Class_23,599.54,"Developed, Medium Intensity",#eb0000,1990
North Carolina,Class_23,771.41,"Developed, Medium Intensity",#eb0000,1990
Delaware,Class_23,134.99,"Developed, Medium Intensity",#eb0000,1990
Georgia,Class_23,769.64,"Developed, Medium Intensity",#eb0000,1990
South Carolina,Class_23,436.14,"Developed, Medium Intensity",#eb0000,1990
Virginia,Class_23,823.99,"Developed, Medium Intensity",#eb0000,1990
District of Columbia,Class_23,68.59,"Developed, Medium Intensity",#eb0000,1990
Alabama,Class_23,537.74,"Developed, Medium Intensity",#eb0000,1990
Tennessee,Class_23,644.87,"Developed, Medium Intensity",#eb0000,1990
Kentucky,Class_23,521.99,"Developed, Medium Intensity",#eb0000,1990
Mississippi,Class_23,293.3,"Developed, Medium Intensity",#eb0000,1990
Louisiana,Class_23,757.44,"Developed, Medium Intensity",#eb0000,1990
Texas,Class_23,4340.75,"Developed, Medium Intensity",#eb0000,1990
Oklahoma,Class_23,808.02,"Developed, Medium Intensity",#eb0000,1990
Arkansas,Class_23,334.1,"Developed, Medium Intensity",#eb0000,1990
West Virginia,Class_24,46.74,"Developed, High Intensity",#ab0000,1990
Florida,Class_24,431.26,"Developed, High Intensity",#ab0000,1990
Maryland,Class_24,175.35,"Developed, High Intensity",#ab0000,1990
North Carolina,Class_24,247.01,"Developed, High Intensity",#ab0000,1990
Delaware,Class_24,39.98,"Developed, High Intensity",#ab0000,1990
Georgia,Class_24,303.45,"Developed, High Intensity",#ab0000,1990
South Carolina,Class_24,148.42,"Developed, High Intensity",#ab0000,1990
Virginia,Class_24,229.83,"Developed, High Intensity",#ab0000,1990
District of Columbia,Class_24,18.23,"Developed, High Intensity",#ab0000,1990
Alabama,Class_24,146.2,"Developed, High Intensity",#ab0000,1990
Tennessee,Class_24,220.31,"Developed, High Intensity",#ab0000,1990
Kentucky,Class_24,146.66,"Developed, High Intensity",#ab0000,1990
Mississippi,Class_24,68.26,"Developed, High Intensity",#ab0000,1990
Louisiana,Class_24,190.35,"Developed, High Intensity",#ab0000,1990
Texas,Class_24,901.68,"Developed, High Intensity",#ab0000,1990
Oklahoma,Class_24,181.35,"Developed, High Intensity",#ab0000,1990
Arkansas,Class_24,100.4,"Developed, High Intensity",#ab0000,1990
West Virginia,Class_90,69.48,Woody Wetlands,#b8d9eb,1990
Florida,Class_90,39624.37,Woody Wetlands,#b8d9eb,1990
Maryland,Class_90,2826.56,Woody Wetlands,#b8d9eb,1990
North Carolina,Class_90,19453.66,Woody Wetlands,#b8d9eb,1990
Delaware,Class_90,998.69,Woody Wetlands,#b8d9eb,1990
Georgia,Class_90,26135.3,Woody Wetlands,#b8d9eb,1990
South Carolina,Class_90,17675.39,Woody Wetlands,#b8d9eb,1990
Virginia,Class_90,5321.05,Woody Wetlands,#b8d9eb,1990
District of Columbia,Class_90,1.8,Woody Wetlands,#b8d9eb,1990
Alabama,Class_90,17264.56,Woody Wetlands,#b8d9eb,1990
Tennessee,Class_90,3412.0,Woody Wetlands,#b8d9eb,1990
Kentucky,Class_90,1326.63,Woody Wetlands,#b8d9eb,1990
Mississippi,Class_90,22639.33,Woody Wetlands,#b8d9eb,1990
Louisiana,Class_90,28384.11,Woody Wetlands,#b8d9eb,1990
Texas,Class_90,19666.07,Woody Wetlands,#b8d9eb,1990
Oklahoma,Class_90,1383.26,Woody Wetlands,#b8d9eb,1990
Arkansas,Class_90,14157.25,Woody Wetlands,#b8d9eb,1990
West Virginia,Class_81,5579.17,Pasture/Hay,#dcd939,1991
Florida,Class_81,20161.08,Pasture/Hay,#dcd939,1991
Maryland,Class_81,2839.89,Pasture/Hay,#dcd939,1991
North Carolina,Class_81,11988.97,Pasture/Hay,#dcd939,1991
Delaware,Class_81,42.5,Pasture/Hay,#dcd939,1991
Georgia,Class_81,11798.36,Pasture/Hay,#dcd939,1991
South Carolina,Class_81,5950.31,Pasture/Hay,#dcd939,1991
Virginia,Class_81,17926.71,Pasture/Hay,#dcd939,1991
District of Columbia,Class_81,0.07,Pasture/Hay,#dcd939,1991
Alabama,Class_81,23226.69,Pasture/Hay,#dcd939,1991
Tennessee,Class_81,26067.78,Pasture/Hay,#dcd939,1991
Kentucky,Class_81,29583.17,Pasture/Hay,#dcd939,1991
Mississippi,Class_81,21368.51,Pasture/Hay,#dcd939,1991
Louisiana,Class_81,10512.36,Pasture/Hay,#dcd939,1991
Texas,Class_81,80185.24,Pasture/Hay,#dcd939,1991
Oklahoma,Class_81,22204.48,Pasture/Hay,#dcd939,1991
Arkansas,Class_81,20598.32,Pasture/Hay,#dcd939,1991
West Virginia,Class_71,104.54,Grassland/Herbaceous,#dfdfc2,1991
Florida,Class_71,2719.68,Grassland/Herbaceous,#dfdfc2,1991
Maryland,Class_71,13.81,Grassland/Herbaceous,#dfdfc2,1991
North Carolina,Class_71,1077.79,Grassland/Herbaceous,#dfdfc2,1991
Delaware,Class_71,7.93,Grassland/Herbaceous,#dfdfc2,1991
Georgia,Class_71,3402.85,Grassland/Herbaceous,#dfdfc2,1991
South Carolina,Class_71,1640.67,Grassland/Herbaceous,#dfdfc2,1991
Virginia,Class_71,1258.33,Grassland/Herbaceous,#dfdfc2,1991
District of Columbia,Class_71,0.0,Grassland/Herbaceous,#dfdfc2,1991
Alabama,Class_71,2257.82,Grassland/Herbaceous,#dfdfc2,1991
Tennessee,Class_71,263.47,Grassland/Herbaceous,#dfdfc2,1991
Kentucky,Class_71,138.28,Grassland/Herbaceous,#dfdfc2,1991
Mississippi,Class_71,1152.77,Grassland/Herbaceous,#dfdfc2,1991
Louisiana,Class_71,1505.98,Grassland/Herbaceous,#dfdfc2,1991
Texas,Class_71,82628.74,Grassland/Herbaceous,#dfdfc2,1991
Oklahoma,Class_71,66978.71,Grassland/Herbaceous,#dfdfc2,1991
Arkansas,Class_71,648.26,Grassland/Herbaceous,#dfdfc2,1991
West Virginia,Class_82,270.5,Cultivated Crops,#ab6c28,1991
Florida,Class_82,10885.53,Cultivated Crops,#ab6c28,1991
Maryland,Class_82,6083.55,Cultivated Crops,#ab6c28,1991
North Carolina,Class_82,20334.93,Cultivated Crops,#ab6c28,1991
Delaware,Class_82,2429.54,Cultivated Crops,#ab6c28,1991
Georgia,Class_82,22755.75,Cultivated Crops,#ab6c28,1991
South Carolina,Class_82,9931.23,Cultivated Crops,#ab6c28,1991
Virginia,Class_82,6212.82,Cultivated Crops,#ab6c28,1991
District of Columbia,Class_82,0.0,Cultivated Crops,#ab6c28,1991
Alabama,Class_82,7519.51,Cultivated Crops,#ab6c28,1991
Tennessee,Class_82,11631.16,Cultivated Crops,#ab6c28,1991
Kentucky,Class_82,10744.15,Cultivated Crops,#ab6c28,1991
Mississippi,Class_82,18121.82,Cultivated Crops,#ab6c28,1991
Louisiana,Class_82,20688.31,Cultivated Crops,#ab6c28,1991
Texas,Class_82,94383.21,Cultivated Crops,#ab6c28,1991
Oklahoma,Class_82,36237.13,Cultivated Crops,#ab6c28,1991
Arkansas,Class_82,30225.34,Cultivated Crops,#ab6c28,1991
West Virginia,Class_95,32.5,Emergent Herbaceous Wetlands,#6c9fb8,1991
Florida,Class_95,14990.2,Emergent Herbaceous Wetlands,#6c9fb8,1991
Maryland,Class_95,789.09,Emergent Herbaceous Wetlands,#6c9fb8,1991
North Carolina,Class_95,995.47,Emergent Herbaceous Wetlands,#6c9fb8,1991
Delaware,Class_95,326.31,Emergent Herbaceous Wetlands,#6c9fb8,1991
Georgia,Class_95,1706.96,Emergent Herbaceous Wetlands,#6c9fb8,1991
South Carolina,Class_95,1946.28,Emergent Herbaceous Wetlands,#6c9fb8,1991
Virginia,Class_95,804.96,Emergent Herbaceous Wetlands,#6c9fb8,1991
District of Columbia,Class_95,0.07,Emergent Herbaceous Wetlands,#6c9fb8,1991
Alabama,Class_95,180.29,Emergent Herbaceous Wetlands,#6c9fb8,1991
Tennessee,Class_95,139.64,Emergent Herbaceous Wetlands,#6c9fb8,1991
Kentucky,Class_95,134.34,Emergent Herbaceous Wetlands,#6c9fb8,1991
Mississippi,Class_95,460.5,Emergent Herbaceous Wetlands,#6c9fb8,1991
Louisiana,Class_95,12630.18,Emergent Herbaceous Wetlands,#6c9fb8,1991
Texas,Class_95,7483.98,Emergent Herbaceous Wetlands,#6c9fb8,1991
Oklahoma,Class_95,300.17,Emergent Herbaceous Wetlands,#6c9fb8,1991
Arkansas,Class_95,96.76,Emergent Herbaceous Wetlands,#6c9fb8,1991
West Virginia,Class_41,49963.4,Deciduous Forest,#68ab5f,1991
Florida,Class_41,11.51,Deciduous Forest,#68ab5f,1991
Maryland,Class_41,6564.17,Deciduous Forest,#68ab5f,1991
North Carolina,Class_41,29139.97,Deciduous Forest,#68ab5f,1991
Delaware,Class_41,227.85,Deciduous Forest,#68ab5f,1991
Georgia,Class_41,21737.29,Deciduous Forest,#68ab5f,1991
South Carolina,Class_41,7672.26,Deciduous Forest,#68ab5f,1991
Virginia,Class_41,38694.33,Deciduous Forest,#68ab5f,1991
District of Columbia,Class_41,12.73,Deciduous Forest,#68ab5f,1991
Alabama,Class_41,28553.5,Deciduous Forest,#68ab5f,1991
Tennessee,Class_41,46197.38,Deciduous Forest,#68ab5f,1991
Kentucky,Class_41,50376.61,Deciduous Forest,#68ab5f,1991
Mississippi,Class_41,15169.11,Deciduous Forest,#68ab5f,1991
Louisiana,Class_41,573.47,Deciduous Forest,#68ab5f,1991
Texas,Class_41,8369.36,Deciduous Forest,#68ab5f,1991
Oklahoma,Class_41,28318.58,Deciduous Forest,#68ab5f,1991
Arkansas,Class_41,28539.99,Deciduous Forest,#68ab5f,1991
West Virginia,Class_52,11.44,Shrub/Scrub,#ccb879,1991
Florida,Class_52,5369.17,Shrub/Scrub,#ccb879,1991
Maryland,Class_52,82.08,Shrub/Scrub,#ccb879,1991
North Carolina,Class_52,1589.7,Shrub/Scrub,#ccb879,1991
Delaware,Class_52,11.17,Shrub/Scrub,#ccb879,1991
Georgia,Class_52,4161.43,Shrub/Scrub,#ccb879,1991
South Carolina,Class_52,1782.88,Shrub/Scrub,#ccb879,1991
Virginia,Class_52,948.54,Shrub/Scrub,#ccb879,1991
District of Columbia,Class_52,0.07,Shrub/Scrub,#ccb879,1991
Alabama,Class_52,5160.01,Shrub/Scrub,#ccb879,1991
Tennessee,Class_52,312.42,Shrub/Scrub,#ccb879,1991
Kentucky,Class_52,34.86,Shrub/Scrub,#ccb879,1991
Mississippi,Class_52,4386.02,Shrub/Scrub,#ccb879,1991
Louisiana,Class_52,3100.86,Shrub/Scrub,#ccb879,1991
Texas,Class_52,308893.0,Shrub/Scrub,#ccb879,1991
Oklahoma,Class_52,5574.79,Shrub/Scrub,#ccb879,1991
Arkansas,Class_52,1605.15,Shrub/Scrub,#ccb879,1991
West Virginia,Class_31,263.29,Barren Land,#b3ac9f,1991
Florida,Class_31,803.72,Barren Land,#b3ac9f,1991
Maryland,Class_31,101.94,Barren Land,#b3ac9f,1991
North Carolina,Class_31,319.76,Barren Land,#b3ac9f,1991
Delaware,Class_31,17.72,Barren Land,#b3ac9f,1991
Georgia,Class_31,293.96,Barren Land,#b3ac9f,1991
South Carolina,Class_31,167.83,Barren Land,#b3ac9f,1991
Virginia,Class_31,195.42,Barren Land,#b3ac9f,1991
District of Columbia,Class_31,0.0,Barren Land,#b3ac9f,1991
Alabama,Class_31,197.09,Barren Land,#b3ac9f,1991
Tennessee,Class_31,130.82,Barren Land,#b3ac9f,1991
Kentucky,Class_31,249.43,Barren Land,#b3ac9f,1991
Mississippi,Class_31,173.64,Barren Land,#b3ac9f,1991
Louisiana,Class_31,205.22,Barren Land,#b3ac9f,1991
Texas,Class_31,1913.84,Barren Land,#b3ac9f,1991
Oklahoma,Class_31,563.83,Barren Land,#b3ac9f,1991
Arkansas,Class_31,196.73,Barren Land,#b3ac9f,1991
West Virginia,Class_42,377.18,Evergreen Forest,#1c5f2c,1991
Florida,Class_42,29388.44,Evergreen Forest,#1c5f2c,1991
Maryland,Class_42,514.98,Evergreen Forest,#1c5f2c,1991
North Carolina,Class_42,19457.04,Evergreen Forest,#1c5f2c,1991
Delaware,Class_42,154.57,Evergreen Forest,#1c5f2c,1991
Georgia,Class_42,41276.83,Evergreen Forest,#1c5f2c,1991
South Carolina,Class_42,22875.97,Evergreen Forest,#1c5f2c,1991
Virginia,Class_42,8651.62,Evergreen Forest,#1c5f2c,1991
District of Columbia,Class_42,0.07,Evergreen Forest,#1c5f2c,1991
Alabama,Class_42,27117.87,Evergreen Forest,#1c5f2c,1991
Tennessee,Class_42,3292.44,Evergreen Forest,#1c5f2c,1991
Kentucky,Class_42,492.88,Evergreen Forest,#1c5f2c,1991
Mississippi,Class_42,20607.07,Evergreen Forest,#1c5f2c,1991
Louisiana,Class_42,26365.42,Evergreen Forest,#1c5f2c,1991
Texas,Class_42,38105.82,Evergreen Forest,#1c5f2c,1991
Oklahoma,Class_42,5891.23,Evergreen Forest,#1c5f2c,1991
Arkansas,Class_42,28383.1,Evergreen Forest,#1c5f2c,1991
West Virginia,Class_21,1615.27,"Developed, Open Space",#dec5c5,1991
Florida,Class_21,6780.92,"Developed, Open Space",#dec5c5,1991
Maryland,Class_21,1691.03,"Developed, Open Space",#dec5c5,1991
North Carolina,Class_21,6333.49,"Developed, Open Space",#dec5c5,1991
Delaware,Class_21,208.77,"Developed, Open Space",#dec5c5,1991
Georgia,Class_21,6992.6,"Developed, Open Space",#dec5c5,1991
South Carolina,Class_21,3540.3,"Developed, Open Space",#dec5c5,1991
Virginia,Class_21,4500.62,"Developed, Open Space",#dec5c5,1991
District of Columbia,Class_21,24.33,"Developed, Open Space",#dec5c5,1991
Alabama,Class_21,6004.63,"Developed, Open Space",#dec5c5,1991
Tennessee,Class_21,5016.75,"Developed, Open Space",#dec5c5,1991
Kentucky,Class_21,3389.25,"Developed, Open Space",#dec5c5,1991
Mississippi,Class_21,4568.07,"Developed, Open Space",#dec5c5,1991
Louisiana,Class_21,2947.62,"Developed, Open Space",#dec5c5,1991
Texas,Class_21,9418.6,"Developed, Open Space",#dec5c5,1991
Oklahoma,Class_21,4472.39,"Developed, Open Space",#dec5c5,1991
Arkansas,Class_21,2742.57,"Developed, Open Space",#dec5c5,1991
West Virginia,Class_43,3194.93,Mixed Forest,#b5c58f,1991
Florida,Class_43,132.7,Mixed Forest,#b5c58f,1991
Maryland,Class_43,1422.65,Mixed Forest,#b5c58f,1991
North Carolina,Class_43,10757.79,Mixed Forest,#b5c58f,1991
Delaware,Class_43,161.1,Mixed Forest,#b5c58f,1991
Georgia,Class_43,5305.54,Mixed Forest,#b5c58f,1991
South Carolina,Class_43,1989.84,Mixed Forest,#b5c58f,1991
Virginia,Class_43,14563.05,Mixed Forest,#b5c58f,1991
District of Columbia,Class_43,0.0,Mixed Forest,#b5c58f,1991
Alabama,Class_43,11034.24,Mixed Forest,#b5c58f,1991
Tennessee,Class_43,7248.37,Mixed Forest,#b5c58f,1991
Kentucky,Class_43,4289.03,Mixed Forest,#b5c58f,1991
Mississippi,Class_43,10824.79,Mixed Forest,#b5c58f,1991
Louisiana,Class_43,1256.73,Mixed Forest,#b5c58f,1991
Texas,Class_43,13133.57,Mixed Forest,#b5c58f,1991
Oklahoma,Class_43,2887.19,Mixed Forest,#b5c58f,1991
Arkansas,Class_43,5615.63,Mixed Forest,#b5c58f,1991
West Virginia,Class_11,406.45,Open Water,#466b9f,1991
Florida,Class_11,28586.56,Open Water,#466b9f,1991
Maryland,Class_11,6987.84,Open Water,#466b9f,1991
North Carolina,Class_11,13314.44,Open Water,#466b9f,1991
Delaware,Class_11,1388.93,Open Water,#466b9f,1991
Georgia,Class_11,3810.93,Open Water,#466b9f,1991
South Carolina,Class_11,4978.72,Open Water,#466b9f,1991
Virginia,Class_11,8385.82,Open Water,#466b9f,1991
District of Columbia,Class_11,17.86,Open Water,#466b9f,1991
Alabama,Class_11,4502.74,Open Water,#466b9f,1991
Tennessee,Class_11,2450.23,Open Water,#466b9f,1991
Kentucky,Class_11,1829.31,Open Water,#466b9f,1991
Mississippi,Class_11,4279.21,Open Water,#466b9f,1991
Louisiana,Class_11,23088.26,Open Water,#466b9f,1991
Texas,Class_11,16157.48,Open Water,#466b9f,1991
Oklahoma,Class_11,3010.31,Open Water,#466b9f,1991
Arkansas,Class_11,2907.73,Open Water,#466b9f,1991
West Virginia,Class_22,536.23,"Developed, Low Intensity",#d99282,1991
Florida,Class_22,7104.03,"Developed, Low Intensity",#d99282,1991
Maryland,Class_22,1393.48,"Developed, Low Intensity",#d99282,1991
North Carolina,Class_22,3532.02,"Developed, Low Intensity",#d99282,1991
Delaware,Class_22,287.06,"Developed, Low Intensity",#d99282,1991
Georgia,Class_22,3309.08,"Developed, Low Intensity",#d99282,1991
South Carolina,Class_22,2131.4,"Developed, Low Intensity",#d99282,1991
Virginia,Class_22,2207.46,"Developed, Low Intensity",#d99282,1991
District of Columbia,Class_22,32.84,"Developed, Low Intensity",#d99282,1991
Alabama,Class_22,2034.03,"Developed, Low Intensity",#d99282,1991
Tennessee,Class_22,2078.5,"Developed, Low Intensity",#d99282,1991
Kentucky,Class_22,1362.71,"Developed, Low Intensity",#d99282,1991
Mississippi,Class_22,1298.57,"Developed, Low Intensity",#d99282,1991
Louisiana,Class_22,1993.89,"Developed, Low Intensity",#d99282,1991
Texas,Class_22,9719.4,"Developed, Low Intensity",#d99282,1991
Oklahoma,Class_22,2203.4,"Developed, Low Intensity",#d99282,1991
Arkansas,Class_22,1539.32,"Developed, Low Intensity",#d99282,1991
West Virginia,Class_23,282.56,"Developed, Medium Intensity",#eb0000,1991
Florida,Class_23,2946.79,"Developed, Medium Intensity",#eb0000,1991
Maryland,Class_23,640.52,"Developed, Medium Intensity",#eb0000,1991
North Carolina,Class_23,819.58,"Developed, Medium Intensity",#eb0000,1991
Delaware,Class_23,142.85,"Developed, Medium Intensity",#eb0000,1991
Georgia,Class_23,824.58,"Developed, Medium Intensity",#eb0000,1991
South Carolina,Class_23,461.15,"Developed, Medium Intensity",#eb0000,1991
Virginia,Class_23,881.67,"Developed, Medium Intensity",#eb0000,1991
District of Columbia,Class_23,68.87,"Developed, Medium Intensity",#eb0000,1991
Alabama,Class_23,566.96,"Developed, Medium Intensity",#eb0000,1991
Tennessee,Class_23,681.29,"Developed, Medium Intensity",#eb0000,1991
Kentucky,Class_23,551.96,"Developed, Medium Intensity",#eb0000,1991
Mississippi,Class_23,309.2,"Developed, Medium Intensity",#eb0000,1991
Louisiana,Class_23,772.86,"Developed, Medium Intensity",#eb0000,1991
Texas,Class_23,4492.04,"Developed, Medium Intensity",#eb0000,1991
Oklahoma,Class_23,824.57,"Developed, Medium Intensity",#eb0000,1991
Arkansas,Class_23,347.38,"Developed, Medium Intensity",#eb0000,1991
West Virginia,Class_24,47.77,"Developed, High Intensity",#ab0000,1991
Florida,Class_24,452.59,"Developed, High Intensity",#ab0000,1991
Maryland,Class_24,180.49,"Developed, High Intensity",#ab0000,1991
North Carolina,Class_24,258.34,"Developed, High Intensity",#ab0000,1991
Delaware,Class_24,41.17,"Developed, High Intensity",#ab0000,1991
Georgia,Class_24,315.43,"Developed, High Intensity",#ab0000,1991
South Carolina,Class_24,156.68,"Developed, High Intensity",#ab0000,1991
Virginia,Class_24,237.8,"Developed, High Intensity",#ab0000,1991
District of Columbia,Class_24,18.23,"Developed, High Intensity",#ab0000,1991
Alabama,Class_24,150.63,"Developed, High Intensity",#ab0000,1991
Tennessee,Class_24,230.07,"Developed, High Intensity",#ab0000,1991
Kentucky,Class_24,153.59,"Developed, High Intensity",#ab0000,1991
Mississippi,Class_24,71.2,"Developed, High Intensity",#ab0000,1991
Louisiana,Class_24,195.21,"Developed, High Intensity",#ab0000,1991
Texas,Class_24,923.52,"Developed, High Intensity",#ab0000,1991
Oklahoma,Class_24,184.99,"Developed, High Intensity",#ab0000,1991
Arkansas,Class_24,104.94,"Developed, High Intensity",#ab0000,1991
West Virginia,Class_90,69.69,Woody Wetlands,#b8d9eb,1991
Florida,Class_90,39747.46,Woody Wetlands,#b8d9eb,1991
Maryland,Class_90,2823.68,Woody Wetlands,#b8d9eb,1991
North Carolina,Class_90,19464.59,Woody Wetlands,#b8d9eb,1991
Delaware,Class_90,998.24,Woody Wetlands,#b8d9eb,1991
Georgia,Class_90,26212.59,Woody Wetlands,#b8d9eb,1991
South Carolina,Class_90,17683.79,Woody Wetlands,#b8d9eb,1991
Virginia,Class_90,5315.12,Woody Wetlands,#b8d9eb,1991
District of Columbia,Class_90,1.87,Woody Wetlands,#b8d9eb,1991
Alabama,Class_90,17259.77,Woody Wetlands,#b8d9eb,1991
Tennessee,Class_90,3411.59,Woody Wetlands,#b8d9eb,1991
Kentucky,Class_90,1324.73,Woody Wetlands,#b8d9eb,1991
Mississippi,Class_90,22647.53,Woody Wetlands,#b8d9eb,1991
Louisiana,Class_90,28416.62,Woody Wetlands,#b8d9eb,1991
Texas,Class_90,19713.3,Woody Wetlands,#b8d9eb,1991
Oklahoma,Class_90,1385.24,Woody Wetlands,#b8d9eb,1991
Arkansas,Class_90,14179.82,Woody Wetlands,#b8d9eb,1991
West Virginia,Class_81,5577.62,Pasture/Hay,#dcd939,1992
Florida,Class_81,20045.09,Pasture/Hay,#dcd939,1992
Maryland,Class_81,2804.95,Pasture/Hay,#dcd939,1992
North Carolina,Class_81,12000.63,Pasture/Hay,#dcd939,1992
Delaware,Class_81,42.09,Pasture/Hay,#dcd939,1992
Georgia,Class_81,11867.74,Pasture/Hay,#dcd939,1992
South Carolina,Class_81,6006.42,Pasture/Hay,#dcd939,1992
Virginia,Class_81,17936.29,Pasture/Hay,#dcd939,1992
District of Columbia,Class_81,0.07,Pasture/Hay,#dcd939,1992
Alabama,Class_81,23293.64,Pasture/Hay,#dcd939,1992
Tennessee,Class_81,26137.19,Pasture/Hay,#dcd939,1992
Kentucky,Class_81,29562.79,Pasture/Hay,#dcd939,1992
Mississippi,Class_81,21539.47,Pasture/Hay,#dcd939,1992
Louisiana,Class_81,10600.35,Pasture/Hay,#dcd939,1992
Texas,Class_81,80400.47,Pasture/Hay,#dcd939,1992
Oklahoma,Class_81,22265.73,Pasture/Hay,#dcd939,1992
Arkansas,Class_81,20717.07,Pasture/Hay,#dcd939,1992
West Virginia,Class_71,119.85,Grassland/Herbaceous,#dfdfc2,1992
Florida,Class_71,2710.77,Grassland/Herbaceous,#dfdfc2,1992
Maryland,Class_71,15.72,Grassland/Herbaceous,#dfdfc2,1992
North Carolina,Class_71,1198.03,Grassland/Herbaceous,#dfdfc2,1992
Delaware,Class_71,10.04,Grassland/Herbaceous,#dfdfc2,1992
Georgia,Class_71,3484.6,Grassland/Herbaceous,#dfdfc2,1992
South Carolina,Class_71,1798.9,Grassland/Herbaceous,#dfdfc2,1992
Virginia,Class_71,1349.71,Grassland/Herbaceous,#dfdfc2,1992
District of Columbia,Class_71,0.0,Grassland/Herbaceous,#dfdfc2,1992
Alabama,Class_71,2320.94,Grassland/Herbaceous,#dfdfc2,1992
Tennessee,Class_71,256.66,Grassland/Herbaceous,#dfdfc2,1992
Kentucky,Class_71,125.97,Grassland/Herbaceous,#dfdfc2,1992
Mississippi,Class_71,1177.24,Grassland/Herbaceous,#dfdfc2,1992
Louisiana,Class_71,1653.71,Grassland/Herbaceous,#dfdfc2,1992
Texas,Class_71,82749.04,Grassland/Herbaceous,#dfdfc2,1992
Oklahoma,Class_71,67140.31,Grassland/Herbaceous,#dfdfc2,1992
Arkansas,Class_71,574.81,Grassland/Herbaceous,#dfdfc2,1992
West Virginia,Class_82,266.76,Cultivated Crops,#ab6c28,1992
Florida,Class_82,10985.76,Cultivated Crops,#ab6c28,1992
Maryland,Class_82,6083.05,Cultivated Crops,#ab6c28,1992
North Carolina,Class_82,20336.63,Cultivated Crops,#ab6c28,1992
Delaware,Class_82,2424.86,Cultivated Crops,#ab6c28,1992
Georgia,Class_82,22694.44,Cultivated Crops,#ab6c28,1992
South Carolina,Class_82,9859.27,Cultivated Crops,#ab6c28,1992
Virginia,Class_82,6190.92,Cultivated Crops,#ab6c28,1992
District of Columbia,Class_82,0.0,Cultivated Crops,#ab6c28,1992
Alabama,Class_82,7441.79,Cultivated Crops,#ab6c28,1992
Tennessee,Class_82,11560.16,Cultivated Crops,#ab6c28,1992
Kentucky,Class_82,10768.54,Cultivated Crops,#ab6c28,1992
Mississippi,Class_82,18074.85,Cultivated Crops,#ab6c28,1992
Louisiana,Class_82,20605.7,Cultivated Crops,#ab6c28,1992
Texas,Class_82,92886.18,Cultivated Crops,#ab6c28,1992
Oklahoma,Class_82,35901.85,Cultivated Crops,#ab6c28,1992
Arkansas,Class_82,30171.85,Cultivated Crops,#ab6c28,1992
West Virginia,Class_95,32.46,Emergent Herbaceous Wetlands,#6c9fb8,1992
Florida,Class_95,14954.76,Emergent Herbaceous Wetlands,#6c9fb8,1992
Maryland,Class_95,790.5,Emergent Herbaceous Wetlands,#6c9fb8,1992
North Carolina,Class_95,997.94,Emergent Herbaceous Wetlands,#6c9fb8,1992
Delaware,Class_95,327.02,Emergent Herbaceous Wetlands,#6c9fb8,1992
Georgia,Class_95,1715.14,Emergent Herbaceous Wetlands,#6c9fb8,1992
South Carolina,Class_95,1947.93,Emergent Herbaceous Wetlands,#6c9fb8,1992
Virginia,Class_95,811.54,Emergent Herbaceous Wetlands,#6c9fb8,1992
District of Columbia,Class_95,0.14,Emergent Herbaceous Wetlands,#6c9fb8,1992
Alabama,Class_95,180.21,Emergent Herbaceous Wetlands,#6c9fb8,1992
Tennessee,Class_95,142.63,Emergent Herbaceous Wetlands,#6c9fb8,1992
Kentucky,Class_95,134.37,Emergent Herbaceous Wetlands,#6c9fb8,1992
Mississippi,Class_95,478.21,Emergent Herbaceous Wetlands,#6c9fb8,1992
Louisiana,Class_95,12639.43,Emergent Herbaceous Wetlands,#6c9fb8,1992
Texas,Class_95,7419.75,Emergent Herbaceous Wetlands,#6c9fb8,1992
Oklahoma,Class_95,281.67,Emergent Herbaceous Wetlands,#6c9fb8,1992
Arkansas,Class_95,102.15,Emergent Herbaceous Wetlands,#6c9fb8,1992
West Virginia,Class_41,49898.83,Deciduous Forest,#68ab5f,1992
Florida,Class_41,11.08,Deciduous Forest,#68ab5f,1992
Maryland,Class_41,6530.68,Deciduous Forest,#68ab5f,1992
North Carolina,Class_41,28775.72,Deciduous Forest,#68ab5f,1992
Delaware,Class_41,224.2,Deciduous Forest,#68ab5f,1992
Georgia,Class_41,21652.44,Deciduous Forest,#68ab5f,1992
South Carolina,Class_41,7626.99,Deciduous Forest,#68ab5f,1992
Virginia,Class_41,38412.27,Deciduous Forest,#68ab5f,1992
District of Columbia,Class_41,12.65,Deciduous Forest,#68ab5f,1992
Alabama,Class_41,28107.53,Deciduous Forest,#68ab5f,1992
Tennessee,Class_41,46055.43,Deciduous Forest,#68ab5f,1992
Kentucky,Class_41,50257.28,Deciduous Forest,#68ab5f,1992
Mississippi,Class_41,14866.18,Deciduous Forest,#68ab5f,1992
Louisiana,Class_41,547.8,Deciduous Forest,#68ab5f,1992
Texas,Class_41,8417.58,Deciduous Forest,#68ab5f,1992
Oklahoma,Class_41,28277.49,Deciduous Forest,#68ab5f,1992
Arkansas,Class_41,28405.16,Deciduous Forest,#68ab5f,1992
West Virginia,Class_52,10.75,Shrub/Scrub,#ccb879,1992
Florida,Class_52,5308.96,Shrub/Scrub,#ccb879,1992
Maryland,Class_52,82.01,Shrub/Scrub,#ccb879,1992
North Carolina,Class_52,1558.56,Shrub/Scrub,#ccb879,1992
Delaware,Class_52,10.26,Shrub/Scrub,#ccb879,1992
Georgia,Class_52,4273.45,Shrub/Scrub,#ccb879,1992
South Carolina,Class_52,1840.18,Shrub/Scrub,#ccb879,1992
Virginia,Class_52,929.64,Shrub/Scrub,#ccb879,1992
District of Columbia,Class_52,0.07,Shrub/Scrub,#ccb879,1992
Alabama,Class_52,5480.84,Shrub/Scrub,#ccb879,1992
Tennessee,Class_52,311.56,Shrub/Scrub,#ccb879,1992
Kentucky,Class_52,35.89,Shrub/Scrub,#ccb879,1992
Mississippi,Class_52,4677.26,Shrub/Scrub,#ccb879,1992
Louisiana,Class_52,3247.8,Shrub/Scrub,#ccb879,1992
Texas,Class_52,309644.58,Shrub/Scrub,#ccb879,1992
Oklahoma,Class_52,5524.23,Shrub/Scrub,#ccb879,1992
Arkansas,Class_52,1615.4,Shrub/Scrub,#ccb879,1992
West Virginia,Class_31,269.98,Barren Land,#b3ac9f,1992
Florida,Class_31,810.9,Barren Land,#b3ac9f,1992
Maryland,Class_31,102.16,Barren Land,#b3ac9f,1992
North Carolina,Class_31,322.08,Barren Land,#b3ac9f,1992
Delaware,Class_31,17.65,Barren Land,#b3ac9f,1992
Georgia,Class_31,296.14,Barren Land,#b3ac9f,1992
South Carolina,Class_31,169.04,Barren Land,#b3ac9f,1992
Virginia,Class_31,215.2,Barren Land,#b3ac9f,1992
District of Columbia,Class_31,0.0,Barren Land,#b3ac9f,1992
Alabama,Class_31,200.77,Barren Land,#b3ac9f,1992
Tennessee,Class_31,136.45,Barren Land,#b3ac9f,1992
Kentucky,Class_31,260.88,Barren Land,#b3ac9f,1992
Mississippi,Class_31,195.38,Barren Land,#b3ac9f,1992
Louisiana,Class_31,201.84,Barren Land,#b3ac9f,1992
Texas,Class_31,1924.55,Barren Land,#b3ac9f,1992
Oklahoma,Class_31,525.49,Barren Land,#b3ac9f,1992
Arkansas,Class_31,179.98,Barren Land,#b3ac9f,1992
West Virginia,Class_42,375.89,Evergreen Forest,#1c5f2c,1992
Florida,Class_42,29267.79,Evergreen Forest,#1c5f2c,1992
Maryland,Class_42,511.67,Evergreen Forest,#1c5f2c,1992
North Carolina,Class_42,19187.65,Evergreen Forest,#1c5f2c,1992
Delaware,Class_42,150.78,Evergreen Forest,#1c5f2c,1992
Georgia,Class_42,40704.19,Evergreen Forest,#1c5f2c,1992
South Carolina,Class_42,22497.1,Evergreen Forest,#1c5f2c,1992
Virginia,Class_42,8514.23,Evergreen Forest,#1c5f2c,1992
District of Columbia,Class_42,0.07,Evergreen Forest,#1c5f2c,1992
Alabama,Class_42,26849.29,Evergreen Forest,#1c5f2c,1992
Tennessee,Class_42,3206.49,Evergreen Forest,#1c5f2c,1992
Kentucky,Class_42,476.64,Evergreen Forest,#1c5f2c,1992
Mississippi,Class_42,20285.44,Evergreen Forest,#1c5f2c,1992
Louisiana,Class_42,26024.84,Evergreen Forest,#1c5f2c,1992
Texas,Class_42,37865.59,Evergreen Forest,#1c5f2c,1992
Oklahoma,Class_42,5940.85,Evergreen Forest,#1c5f2c,1992
Arkansas,Class_42,28291.87,Evergreen Forest,#1c5f2c,1992
West Virginia,Class_21,1642.69,"Developed, Open Space",#dec5c5,1992
Florida,Class_21,6974.32,"Developed, Open Space",#dec5c5,1992
Maryland,Class_21,1740.59,"Developed, Open Space",#dec5c5,1992
North Carolina,Class_21,6535.31,"Developed, Open Space",#dec5c5,1992
Delaware,Class_21,216.16,"Developed, Open Space",#dec5c5,1992
Georgia,Class_21,7229.32,"Developed, Open Space",#dec5c5,1992
South Carolina,Class_21,3659.77,"Developed, Open Space",#dec5c5,1992
Virginia,Class_21,4606.32,"Developed, Open Space",#dec5c5,1992
District of Columbia,Class_21,24.4,"Developed, Open Space",#dec5c5,1992
Alabama,Class_21,6118.08,"Developed, Open Space",#dec5c5,1992
Tennessee,Class_21,5123.64,"Developed, Open Space",#dec5c5,1992
Kentucky,Class_21,3470.49,"Developed, Open Space",#dec5c5,1992
Mississippi,Class_21,4644.95,"Developed, Open Space",#dec5c5,1992
Louisiana,Class_21,3001.1,"Developed, Open Space",#dec5c5,1992
Texas,Class_21,9683.16,"Developed, Open Space",#dec5c5,1992
Oklahoma,Class_21,4507.96,"Developed, Open Space",#dec5c5,1992
Arkansas,Class_21,2809.19,"Developed, Open Space",#dec5c5,1992
West Virginia,Class_43,3209.25,Mixed Forest,#b5c58f,1992
Florida,Class_43,133.35,Mixed Forest,#b5c58f,1992
Maryland,Class_43,1441.44,Mixed Forest,#b5c58f,1992
North Carolina,Class_43,11081.86,Mixed Forest,#b5c58f,1992
Delaware,Class_43,162.16,Mixed Forest,#b5c58f,1992
Georgia,Class_43,5494.17,Mixed Forest,#b5c58f,1992
South Carolina,Class_43,2099.37,Mixed Forest,#b5c58f,1992
Virginia,Class_43,14815.52,Mixed Forest,#b5c58f,1992
District of Columbia,Class_43,0.0,Mixed Forest,#b5c58f,1992
Alabama,Class_43,11281.51,Mixed Forest,#b5c58f,1992
Tennessee,Class_43,7384.94,Mixed Forest,#b5c58f,1992
Kentucky,Class_43,4341.38,Mixed Forest,#b5c58f,1992
Mississippi,Class_43,10967.15,Mixed Forest,#b5c58f,1992
Louisiana,Class_43,1265.1,Mixed Forest,#b5c58f,1992
Texas,Class_43,13263.35,Mixed Forest,#b5c58f,1992
Oklahoma,Class_43,2959.65,Mixed Forest,#b5c58f,1992
Arkansas,Class_43,5741.91,Mixed Forest,#b5c58f,1992
West Virginia,Class_11,413.91,Open Water,#466b9f,1992
Florida,Class_11,28570.32,Open Water,#466b9f,1992
Maryland,Class_11,6987.39,Open Water,#466b9f,1992
North Carolina,Class_11,13311.04,Open Water,#466b9f,1992
Delaware,Class_11,1388.15,Open Water,#466b9f,1992
Georgia,Class_11,3812.51,Open Water,#466b9f,1992
South Carolina,Class_11,4975.79,Open Water,#466b9f,1992
Virginia,Class_11,8363.12,Open Water,#466b9f,1992
District of Columbia,Class_11,17.79,Open Water,#466b9f,1992
Alabama,Class_11,4503.98,Open Water,#466b9f,1992
Tennessee,Class_11,2430.4,Open Water,#466b9f,1992
Kentucky,Class_11,1826.71,Open Water,#466b9f,1992
Mississippi,Class_11,4145.52,Open Water,#466b9f,1992
Louisiana,Class_11,23040.23,Open Water,#466b9f,1992
Texas,Class_11,16392.42,Open Water,#466b9f,1992
Oklahoma,Class_11,3119.97,Open Water,#466b9f,1992
Arkansas,Class_11,2926.03,Open Water,#466b9f,1992
West Virginia,Class_22,537.12,"Developed, Low Intensity",#d99282,1992
Florida,Class_22,7107.37,"Developed, Low Intensity",#d99282,1992
Maryland,Class_22,1397.65,"Developed, Low Intensity",#d99282,1992
North Carolina,Class_22,3534.37,"Developed, Low Intensity",#d99282,1992
Delaware,Class_22,289.54,"Developed, Low Intensity",#d99282,1992
Georgia,Class_22,3309.5,"Developed, Low Intensity",#d99282,1992
South Carolina,Class_22,2132.8,"Developed, Low Intensity",#d99282,1992
Virginia,Class_22,2210.79,"Developed, Low Intensity",#d99282,1992
District of Columbia,Class_22,32.84,"Developed, Low Intensity",#d99282,1992
Alabama,Class_22,2034.41,"Developed, Low Intensity",#d99282,1992
Tennessee,Class_22,2082.14,"Developed, Low Intensity",#d99282,1992
Kentucky,Class_22,1365.8,"Developed, Low Intensity",#d99282,1992
Mississippi,Class_22,1300.98,"Developed, Low Intensity",#d99282,1992
Louisiana,Class_22,1997.66,"Developed, Low Intensity",#d99282,1992
Texas,Class_22,9744.74,"Developed, Low Intensity",#d99282,1992
Oklahoma,Class_22,2205.02,"Developed, Low Intensity",#d99282,1992
Arkansas,Class_22,1538.28,"Developed, Low Intensity",#d99282,1992
West Virginia,Class_23,282.14,"Developed, Medium Intensity",#eb0000,1992
Florida,Class_23,2947.81,"Developed, Medium Intensity",#eb0000,1992
Maryland,Class_23,639.96,"Developed, Medium Intensity",#eb0000,1992
North Carolina,Class_23,818.77,"Developed, Medium Intensity",#eb0000,1992
Delaware,Class_23,143.34,"Developed, Medium Intensity",#eb0000,1992
Georgia,Class_23,823.92,"Developed, Medium Intensity",#eb0000,1992
South Carolina,Class_23,461.82,"Developed, Medium Intensity",#eb0000,1992
Virginia,Class_23,882.74,"Developed, Medium Intensity",#eb0000,1992
District of Columbia,Class_23,68.8,"Developed, Medium Intensity",#eb0000,1992
Alabama,Class_23,566.5,"Developed, Medium Intensity",#eb0000,1992
Tennessee,Class_23,681.36,"Developed, Medium Intensity",#eb0000,1992
Kentucky,Class_23,550.96,"Developed, Medium Intensity",#eb0000,1992
Mississippi,Class_23,308.52,"Developed, Medium Intensity",#eb0000,1992
Louisiana,Class_23,772.63,"Developed, Medium Intensity",#eb0000,1992
Texas,Class_23,4496.05,"Developed, Medium Intensity",#eb0000,1992
Oklahoma,Class_23,825.22,"Developed, Medium Intensity",#eb0000,1992
Arkansas,Class_23,347.44,"Developed, Medium Intensity",#eb0000,1992
West Virginia,Class_24,48.19,"Developed, High Intensity",#ab0000,1992
Florida,Class_24,453.24,"Developed, High Intensity",#ab0000,1992
Maryland,Class_24,180.29,"Developed, High Intensity",#ab0000,1992
North Carolina,Class_24,258.11,"Developed, High Intensity",#ab0000,1992
Delaware,Class_24,41.23,"Developed, High Intensity",#ab0000,1992
Georgia,Class_24,315.42,"Developed, High Intensity",#ab0000,1992
South Carolina,Class_24,157.13,"Developed, High Intensity",#ab0000,1992
Virginia,Class_24,237.01,"Developed, High Intensity",#ab0000,1992
District of Columbia,Class_24,18.23,"Developed, High Intensity",#ab0000,1992
Alabama,Class_24,151.26,"Developed, High Intensity",#ab0000,1992
Tennessee,Class_24,229.99,"Developed, High Intensity",#ab0000,1992
Kentucky,Class_24,153.38,"Developed, High Intensity",#ab0000,1992
Mississippi,Class_24,71.27,"Developed, High Intensity",#ab0000,1992
Louisiana,Class_24,194.83,"Developed, High Intensity",#ab0000,1992
Texas,Class_24,921.53,"Developed, High Intensity",#ab0000,1992
Oklahoma,Class_24,184.77,"Developed, High Intensity",#ab0000,1992
Arkansas,Class_24,104.57,"Developed, High Intensity",#ab0000,1992
West Virginia,Class_90,69.48,Woody Wetlands,#b8d9eb,1992
Florida,Class_90,39798.88,Woody Wetlands,#b8d9eb,1992
Maryland,Class_90,2821.13,Woody Wetlands,#b8d9eb,1992
North Carolina,Class_90,19467.17,Woody Wetlands,#b8d9eb,1992
Delaware,Class_90,998.23,Woody Wetlands,#b8d9eb,1992
Georgia,Class_90,26231.2,Woody Wetlands,#b8d9eb,1992
South Carolina,Class_90,17676.83,Woody Wetlands,#b8d9eb,1992
Virginia,Class_90,5309.0,Woody Wetlands,#b8d9eb,1992
District of Columbia,Class_90,1.94,Woody Wetlands,#b8d9eb,1992
Alabama,Class_90,17235.03,Woody Wetlands,#b8d9eb,1992
Tennessee,Class_90,3412.86,Woody Wetlands,#b8d9eb,1992
Kentucky,Class_90,1323.22,Woody Wetlands,#b8d9eb,1992
Mississippi,Class_90,22705.59,Woody Wetlands,#b8d9eb,1992
Louisiana,Class_90,28459.98,Woody Wetlands,#b8d9eb,1992
Texas,Class_90,19712.13,Woody Wetlands,#b8d9eb,1992
Oklahoma,Class_90,1376.76,Woody Wetlands,#b8d9eb,1992
Arkansas,Class_90,14205.34,Woody Wetlands,#b8d9eb,1992
West Virginia,Class_81,5581.25,Pasture/Hay,#dcd939,1993
Florida,Class_81,19918.66,Pasture/Hay,#dcd939,1993
Maryland,Class_81,2790.34,Pasture/Hay,#dcd939,1993
North Carolina,Class_81,12001.8,Pasture/Hay,#dcd939,1993
Delaware,Class_81,41.91,Pasture/Hay,#dcd939,1993
Georgia,Class_81,11902.72,Pasture/Hay,#dcd939,1993
South Carolina,Class_81,6014.19,Pasture/Hay,#dcd939,1993
Virginia,Class_81,17959.5,Pasture/Hay,#dcd939,1993
District of Columbia,Class_81,0.07,Pasture/Hay,#dcd939,1993
Alabama,Class_81,23329.18,Pasture/Hay,#dcd939,1993
Tennessee,Class_81,26228.62,Pasture/Hay,#dcd939,1993
Kentucky,Class_81,29611.86,Pasture/Hay,#dcd939,1993
Mississippi,Class_81,21532.4,Pasture/Hay,#dcd939,1993
Louisiana,Class_81,10693.43,Pasture/Hay,#dcd939,1993
Texas,Class_81,80835.38,Pasture/Hay,#dcd939,1993
Oklahoma,Class_81,22292.64,Pasture/Hay,#dcd939,1993
Arkansas,Class_81,20767.91,Pasture/Hay,#dcd939,1993
West Virginia,Class_71,135.8,Grassland/Herbaceous,#dfdfc2,1993
Florida,Class_71,2685.97,Grassland/Herbaceous,#dfdfc2,1993
Maryland,Class_71,18.12,Grassland/Herbaceous,#dfdfc2,1993
North Carolina,Class_71,1217.34,Grassland/Herbaceous,#dfdfc2,1993
Delaware,Class_71,12.35,Grassland/Herbaceous,#dfdfc2,1993
Georgia,Class_71,3633.71,Grassland/Herbaceous,#dfdfc2,1993
South Carolina,Class_71,1884.05,Grassland/Herbaceous,#dfdfc2,1993
Virginia,Class_71,1343.25,Grassland/Herbaceous,#dfdfc2,1993
District of Columbia,Class_71,0.0,Grassland/Herbaceous,#dfdfc2,1993
Alabama,Class_71,2395.43,Grassland/Herbaceous,#dfdfc2,1993
Tennessee,Class_71,271.57,Grassland/Herbaceous,#dfdfc2,1993
Kentucky,Class_71,125.36,Grassland/Herbaceous,#dfdfc2,1993
Mississippi,Class_71,1208.4,Grassland/Herbaceous,#dfdfc2,1993
Louisiana,Class_71,1475.66,Grassland/Herbaceous,#dfdfc2,1993
Texas,Class_71,82824.84,Grassland/Herbaceous,#dfdfc2,1993
Oklahoma,Class_71,67322.53,Grassland/Herbaceous,#dfdfc2,1993
Arkansas,Class_71,555.75,Grassland/Herbaceous,#dfdfc2,1993
West Virginia,Class_82,264.51,Cultivated Crops,#ab6c28,1993
Florida,Class_82,11031.69,Cultivated Crops,#ab6c28,1993
Maryland,Class_82,6076.57,Cultivated Crops,#ab6c28,1993
North Carolina,Class_82,20310.23,Cultivated Crops,#ab6c28,1993
Delaware,Class_82,2419.19,Cultivated Crops,#ab6c28,1993
Georgia,Class_82,22633.01,Cultivated Crops,#ab6c28,1993
South Carolina,Class_82,9830.67,Cultivated Crops,#ab6c28,1993
Virginia,Class_82,6151.5,Cultivated Crops,#ab6c28,1993
District of Columbia,Class_82,0.0,Cultivated Crops,#ab6c28,1993
Alabama,Class_82,7341.74,Cultivated Crops,#ab6c28,1993
Tennessee,Class_82,11440.43,Cultivated Crops,#ab6c28,1993
Kentucky,Class_82,10722.32,Cultivated Crops,#ab6c28,1993
Mississippi,Class_82,17961.65,Cultivated Crops,#ab6c28,1993
Louisiana,Class_82,20460.61,Cultivated Crops,#ab6c28,1993
Texas,Class_82,91902.82,Cultivated Crops,#ab6c28,1993
Oklahoma,Class_82,35668.54,Cultivated Crops,#ab6c28,1993
Arkansas,Class_82,30127.83,Cultivated Crops,#ab6c28,1993
West Virginia,Class_95,32.39,Emergent Herbaceous Wetlands,#6c9fb8,1993
Florida,Class_95,14901.5,Emergent Herbaceous Wetlands,#6c9fb8,1993
Maryland,Class_95,786.08,Emergent Herbaceous Wetlands,#6c9fb8,1993
North Carolina,Class_95,993.87,Emergent Herbaceous Wetlands,#6c9fb8,1993
Delaware,Class_95,327.43,Emergent Herbaceous Wetlands,#6c9fb8,1993
Georgia,Class_95,1714.37,Emergent Herbaceous Wetlands,#6c9fb8,1993
South Carolina,Class_95,1943.01,Emergent Herbaceous Wetlands,#6c9fb8,1993
Virginia,Class_95,806.86,Emergent Herbaceous Wetlands,#6c9fb8,1993
District of Columbia,Class_95,0.21,Emergent Herbaceous Wetlands,#6c9fb8,1993
Alabama,Class_95,179.58,Emergent Herbaceous Wetlands,#6c9fb8,1993
Tennessee,Class_95,138.45,Emergent Herbaceous Wetlands,#6c9fb8,1993
Kentucky,Class_95,131.68,Emergent Herbaceous Wetlands,#6c9fb8,1993
Mississippi,Class_95,469.46,Emergent Herbaceous Wetlands,#6c9fb8,1993
Louisiana,Class_95,12649.05,Emergent Herbaceous Wetlands,#6c9fb8,1993
Texas,Class_95,7457.47,Emergent Herbaceous Wetlands,#6c9fb8,1993
Oklahoma,Class_95,278.12,Emergent Herbaceous Wetlands,#6c9fb8,1993
Arkansas,Class_95,98.71,Emergent Herbaceous Wetlands,#6c9fb8,1993
West Virginia,Class_41,49862.98,Deciduous Forest,#68ab5f,1993
Florida,Class_41,10.71,Deciduous Forest,#68ab5f,1993
Maryland,Class_41,6519.76,Deciduous Forest,#68ab5f,1993
North Carolina,Class_41,28640.73,Deciduous Forest,#68ab5f,1993
Delaware,Class_41,221.61,Deciduous Forest,#68ab5f,1993
Georgia,Class_41,21547.62,Deciduous Forest,#68ab5f,1993
South Carolina,Class_41,7570.16,Deciduous Forest,#68ab5f,1993
Virginia,Class_41,38270.28,Deciduous Forest,#68ab5f,1993
District of Columbia,Class_41,12.66,Deciduous Forest,#68ab5f,1993
Alabama,Class_41,27695.78,Deciduous Forest,#68ab5f,1993
Tennessee,Class_41,45956.99,Deciduous Forest,#68ab5f,1993
Kentucky,Class_41,50164.38,Deciduous Forest,#68ab5f,1993
Mississippi,Class_41,14558.98,Deciduous Forest,#68ab5f,1993
Louisiana,Class_41,534.76,Deciduous Forest,#68ab5f,1993
Texas,Class_41,8436.48,Deciduous Forest,#68ab5f,1993
Oklahoma,Class_41,28271.22,Deciduous Forest,#68ab5f,1993
Arkansas,Class_41,28361.35,Deciduous Forest,#68ab5f,1993
West Virginia,Class_52,9.13,Shrub/Scrub,#ccb879,1993
Florida,Class_52,5300.67,Shrub/Scrub,#ccb879,1993
Maryland,Class_52,82.04,Shrub/Scrub,#ccb879,1993
North Carolina,Class_52,1553.95,Shrub/Scrub,#ccb879,1993
Delaware,Class_52,10.72,Shrub/Scrub,#ccb879,1993
Georgia,Class_52,4109.54,Shrub/Scrub,#ccb879,1993
South Carolina,Class_52,1733.29,Shrub/Scrub,#ccb879,1993
Virginia,Class_52,951.04,Shrub/Scrub,#ccb879,1993
District of Columbia,Class_52,0.07,Shrub/Scrub,#ccb879,1993
Alabama,Class_52,5804.56,Shrub/Scrub,#ccb879,1993
Tennessee,Class_52,309.37,Shrub/Scrub,#ccb879,1993
Kentucky,Class_52,36.53,Shrub/Scrub,#ccb879,1993
Mississippi,Class_52,5041.65,Shrub/Scrub,#ccb879,1993
Louisiana,Class_52,3338.17,Shrub/Scrub,#ccb879,1993
Texas,Class_52,309771.84,Shrub/Scrub,#ccb879,1993
Oklahoma,Class_52,5464.53,Shrub/Scrub,#ccb879,1993
Arkansas,Class_52,1481.49,Shrub/Scrub,#ccb879,1993
West Virginia,Class_31,276.71,Barren Land,#b3ac9f,1993
Florida,Class_31,814.5,Barren Land,#b3ac9f,1993
Maryland,Class_31,102.64,Barren Land,#b3ac9f,1993
North Carolina,Class_31,319.15,Barren Land,#b3ac9f,1993
Delaware,Class_31,17.51,Barren Land,#b3ac9f,1993
Georgia,Class_31,302.14,Barren Land,#b3ac9f,1993
South Carolina,Class_31,172.17,Barren Land,#b3ac9f,1993
Virginia,Class_31,200.16,Barren Land,#b3ac9f,1993
District of Columbia,Class_31,0.0,Barren Land,#b3ac9f,1993
Alabama,Class_31,201.96,Barren Land,#b3ac9f,1993
Tennessee,Class_31,125.47,Barren Land,#b3ac9f,1993
Kentucky,Class_31,268.54,Barren Land,#b3ac9f,1993
Mississippi,Class_31,168.98,Barren Land,#b3ac9f,1993
Louisiana,Class_31,198.19,Barren Land,#b3ac9f,1993
Texas,Class_31,1956.09,Barren Land,#b3ac9f,1993
Oklahoma,Class_31,559.95,Barren Land,#b3ac9f,1993
Arkansas,Class_31,186.68,Barren Land,#b3ac9f,1993
West Virginia,Class_42,375.4,Evergreen Forest,#1c5f2c,1993
Florida,Class_42,29248.89,Evergreen Forest,#1c5f2c,1993
Maryland,Class_42,508.17,Evergreen Forest,#1c5f2c,1993
North Carolina,Class_42,19130.11,Evergreen Forest,#1c5f2c,1993
Delaware,Class_42,148.39,Evergreen Forest,#1c5f2c,1993
Georgia,Class_42,40474.79,Evergreen Forest,#1c5f2c,1993
South Carolina,Class_42,22477.11,Evergreen Forest,#1c5f2c,1993
Virginia,Class_42,8546.4,Evergreen Forest,#1c5f2c,1993
District of Columbia,Class_42,0.07,Evergreen Forest,#1c5f2c,1993
Alabama,Class_42,26706.28,Evergreen Forest,#1c5f2c,1993
Tennessee,Class_42,3198.4,Evergreen Forest,#1c5f2c,1993
Kentucky,Class_42,472.18,Evergreen Forest,#1c5f2c,1993
Mississippi,Class_42,20160.92,Evergreen Forest,#1c5f2c,1993
Louisiana,Class_42,26162.78,Evergreen Forest,#1c5f2c,1993
Texas,Class_42,38086.76,Evergreen Forest,#1c5f2c,1993
Oklahoma,Class_42,5986.15,Evergreen Forest,#1c5f2c,1993
Arkansas,Class_42,28421.29,Evergreen Forest,#1c5f2c,1993
West Virginia,Class_21,1655.37,"Developed, Open Space",#dec5c5,1993
Florida,Class_21,7110.45,"Developed, Open Space",#dec5c5,1993
Maryland,Class_21,1767.48,"Developed, Open Space",#dec5c5,1993
North Carolina,Class_21,6641.01,"Developed, Open Space",#dec5c5,1993
Delaware,Class_21,222.04,"Developed, Open Space",#dec5c5,1993
Georgia,Class_21,7432.96,"Developed, Open Space",#dec5c5,1993
South Carolina,Class_21,3734.45,"Developed, Open Space",#dec5c5,1993
Virginia,Class_21,4656.68,"Developed, Open Space",#dec5c5,1993
District of Columbia,Class_21,24.4,"Developed, Open Space",#dec5c5,1993
Alabama,Class_21,6197.48,"Developed, Open Space",#dec5c5,1993
Tennessee,Class_21,5191.92,"Developed, Open Space",#dec5c5,1993
Kentucky,Class_21,3523.96,"Developed, Open Space",#dec5c5,1993
Mississippi,Class_21,4697.29,"Developed, Open Space",#dec5c5,1993
Louisiana,Class_21,3039.59,"Developed, Open Space",#dec5c5,1993
Texas,Class_21,9850.58,"Developed, Open Space",#dec5c5,1993
Oklahoma,Class_21,4533.59,"Developed, Open Space",#dec5c5,1993
Arkansas,Class_21,2834.64,"Developed, Open Space",#dec5c5,1993
West Virginia,Class_43,3210.62,Mixed Forest,#b5c58f,1993
Florida,Class_43,133.09,Mixed Forest,#b5c58f,1993
Maryland,Class_43,1441.83,Mixed Forest,#b5c58f,1993
North Carolina,Class_43,11164.82,Mixed Forest,#b5c58f,1993
Delaware,Class_43,163.6,Mixed Forest,#b5c58f,1993
Georgia,Class_43,5665.44,Mixed Forest,#b5c58f,1993
South Carolina,Class_43,2153.53,Mixed Forest,#b5c58f,1993
Virginia,Class_43,14868.02,Mixed Forest,#b5c58f,1993
District of Columbia,Class_43,0.0,Mixed Forest,#b5c58f,1993
Alabama,Class_43,11428.31,Mixed Forest,#b5c58f,1993
Tennessee,Class_43,7421.56,Mixed Forest,#b5c58f,1993
Kentucky,Class_43,4361.09,Mixed Forest,#b5c58f,1993
Mississippi,Class_43,11005.17,Mixed Forest,#b5c58f,1993
Louisiana,Class_43,1263.67,Mixed Forest,#b5c58f,1993
Texas,Class_43,13296.98,Mixed Forest,#b5c58f,1993
Oklahoma,Class_43,2978.0,Mixed Forest,#b5c58f,1993
Arkansas,Class_43,5776.67,Mixed Forest,#b5c58f,1993
West Virginia,Class_11,412.68,Open Water,#466b9f,1993
Florida,Class_11,28610.11,Open Water,#466b9f,1993
Maryland,Class_11,6993.99,Open Water,#466b9f,1993
North Carolina,Class_11,13333.57,Open Water,#466b9f,1993
Delaware,Class_11,1387.37,Open Water,#466b9f,1993
Georgia,Class_11,3805.18,Open Water,#466b9f,1993
South Carolina,Class_11,4976.11,Open Water,#466b9f,1993
Virginia,Class_11,8393.6,Open Water,#466b9f,1993
District of Columbia,Class_11,17.59,Open Water,#466b9f,1993
Alabama,Class_11,4506.53,Open Water,#466b9f,1993
Tennessee,Class_11,2468.13,Open Water,#466b9f,1993
Kentucky,Class_11,1844.89,Open Water,#466b9f,1993
Mississippi,Class_11,4238.82,Open Water,#466b9f,1993
Louisiana,Class_11,23003.54,Open Water,#466b9f,1993
Texas,Class_11,16204.19,Open Water,#466b9f,1993
Oklahoma,Class_11,3089.18,Open Water,#466b9f,1993
Arkansas,Class_11,2925.45,Open Water,#466b9f,1993
West Virginia,Class_22,538.35,"Developed, Low Intensity",#d99282,1993
Florida,Class_22,7117.81,"Developed, Low Intensity",#d99282,1993
Maryland,Class_22,1403.27,"Developed, Low Intensity",#d99282,1993
North Carolina,Class_22,3535.99,"Developed, Low Intensity",#d99282,1993
Delaware,Class_22,291.04,"Developed, Low Intensity",#d99282,1993
Georgia,Class_22,3309.86,"Developed, Low Intensity",#d99282,1993
South Carolina,Class_22,2136.47,"Developed, Low Intensity",#d99282,1993
Virginia,Class_22,2214.74,"Developed, Low Intensity",#d99282,1993
District of Columbia,Class_22,32.97,"Developed, Low Intensity",#d99282,1993
Alabama,Class_22,2033.71,"Developed, Low Intensity",#d99282,1993
Tennessee,Class_22,2084.11,"Developed, Low Intensity",#d99282,1993
Kentucky,Class_22,1367.82,"Developed, Low Intensity",#d99282,1993
Mississippi,Class_22,1299.24,"Developed, Low Intensity",#d99282,1993
Louisiana,Class_22,1998.28,"Developed, Low Intensity",#d99282,1993
Texas,Class_22,9766.1,"Developed, Low Intensity",#d99282,1993
Oklahoma,Class_22,2209.43,"Developed, Low Intensity",#d99282,1993
Arkansas,Class_22,1539.5,"Developed, Low Intensity",#d99282,1993
West Virginia,Class_23,281.92,"Developed, Medium Intensity",#eb0000,1993
Florida,Class_23,2946.78,"Developed, Medium Intensity",#eb0000,1993
Maryland,Class_23,639.54,"Developed, Medium Intensity",#eb0000,1993
North Carolina,Class_23,818.69,"Developed, Medium Intensity",#eb0000,1993
Delaware,Class_23,143.07,"Developed, Medium Intensity",#eb0000,1993
Georgia,Class_23,822.72,"Developed, Medium Intensity",#eb0000,1993
South Carolina,Class_23,461.97,"Developed, Medium Intensity",#eb0000,1993
Virginia,Class_23,882.61,"Developed, Medium Intensity",#eb0000,1993
District of Columbia,Class_23,68.8,"Developed, Medium Intensity",#eb0000,1993
Alabama,Class_23,566.07,"Developed, Medium Intensity",#eb0000,1993
Tennessee,Class_23,680.63,"Developed, Medium Intensity",#eb0000,1993
Kentucky,Class_23,550.17,"Developed, Medium Intensity",#eb0000,1993
Mississippi,Class_23,308.32,"Developed, Medium Intensity",#eb0000,1993
Louisiana,Class_23,773.59,"Developed, Medium Intensity",#eb0000,1993
Texas,Class_23,4494.93,"Developed, Medium Intensity",#eb0000,1993
Oklahoma,Class_23,824.49,"Developed, Medium Intensity",#eb0000,1993
Arkansas,Class_23,347.29,"Developed, Medium Intensity",#eb0000,1993
West Virginia,Class_24,48.12,"Developed, High Intensity",#ab0000,1993
Florida,Class_24,453.87,"Developed, High Intensity",#ab0000,1993
Maryland,Class_24,179.94,"Developed, High Intensity",#ab0000,1993
North Carolina,Class_24,258.41,"Developed, High Intensity",#ab0000,1993
Delaware,Class_24,41.23,"Developed, High Intensity",#ab0000,1993
Georgia,Class_24,314.9,"Developed, High Intensity",#ab0000,1993
South Carolina,Class_24,157.57,"Developed, High Intensity",#ab0000,1993
Virginia,Class_24,237.01,"Developed, High Intensity",#ab0000,1993
District of Columbia,Class_24,18.23,"Developed, High Intensity",#ab0000,1993
Alabama,Class_24,151.26,"Developed, High Intensity",#ab0000,1993
Tennessee,Class_24,230.13,"Developed, High Intensity",#ab0000,1993
Kentucky,Class_24,153.6,"Developed, High Intensity",#ab0000,1993
Mississippi,Class_24,71.35,"Developed, High Intensity",#ab0000,1993
Louisiana,Class_24,195.45,"Developed, High Intensity",#ab0000,1993
Texas,Class_24,921.62,"Developed, High Intensity",#ab0000,1993
Oklahoma,Class_24,184.92,"Developed, High Intensity",#ab0000,1993
Arkansas,Class_24,105.23,"Developed, High Intensity",#ab0000,1993
West Virginia,Class_90,69.69,Woody Wetlands,#b8d9eb,1993
Florida,Class_90,39795.67,Woody Wetlands,#b8d9eb,1993
Maryland,Class_90,2819.44,Woody Wetlands,#b8d9eb,1993
North Carolina,Class_90,19464.19,Woody Wetlands,#b8d9eb,1993
Delaware,Class_90,998.24,Woody Wetlands,#b8d9eb,1993
Georgia,Class_90,26235.25,Woody Wetlands,#b8d9eb,1993
South Carolina,Class_90,17664.56,Woody Wetlands,#b8d9eb,1993
Virginia,Class_90,5302.62,Woody Wetlands,#b8d9eb,1993
District of Columbia,Class_90,1.94,Woody Wetlands,#b8d9eb,1993
Alabama,Class_90,17227.9,Woody Wetlands,#b8d9eb,1993
Tennessee,Class_90,3406.12,Woody Wetlands,#b8d9eb,1993
Kentucky,Class_90,1319.93,Woody Wetlands,#b8d9eb,1993
Mississippi,Class_90,22715.39,Woody Wetlands,#b8d9eb,1993
Louisiana,Class_90,28466.22,Woody Wetlands,#b8d9eb,1993
Texas,Class_90,19715.03,Woody Wetlands,#b8d9eb,1993
Oklahoma,Class_90,1373.71,Woody Wetlands,#b8d9eb,1993
Arkansas,Class_90,14201.26,Woody Wetlands,#b8d9eb,1993
West Virginia,Class_81,5586.34,Pasture/Hay,#dcd939,1994
Florida,Class_81,19824.22,Pasture/Hay,#dcd939,1994
Maryland,Class_81,2782.41,Pasture/Hay,#dcd939,1994
North Carolina,Class_81,11995.76,Pasture/Hay,#dcd939,1994
Delaware,Class_81,41.15,Pasture/Hay,#dcd939,1994
Georgia,Class_81,11940.39,Pasture/Hay,#dcd939,1994
South Carolina,Class_81,6039.18,Pasture/Hay,#dcd939,1994
Virginia,Class_81,17987.14,Pasture/Hay,#dcd939,1994
District of Columbia,Class_81,0.07,Pasture/Hay,#dcd939,1994
Alabama,Class_81,23378.72,Pasture/Hay,#dcd939,1994
Tennessee,Class_81,26283.23,Pasture/Hay,#dcd939,1994
Kentucky,Class_81,29612.06,Pasture/Hay,#dcd939,1994
Mississippi,Class_81,21586.93,Pasture/Hay,#dcd939,1994
Louisiana,Class_81,10795.73,Pasture/Hay,#dcd939,1994
Texas,Class_81,81315.17,Pasture/Hay,#dcd939,1994
Oklahoma,Class_81,22346.98,Pasture/Hay,#dcd939,1994
Arkansas,Class_81,20862.59,Pasture/Hay,#dcd939,1994
West Virginia,Class_71,145.18,Grassland/Herbaceous,#dfdfc2,1994
Florida,Class_71,2595.85,Grassland/Herbaceous,#dfdfc2,1994
Maryland,Class_71,22.14,Grassland/Herbaceous,#dfdfc2,1994
North Carolina,Class_71,1238.12,Grassland/Herbaceous,#dfdfc2,1994
Delaware,Class_71,13.47,Grassland/Herbaceous,#dfdfc2,1994
Georgia,Class_71,3820.75,Grassland/Herbaceous,#dfdfc2,1994
South Carolina,Class_71,1967.63,Grassland/Herbaceous,#dfdfc2,1994
Virginia,Class_71,1393.57,Grassland/Herbaceous,#dfdfc2,1994
District of Columbia,Class_71,0.0,Grassland/Herbaceous,#dfdfc2,1994
Alabama,Class_71,2409.24,Grassland/Herbaceous,#dfdfc2,1994
Tennessee,Class_71,296.62,Grassland/Herbaceous,#dfdfc2,1994
Kentucky,Class_71,128.67,Grassland/Herbaceous,#dfdfc2,1994
Mississippi,Class_71,1205.77,Grassland/Herbaceous,#dfdfc2,1994
Louisiana,Class_71,1496.02,Grassland/Herbaceous,#dfdfc2,1994
Texas,Class_71,82633.9,Grassland/Herbaceous,#dfdfc2,1994
Oklahoma,Class_71,67621.92,Grassland/Herbaceous,#dfdfc2,1994
Arkansas,Class_71,515.34,Grassland/Herbaceous,#dfdfc2,1994
West Virginia,Class_82,262.39,Cultivated Crops,#ab6c28,1994
Florida,Class_82,11001.04,Cultivated Crops,#ab6c28,1994
Maryland,Class_82,6059.58,Cultivated Crops,#ab6c28,1994
North Carolina,Class_82,20302.48,Cultivated Crops,#ab6c28,1994
Delaware,Class_82,2413.33,Cultivated Crops,#ab6c28,1994
Georgia,Class_82,22568.67,Cultivated Crops,#ab6c28,1994
South Carolina,Class_82,9796.93,Cultivated Crops,#ab6c28,1994
Virginia,Class_82,6125.63,Cultivated Crops,#ab6c28,1994
District of Columbia,Class_82,0.0,Cultivated Crops,#ab6c28,1994
Alabama,Class_82,7219.89,Cultivated Crops,#ab6c28,1994
Tennessee,Class_82,11393.46,Cultivated Crops,#ab6c28,1994
Kentucky,Class_82,10728.9,Cultivated Crops,#ab6c28,1994
Mississippi,Class_82,17866.17,Cultivated Crops,#ab6c28,1994
Louisiana,Class_82,20306.49,Cultivated Crops,#ab6c28,1994
Texas,Class_82,91035.91,Cultivated Crops,#ab6c28,1994
Oklahoma,Class_82,35326.65,Cultivated Crops,#ab6c28,1994
Arkansas,Class_82,30080.26,Cultivated Crops,#ab6c28,1994
West Virginia,Class_95,31.9,Emergent Herbaceous Wetlands,#6c9fb8,1994
Florida,Class_95,14843.38,Emergent Herbaceous Wetlands,#6c9fb8,1994
Maryland,Class_95,788.9,Emergent Herbaceous Wetlands,#6c9fb8,1994
North Carolina,Class_95,993.22,Emergent Herbaceous Wetlands,#6c9fb8,1994
Delaware,Class_95,326.24,Emergent Herbaceous Wetlands,#6c9fb8,1994
Georgia,Class_95,1709.32,Emergent Herbaceous Wetlands,#6c9fb8,1994
South Carolina,Class_95,1935.09,Emergent Herbaceous Wetlands,#6c9fb8,1994
Virginia,Class_95,800.36,Emergent Herbaceous Wetlands,#6c9fb8,1994
District of Columbia,Class_95,0.21,Emergent Herbaceous Wetlands,#6c9fb8,1994
Alabama,Class_95,178.16,Emergent Herbaceous Wetlands,#6c9fb8,1994
Tennessee,Class_95,135.36,Emergent Herbaceous Wetlands,#6c9fb8,1994
Kentucky,Class_95,132.39,Emergent Herbaceous Wetlands,#6c9fb8,1994
Mississippi,Class_95,458.04,Emergent Herbaceous Wetlands,#6c9fb8,1994
Louisiana,Class_95,12703.14,Emergent Herbaceous Wetlands,#6c9fb8,1994
Texas,Class_95,7460.23,Emergent Herbaceous Wetlands,#6c9fb8,1994
Oklahoma,Class_95,298.74,Emergent Herbaceous Wetlands,#6c9fb8,1994
Arkansas,Class_95,101.37,Emergent Herbaceous Wetlands,#6c9fb8,1994
West Virginia,Class_41,49824.14,Deciduous Forest,#68ab5f,1994
Florida,Class_41,10.41,Deciduous Forest,#68ab5f,1994
Maryland,Class_41,6511.27,Deciduous Forest,#68ab5f,1994
North Carolina,Class_41,28451.52,Deciduous Forest,#68ab5f,1994
Delaware,Class_41,219.88,Deciduous Forest,#68ab5f,1994
Georgia,Class_41,21390.17,Deciduous Forest,#68ab5f,1994
South Carolina,Class_41,7498.04,Deciduous Forest,#68ab5f,1994
Virginia,Class_41,38094.21,Deciduous Forest,#68ab5f,1994
District of Columbia,Class_41,12.79,Deciduous Forest,#68ab5f,1994
Alabama,Class_41,27237.43,Deciduous Forest,#68ab5f,1994
Tennessee,Class_41,45809.81,Deciduous Forest,#68ab5f,1994
Kentucky,Class_41,50099.91,Deciduous Forest,#68ab5f,1994
Mississippi,Class_41,14199.51,Deciduous Forest,#68ab5f,1994
Louisiana,Class_41,518.17,Deciduous Forest,#68ab5f,1994
Texas,Class_41,8432.24,Deciduous Forest,#68ab5f,1994
Oklahoma,Class_41,28268.79,Deciduous Forest,#68ab5f,1994
Arkansas,Class_41,28257.28,Deciduous Forest,#68ab5f,1994
West Virginia,Class_52,11.0,Shrub/Scrub,#ccb879,1994
Florida,Class_52,5308.07,Shrub/Scrub,#ccb879,1994
Maryland,Class_52,83.24,Shrub/Scrub,#ccb879,1994
North Carolina,Class_52,1507.68,Shrub/Scrub,#ccb879,1994
Delaware,Class_52,10.79,Shrub/Scrub,#ccb879,1994
Georgia,Class_52,3891.26,Shrub/Scrub,#ccb879,1994
South Carolina,Class_52,1636.92,Shrub/Scrub,#ccb879,1994
Virginia,Class_52,949.31,Shrub/Scrub,#ccb879,1994
District of Columbia,Class_52,0.07,Shrub/Scrub,#ccb879,1994
Alabama,Class_52,5908.93,Shrub/Scrub,#ccb879,1994
Tennessee,Class_52,314.43,Shrub/Scrub,#ccb879,1994
Kentucky,Class_52,34.8,Shrub/Scrub,#ccb879,1994
Mississippi,Class_52,5238.39,Shrub/Scrub,#ccb879,1994
Louisiana,Class_52,3428.53,Shrub/Scrub,#ccb879,1994
Texas,Class_52,310027.66,Shrub/Scrub,#ccb879,1994
Oklahoma,Class_52,5439.02,Shrub/Scrub,#ccb879,1994
Arkansas,Class_52,1320.56,Shrub/Scrub,#ccb879,1994
West Virginia,Class_31,284.04,Barren Land,#b3ac9f,1994
Florida,Class_31,819.52,Barren Land,#b3ac9f,1994
Maryland,Class_31,104.05,Barren Land,#b3ac9f,1994
North Carolina,Class_31,323.11,Barren Land,#b3ac9f,1994
Delaware,Class_31,17.02,Barren Land,#b3ac9f,1994
Georgia,Class_31,307.55,Barren Land,#b3ac9f,1994
South Carolina,Class_31,171.8,Barren Land,#b3ac9f,1994
Virginia,Class_31,204.14,Barren Land,#b3ac9f,1994
District of Columbia,Class_31,0.0,Barren Land,#b3ac9f,1994
Alabama,Class_31,205.34,Barren Land,#b3ac9f,1994
Tennessee,Class_31,128.67,Barren Land,#b3ac9f,1994
Kentucky,Class_31,283.41,Barren Land,#b3ac9f,1994
Mississippi,Class_31,180.43,Barren Land,#b3ac9f,1994
Louisiana,Class_31,199.27,Barren Land,#b3ac9f,1994
Texas,Class_31,1986.87,Barren Land,#b3ac9f,1994
Oklahoma,Class_31,580.77,Barren Land,#b3ac9f,1994
Arkansas,Class_31,208.95,Barren Land,#b3ac9f,1994
West Virginia,Class_42,376.91,Evergreen Forest,#1c5f2c,1994
Florida,Class_42,29281.29,Evergreen Forest,#1c5f2c,1994
Maryland,Class_42,503.44,Evergreen Forest,#1c5f2c,1994
North Carolina,Class_42,19122.2,Evergreen Forest,#1c5f2c,1994
Delaware,Class_42,146.43,Evergreen Forest,#1c5f2c,1994
Georgia,Class_42,40313.84,Evergreen Forest,#1c5f2c,1994
South Carolina,Class_42,22393.16,Evergreen Forest,#1c5f2c,1994
Virginia,Class_42,8518.31,Evergreen Forest,#1c5f2c,1994
District of Columbia,Class_42,0.07,Evergreen Forest,#1c5f2c,1994
Alabama,Class_42,26873.84,Evergreen Forest,#1c5f2c,1994
Tennessee,Class_42,3201.81,Evergreen Forest,#1c5f2c,1994
Kentucky,Class_42,468.69,Evergreen Forest,#1c5f2c,1994
Mississippi,Class_42,20162.32,Evergreen Forest,#1c5f2c,1994
Louisiana,Class_42,26062.06,Evergreen Forest,#1c5f2c,1994
Texas,Class_42,38209.51,Evergreen Forest,#1c5f2c,1994
Oklahoma,Class_42,5967.93,Evergreen Forest,#1c5f2c,1994
Arkansas,Class_42,28566.23,Evergreen Forest,#1c5f2c,1994
West Virginia,Class_21,1650.7,"Developed, Open Space",#dec5c5,1994
Florida,Class_21,6974.51,"Developed, Open Space",#dec5c5,1994
Maryland,Class_21,1744.14,"Developed, Open Space",#dec5c5,1994
North Carolina,Class_21,6644.43,"Developed, Open Space",#dec5c5,1994
Delaware,Class_21,213.73,"Developed, Open Space",#dec5c5,1994
Georgia,Class_21,7476.61,"Developed, Open Space",#dec5c5,1994
South Carolina,Class_21,3754.61,"Developed, Open Space",#dec5c5,1994
Virginia,Class_21,4632.25,"Developed, Open Space",#dec5c5,1994
District of Columbia,Class_21,24.05,"Developed, Open Space",#dec5c5,1994
Alabama,Class_21,6214.2,"Developed, Open Space",#dec5c5,1994
Tennessee,Class_21,5181.61,"Developed, Open Space",#dec5c5,1994
Kentucky,Class_21,3512.1,"Developed, Open Space",#dec5c5,1994
Mississippi,Class_21,4706.25,"Developed, Open Space",#dec5c5,1994
Louisiana,Class_21,3051.03,"Developed, Open Space",#dec5c5,1994
Texas,Class_21,9806.34,"Developed, Open Space",#dec5c5,1994
Oklahoma,Class_21,4536.36,"Developed, Open Space",#dec5c5,1994
Arkansas,Class_21,2834.7,"Developed, Open Space",#dec5c5,1994
West Virginia,Class_43,3216.87,Mixed Forest,#b5c58f,1994
Florida,Class_43,132.13,Mixed Forest,#b5c58f,1994
Maryland,Class_43,1443.9,Mixed Forest,#b5c58f,1994
North Carolina,Class_43,11269.07,Mixed Forest,#b5c58f,1994
Delaware,Class_43,164.51,Mixed Forest,#b5c58f,1994
Georgia,Class_43,5831.33,Mixed Forest,#b5c58f,1994
South Carolina,Class_43,2247.24,Mixed Forest,#b5c58f,1994
Virginia,Class_43,14961.05,Mixed Forest,#b5c58f,1994
District of Columbia,Class_43,0.0,Mixed Forest,#b5c58f,1994
Alabama,Class_43,11583.75,Mixed Forest,#b5c58f,1994
Tennessee,Class_43,7455.51,Mixed Forest,#b5c58f,1994
Kentucky,Class_43,4366.75,Mixed Forest,#b5c58f,1994
Mississippi,Class_43,11138.01,Mixed Forest,#b5c58f,1994
Louisiana,Class_43,1269.57,Mixed Forest,#b5c58f,1994
Texas,Class_43,13359.12,Mixed Forest,#b5c58f,1994
Oklahoma,Class_43,3006.39,Mixed Forest,#b5c58f,1994
Arkansas,Class_43,5827.72,Mixed Forest,#b5c58f,1994
West Virginia,Class_11,417.4,Open Water,#466b9f,1994
Florida,Class_11,28650.68,Open Water,#466b9f,1994
Maryland,Class_11,6993.51,Open Water,#466b9f,1994
North Carolina,Class_11,13342.39,Open Water,#466b9f,1994
Delaware,Class_11,1389.33,Open Water,#466b9f,1994
Georgia,Class_11,3817.38,Open Water,#466b9f,1994
South Carolina,Class_11,4995.67,Open Water,#466b9f,1994
Virginia,Class_11,8407.2,Open Water,#466b9f,1994
District of Columbia,Class_11,17.45,Open Water,#466b9f,1994
Alabama,Class_11,4539.62,Open Water,#466b9f,1994
Tennessee,Class_11,2463.59,Open Water,#466b9f,1994
Kentucky,Class_11,1841.97,Open Water,#466b9f,1994
Mississippi,Class_11,4271.7,Open Water,#466b9f,1994
Louisiana,Class_11,22957.52,Open Water,#466b9f,1994
Texas,Class_11,16131.54,Open Water,#466b9f,1994
Oklahoma,Class_11,3023.49,Open Water,#466b9f,1994
Arkansas,Class_11,2925.9,Open Water,#466b9f,1994
West Virginia,Class_22,540.45,"Developed, Low Intensity",#d99282,1994
Florida,Class_22,7211.99,"Developed, Low Intensity",#d99282,1994
Maryland,Class_22,1426.05,"Developed, Low Intensity",#d99282,1994
North Carolina,Class_22,3589.9,"Developed, Low Intensity",#d99282,1994
Delaware,Class_22,298.12,"Developed, Low Intensity",#d99282,1994
Georgia,Class_22,3392.38,"Developed, Low Intensity",#d99282,1994
South Carolina,Class_22,2156.81,"Developed, Low Intensity",#d99282,1994
Virginia,Class_22,2244.67,"Developed, Low Intensity",#d99282,1994
District of Columbia,Class_22,33.17,"Developed, Low Intensity",#d99282,1994
Alabama,Class_22,2046.25,"Developed, Low Intensity",#d99282,1994
Tennessee,Class_22,2118.65,"Developed, Low Intensity",#d99282,1994
Kentucky,Class_22,1387.78,"Developed, Low Intensity",#d99282,1994
Mississippi,Class_22,1320.03,"Developed, Low Intensity",#d99282,1994
Louisiana,Class_22,2006.02,"Developed, Low Intensity",#d99282,1994
Texas,Class_22,9774.09,"Developed, Low Intensity",#d99282,1994
Oklahoma,Class_22,2210.25,"Developed, Low Intensity",#d99282,1994
Arkansas,Class_22,1550.23,"Developed, Low Intensity",#d99282,1994
West Virginia,Class_23,288.63,"Developed, Medium Intensity",#eb0000,1994
Florida,Class_23,3113.12,"Developed, Medium Intensity",#eb0000,1994
Maryland,Class_23,664.87,"Developed, Medium Intensity",#eb0000,1994
North Carolina,Class_23,871.39,"Developed, Medium Intensity",#eb0000,1994
Delaware,Class_23,149.92,"Developed, Medium Intensity",#eb0000,1994
Georgia,Class_23,874.44,"Developed, Medium Intensity",#eb0000,1994
South Carolina,Class_23,489.12,"Developed, Medium Intensity",#eb0000,1994
Virginia,Class_23,922.15,"Developed, Medium Intensity",#eb0000,1994
District of Columbia,Class_23,68.96,"Developed, Medium Intensity",#eb0000,1994
Alabama,Class_23,599.49,"Developed, Medium Intensity",#eb0000,1994
Tennessee,Class_23,722.19,"Developed, Medium Intensity",#eb0000,1994
Kentucky,Class_23,580.12,"Developed, Medium Intensity",#eb0000,1994
Mississippi,Class_23,325.59,"Developed, Medium Intensity",#eb0000,1994
Louisiana,Class_23,800.91,"Developed, Medium Intensity",#eb0000,1994
Texas,Class_23,4689.59,"Developed, Medium Intensity",#eb0000,1994
Oklahoma,Class_23,847.92,"Developed, Medium Intensity",#eb0000,1994
Arkansas,Class_23,368.68,"Developed, Medium Intensity",#eb0000,1994
West Virginia,Class_24,49.1,"Developed, High Intensity",#ab0000,1994
Florida,Class_24,464.13,"Developed, High Intensity",#ab0000,1994
Maryland,Class_24,182.6,"Developed, High Intensity",#ab0000,1994
North Carolina,Class_24,267.71,"Developed, High Intensity",#ab0000,1994
Delaware,Class_24,42.48,"Developed, High Intensity",#ab0000,1994
Georgia,Class_24,325.44,"Developed, High Intensity",#ab0000,1994
South Carolina,Class_24,163.67,"Developed, High Intensity",#ab0000,1994
Virginia,Class_24,243.75,"Developed, High Intensity",#ab0000,1994
District of Columbia,Class_24,18.23,"Developed, High Intensity",#ab0000,1994
Alabama,Class_24,155.91,"Developed, High Intensity",#ab0000,1994
Tennessee,Class_24,236.98,"Developed, High Intensity",#ab0000,1994
Kentucky,Class_24,158.47,"Developed, High Intensity",#ab0000,1994
Mississippi,Class_24,74.15,"Developed, High Intensity",#ab0000,1994
Louisiana,Class_24,199.78,"Developed, High Intensity",#ab0000,1994
Texas,Class_24,949.17,"Developed, High Intensity",#ab0000,1994
Oklahoma,Class_24,188.13,"Developed, High Intensity",#ab0000,1994
Arkansas,Class_24,110.15,"Developed, High Intensity",#ab0000,1994
West Virginia,Class_90,69.87,Woody Wetlands,#b8d9eb,1994
Florida,Class_90,39850.05,Woody Wetlands,#b8d9eb,1994
Maryland,Class_90,2819.1,Woody Wetlands,#b8d9eb,1994
North Carolina,Class_90,19464.9,Woody Wetlands,#b8d9eb,1994
Delaware,Class_90,999.3,Woody Wetlands,#b8d9eb,1994
Georgia,Class_90,26244.65,Woody Wetlands,#b8d9eb,1994
South Carolina,Class_90,17663.41,Woody Wetlands,#b8d9eb,1994
Virginia,Class_90,5300.55,Woody Wetlands,#b8d9eb,1994
District of Columbia,Class_90,1.94,Woody Wetlands,#b8d9eb,1994
Alabama,Class_90,17215.0,Woody Wetlands,#b8d9eb,1994
Tennessee,Class_90,3410.0,Woody Wetlands,#b8d9eb,1994
Kentucky,Class_90,1318.28,Woody Wetlands,#b8d9eb,1994
Mississippi,Class_90,22704.74,Woody Wetlands,#b8d9eb,1994
Louisiana,Class_90,28458.77,Woody Wetlands,#b8d9eb,1994
Texas,Class_90,19709.78,Woody Wetlands,#b8d9eb,1994
Oklahoma,Class_90,1373.65,Woody Wetlands,#b8d9eb,1994
Arkansas,Class_90,14201.11,Woody Wetlands,#b8d9eb,1994
West Virginia,Class_81,5589.29,Pasture/Hay,#dcd939,1995
Florida,Class_81,19702.96,Pasture/Hay,#dcd939,1995
Maryland,Class_81,2786.19,Pasture/Hay,#dcd939,1995
North Carolina,Class_81,12018.8,Pasture/Hay,#dcd939,1995
Delaware,Class_81,42.05,Pasture/Hay,#dcd939,1995
Georgia,Class_81,11940.14,Pasture/Hay,#dcd939,1995
South Carolina,Class_81,6046.81,Pasture/Hay,#dcd939,1995
Virginia,Class_81,18013.48,Pasture/Hay,#dcd939,1995
District of Columbia,Class_81,0.07,Pasture/Hay,#dcd939,1995
Alabama,Class_81,23472.79,Pasture/Hay,#dcd939,1995
Tennessee,Class_81,26318.36,Pasture/Hay,#dcd939,1995
Kentucky,Class_81,29594.46,Pasture/Hay,#dcd939,1995
Mississippi,Class_81,21619.71,Pasture/Hay,#dcd939,1995
Louisiana,Class_81,10841.38,Pasture/Hay,#dcd939,1995
Texas,Class_81,81769.65,Pasture/Hay,#dcd939,1995
Oklahoma,Class_81,22404.72,Pasture/Hay,#dcd939,1995
Arkansas,Class_81,20965.07,Pasture/Hay,#dcd939,1995
West Virginia,Class_71,152.77,Grassland/Herbaceous,#dfdfc2,1995
Florida,Class_71,2686.61,Grassland/Herbaceous,#dfdfc2,1995
Maryland,Class_71,24.17,Grassland/Herbaceous,#dfdfc2,1995
North Carolina,Class_71,1371.42,Grassland/Herbaceous,#dfdfc2,1995
Delaware,Class_71,13.19,Grassland/Herbaceous,#dfdfc2,1995
Georgia,Class_71,3938.87,Grassland/Herbaceous,#dfdfc2,1995
South Carolina,Class_71,2158.02,Grassland/Herbaceous,#dfdfc2,1995
Virginia,Class_71,1413.89,Grassland/Herbaceous,#dfdfc2,1995
District of Columbia,Class_71,0.0,Grassland/Herbaceous,#dfdfc2,1995
Alabama,Class_71,2718.34,Grassland/Herbaceous,#dfdfc2,1995
Tennessee,Class_71,336.41,Grassland/Herbaceous,#dfdfc2,1995
Kentucky,Class_71,139.1,Grassland/Herbaceous,#dfdfc2,1995
Mississippi,Class_71,1349.48,Grassland/Herbaceous,#dfdfc2,1995
Louisiana,Class_71,1517.68,Grassland/Herbaceous,#dfdfc2,1995
Texas,Class_71,82215.45,Grassland/Herbaceous,#dfdfc2,1995
Oklahoma,Class_71,67785.53,Grassland/Herbaceous,#dfdfc2,1995
Arkansas,Class_71,558.91,Grassland/Herbaceous,#dfdfc2,1995
West Virginia,Class_82,260.29,Cultivated Crops,#ab6c28,1995
Florida,Class_82,11008.7,Cultivated Crops,#ab6c28,1995
Maryland,Class_82,6020.71,Cultivated Crops,#ab6c28,1995
North Carolina,Class_82,20286.31,Cultivated Crops,#ab6c28,1995
Delaware,Class_82,2399.42,Cultivated Crops,#ab6c28,1995
Georgia,Class_82,22582.09,Cultivated Crops,#ab6c28,1995
South Carolina,Class_82,9784.24,Cultivated Crops,#ab6c28,1995
Virginia,Class_82,6099.92,Cultivated Crops,#ab6c28,1995
District of Columbia,Class_82,0.0,Cultivated Crops,#ab6c28,1995
Alabama,Class_82,7121.95,Cultivated Crops,#ab6c28,1995
Tennessee,Class_82,11317.53,Cultivated Crops,#ab6c28,1995
Kentucky,Class_82,10748.27,Cultivated Crops,#ab6c28,1995
Mississippi,Class_82,17774.59,Cultivated Crops,#ab6c28,1995
Louisiana,Class_82,20200.54,Cultivated Crops,#ab6c28,1995
Texas,Class_82,90639.88,Cultivated Crops,#ab6c28,1995
Oklahoma,Class_82,35059.01,Cultivated Crops,#ab6c28,1995
Arkansas,Class_82,30046.32,Cultivated Crops,#ab6c28,1995
West Virginia,Class_95,31.83,Emergent Herbaceous Wetlands,#6c9fb8,1995
Florida,Class_95,14716.88,Emergent Herbaceous Wetlands,#6c9fb8,1995
Maryland,Class_95,787.51,Emergent Herbaceous Wetlands,#6c9fb8,1995
North Carolina,Class_95,990.24,Emergent Herbaceous Wetlands,#6c9fb8,1995
Delaware,Class_95,324.57,Emergent Herbaceous Wetlands,#6c9fb8,1995
Georgia,Class_95,1713.14,Emergent Herbaceous Wetlands,#6c9fb8,1995
South Carolina,Class_95,1927.35,Emergent Herbaceous Wetlands,#6c9fb8,1995
Virginia,Class_95,793.92,Emergent Herbaceous Wetlands,#6c9fb8,1995
District of Columbia,Class_95,0.14,Emergent Herbaceous Wetlands,#6c9fb8,1995
Alabama,Class_95,178.04,Emergent Herbaceous Wetlands,#6c9fb8,1995
Tennessee,Class_95,134.78,Emergent Herbaceous Wetlands,#6c9fb8,1995
Kentucky,Class_95,130.35,Emergent Herbaceous Wetlands,#6c9fb8,1995
Mississippi,Class_95,460.03,Emergent Herbaceous Wetlands,#6c9fb8,1995
Louisiana,Class_95,12659.09,Emergent Herbaceous Wetlands,#6c9fb8,1995
Texas,Class_95,7487.25,Emergent Herbaceous Wetlands,#6c9fb8,1995
Oklahoma,Class_95,264.8,Emergent Herbaceous Wetlands,#6c9fb8,1995
Arkansas,Class_95,92.73,Emergent Herbaceous Wetlands,#6c9fb8,1995
West Virginia,Class_41,49777.22,Deciduous Forest,#68ab5f,1995
Florida,Class_41,10.4,Deciduous Forest,#68ab5f,1995
Maryland,Class_41,6492.72,Deciduous Forest,#68ab5f,1995
North Carolina,Class_41,28161.41,Deciduous Forest,#68ab5f,1995
Delaware,Class_41,217.93,Deciduous Forest,#68ab5f,1995
Georgia,Class_41,21254.88,Deciduous Forest,#68ab5f,1995
South Carolina,Class_41,7388.51,Deciduous Forest,#68ab5f,1995
Virginia,Class_41,37854.85,Deciduous Forest,#68ab5f,1995
District of Columbia,Class_41,12.8,Deciduous Forest,#68ab5f,1995
Alabama,Class_41,26719.6,Deciduous Forest,#68ab5f,1995
Tennessee,Class_41,45654.74,Deciduous Forest,#68ab5f,1995
Kentucky,Class_41,50016.65,Deciduous Forest,#68ab5f,1995
Mississippi,Class_41,13805.77,Deciduous Forest,#68ab5f,1995
Louisiana,Class_41,495.85,Deciduous Forest,#68ab5f,1995
Texas,Class_41,8421.74,Deciduous Forest,#68ab5f,1995
Oklahoma,Class_41,28225.87,Deciduous Forest,#68ab5f,1995
Arkansas,Class_41,28117.03,Deciduous Forest,#68ab5f,1995
West Virginia,Class_52,12.97,Shrub/Scrub,#ccb879,1995
Florida,Class_52,5206.58,Shrub/Scrub,#ccb879,1995
Maryland,Class_52,83.16,Shrub/Scrub,#ccb879,1995
North Carolina,Class_52,1531.45,Shrub/Scrub,#ccb879,1995
Delaware,Class_52,12.83,Shrub/Scrub,#ccb879,1995
Georgia,Class_52,3760.61,Shrub/Scrub,#ccb879,1995
South Carolina,Class_52,1564.41,Shrub/Scrub,#ccb879,1995
Virginia,Class_52,949.03,Shrub/Scrub,#ccb879,1995
District of Columbia,Class_52,0.07,Shrub/Scrub,#ccb879,1995
Alabama,Class_52,5815.15,Shrub/Scrub,#ccb879,1995
Tennessee,Class_52,336.69,Shrub/Scrub,#ccb879,1995
Kentucky,Class_52,32.23,Shrub/Scrub,#ccb879,1995
Mississippi,Class_52,5230.17,Shrub/Scrub,#ccb879,1995
Louisiana,Class_52,3342.07,Shrub/Scrub,#ccb879,1995
Texas,Class_52,310039.8,Shrub/Scrub,#ccb879,1995
Oklahoma,Class_52,5407.27,Shrub/Scrub,#ccb879,1995
Arkansas,Class_52,1185.15,Shrub/Scrub,#ccb879,1995
West Virginia,Class_31,298.72,Barren Land,#b3ac9f,1995
Florida,Class_31,823.45,Barren Land,#b3ac9f,1995
Maryland,Class_31,104.27,Barren Land,#b3ac9f,1995
North Carolina,Class_31,326.52,Barren Land,#b3ac9f,1995
Delaware,Class_31,17.23,Barren Land,#b3ac9f,1995
Georgia,Class_31,312.38,Barren Land,#b3ac9f,1995
South Carolina,Class_31,171.7,Barren Land,#b3ac9f,1995
Virginia,Class_31,209.03,Barren Land,#b3ac9f,1995
District of Columbia,Class_31,0.0,Barren Land,#b3ac9f,1995
Alabama,Class_31,212.0,Barren Land,#b3ac9f,1995
Tennessee,Class_31,138.93,Barren Land,#b3ac9f,1995
Kentucky,Class_31,294.75,Barren Land,#b3ac9f,1995
Mississippi,Class_31,184.19,Barren Land,#b3ac9f,1995
Louisiana,Class_31,190.47,Barren Land,#b3ac9f,1995
Texas,Class_31,1999.97,Barren Land,#b3ac9f,1995
Oklahoma,Class_31,512.36,Barren Land,#b3ac9f,1995
Arkansas,Class_31,187.64,Barren Land,#b3ac9f,1995
West Virginia,Class_42,379.21,Evergreen Forest,#1c5f2c,1995
Florida,Class_42,29160.5,Evergreen Forest,#1c5f2c,1995
Maryland,Class_42,501.48,Evergreen Forest,#1c5f2c,1995
North Carolina,Class_42,18876.0,Evergreen Forest,#1c5f2c,1995
Delaware,Class_42,145.03,Evergreen Forest,#1c5f2c,1995
Georgia,Class_42,40195.22,Evergreen Forest,#1c5f2c,1995
South Carolina,Class_42,22146.69,Evergreen Forest,#1c5f2c,1995
Virginia,Class_42,8555.77,Evergreen Forest,#1c5f2c,1995
District of Columbia,Class_42,0.07,Evergreen Forest,#1c5f2c,1995
Alabama,Class_42,26882.04,Evergreen Forest,#1c5f2c,1995
Tennessee,Class_42,3200.02,Evergreen Forest,#1c5f2c,1995
Kentucky,Class_42,466.14,Evergreen Forest,#1c5f2c,1995
Mississippi,Class_42,20247.38,Evergreen Forest,#1c5f2c,1995
Louisiana,Class_42,26123.69,Evergreen Forest,#1c5f2c,1995
Texas,Class_42,38143.61,Evergreen Forest,#1c5f2c,1995
Oklahoma,Class_42,5915.01,Evergreen Forest,#1c5f2c,1995
Arkansas,Class_42,28542.37,Evergreen Forest,#1c5f2c,1995
West Virginia,Class_21,1666.79,"Developed, Open Space",#dec5c5,1995
Florida,Class_21,7196.3,"Developed, Open Space",#dec5c5,1995
Maryland,Class_21,1791.63,"Developed, Open Space",#dec5c5,1995
North Carolina,Class_21,6865.59,"Developed, Open Space",#dec5c5,1995
Delaware,Class_21,225.37,"Developed, Open Space",#dec5c5,1995
Georgia,Class_21,7668.78,"Developed, Open Space",#dec5c5,1995
South Carolina,Class_21,3881.35,"Developed, Open Space",#dec5c5,1995
Virginia,Class_21,4718.37,"Developed, Open Space",#dec5c5,1995
District of Columbia,Class_21,23.98,"Developed, Open Space",#dec5c5,1995
Alabama,Class_21,6343.1,"Developed, Open Space",#dec5c5,1995
Tennessee,Class_21,5294.91,"Developed, Open Space",#dec5c5,1995
Kentucky,Class_21,3568.92,"Developed, Open Space",#dec5c5,1995
Mississippi,Class_21,4785.04,"Developed, Open Space",#dec5c5,1995
Louisiana,Class_21,3108.7,"Developed, Open Space",#dec5c5,1995
Texas,Class_21,10065.95,"Developed, Open Space",#dec5c5,1995
Oklahoma,Class_21,4584.48,"Developed, Open Space",#dec5c5,1995
Arkansas,Class_21,2909.11,"Developed, Open Space",#dec5c5,1995
West Virginia,Class_43,3220.18,Mixed Forest,#b5c58f,1995
Florida,Class_43,133.92,Mixed Forest,#b5c58f,1995
Maryland,Class_43,1445.18,Mixed Forest,#b5c58f,1995
North Carolina,Class_43,11400.49,Mixed Forest,#b5c58f,1995
Delaware,Class_43,164.09,Mixed Forest,#b5c58f,1995
Georgia,Class_43,5923.45,Mixed Forest,#b5c58f,1995
South Carolina,Class_43,2358.17,Mixed Forest,#b5c58f,1995
Virginia,Class_43,15051.44,Mixed Forest,#b5c58f,1995
District of Columbia,Class_43,0.0,Mixed Forest,#b5c58f,1995
Alabama,Class_43,11765.91,Mixed Forest,#b5c58f,1995
Tennessee,Class_43,7469.81,Mixed Forest,#b5c58f,1995
Kentucky,Class_43,4367.68,Mixed Forest,#b5c58f,1995
Mississippi,Class_43,11286.07,Mixed Forest,#b5c58f,1995
Louisiana,Class_43,1290.46,Mixed Forest,#b5c58f,1995
Texas,Class_43,13457.3,Mixed Forest,#b5c58f,1995
Oklahoma,Class_43,3064.52,Mixed Forest,#b5c58f,1995
Arkansas,Class_43,5929.72,Mixed Forest,#b5c58f,1995
West Virginia,Class_11,416.8,Open Water,#466b9f,1995
Florida,Class_11,28773.67,Open Water,#466b9f,1995
Maryland,Class_11,6998.75,Open Water,#466b9f,1995
North Carolina,Class_11,13350.06,Open Water,#466b9f,1995
Delaware,Class_11,1392.4,Open Water,#466b9f,1995
Georgia,Class_11,3813.75,Open Water,#466b9f,1995
South Carolina,Class_11,5007.23,Open Water,#466b9f,1995
Virginia,Class_11,8422.61,Open Water,#466b9f,1995
District of Columbia,Class_11,17.65,Open Water,#466b9f,1995
Alabama,Class_11,4527.33,Open Water,#466b9f,1995
Tennessee,Class_11,2463.2,Open Water,#466b9f,1995
Kentucky,Class_11,1850.32,Open Water,#466b9f,1995
Mississippi,Class_11,4282.24,Open Water,#466b9f,1995
Louisiana,Class_11,23030.03,Open Water,#466b9f,1995
Texas,Class_11,16122.13,Open Water,#466b9f,1995
Oklahoma,Class_11,3201.01,Open Water,#466b9f,1995
Arkansas,Class_11,2978.25,Open Water,#466b9f,1995
West Virginia,Class_22,540.54,"Developed, Low Intensity",#d99282,1995
Florida,Class_22,7210.6,"Developed, Low Intensity",#d99282,1995
Maryland,Class_22,1426.48,"Developed, Low Intensity",#d99282,1995
North Carolina,Class_22,3589.12,"Developed, Low Intensity",#d99282,1995
Delaware,Class_22,299.93,"Developed, Low Intensity",#d99282,1995
Georgia,Class_22,3396.3,"Developed, Low Intensity",#d99282,1995
South Carolina,Class_22,2157.68,"Developed, Low Intensity",#d99282,1995
Virginia,Class_22,2242.7,"Developed, Low Intensity",#d99282,1995
District of Columbia,Class_22,33.1,"Developed, Low Intensity",#d99282,1995
Alabama,Class_22,2048.14,"Developed, Low Intensity",#d99282,1995
Tennessee,Class_22,2117.53,"Developed, Low Intensity",#d99282,1995
Kentucky,Class_22,1390.75,"Developed, Low Intensity",#d99282,1995
Mississippi,Class_22,1318.57,"Developed, Low Intensity",#d99282,1995
Louisiana,Class_22,2011.54,"Developed, Low Intensity",#d99282,1995
Texas,Class_22,9793.54,"Developed, Low Intensity",#d99282,1995
Oklahoma,Class_22,2211.65,"Developed, Low Intensity",#d99282,1995
Arkansas,Class_22,1556.13,"Developed, Low Intensity",#d99282,1995
West Virginia,Class_23,288.79,"Developed, Medium Intensity",#eb0000,1995
Florida,Class_23,3114.17,"Developed, Medium Intensity",#eb0000,1995
Maryland,Class_23,664.22,"Developed, Medium Intensity",#eb0000,1995
North Carolina,Class_23,870.43,"Developed, Medium Intensity",#eb0000,1995
Delaware,Class_23,150.43,"Developed, Medium Intensity",#eb0000,1995
Georgia,Class_23,874.89,"Developed, Medium Intensity",#eb0000,1995
South Carolina,Class_23,489.93,"Developed, Medium Intensity",#eb0000,1995
Virginia,Class_23,922.86,"Developed, Medium Intensity",#eb0000,1995
District of Columbia,Class_23,68.95,"Developed, Medium Intensity",#eb0000,1995
Alabama,Class_23,600.85,"Developed, Medium Intensity",#eb0000,1995
Tennessee,Class_23,723.96,"Developed, Medium Intensity",#eb0000,1995
Kentucky,Class_23,581.58,"Developed, Medium Intensity",#eb0000,1995
Mississippi,Class_23,325.5,"Developed, Medium Intensity",#eb0000,1995
Louisiana,Class_23,800.93,"Developed, Medium Intensity",#eb0000,1995
Texas,Class_23,4696.0,"Developed, Medium Intensity",#eb0000,1995
Oklahoma,Class_23,849.98,"Developed, Medium Intensity",#eb0000,1995
Arkansas,Class_23,368.68,"Developed, Medium Intensity",#eb0000,1995
West Virginia,Class_24,49.38,"Developed, High Intensity",#ab0000,1995
Florida,Class_24,463.73,"Developed, High Intensity",#ab0000,1995
Maryland,Class_24,182.94,"Developed, High Intensity",#ab0000,1995
North Carolina,Class_24,267.63,"Developed, High Intensity",#ab0000,1995
Delaware,Class_24,42.62,"Developed, High Intensity",#ab0000,1995
Georgia,Class_24,324.53,"Developed, High Intensity",#ab0000,1995
South Carolina,Class_24,163.3,"Developed, High Intensity",#ab0000,1995
Virginia,Class_24,244.11,"Developed, High Intensity",#ab0000,1995
District of Columbia,Class_24,18.23,"Developed, High Intensity",#ab0000,1995
Alabama,Class_24,155.46,"Developed, High Intensity",#ab0000,1995
Tennessee,Class_24,236.98,"Developed, High Intensity",#ab0000,1995
Kentucky,Class_24,158.26,"Developed, High Intensity",#ab0000,1995
Mississippi,Class_24,74.15,"Developed, High Intensity",#ab0000,1995
Louisiana,Class_24,199.39,"Developed, High Intensity",#ab0000,1995
Texas,Class_24,949.46,"Developed, High Intensity",#ab0000,1995
Oklahoma,Class_24,187.68,"Developed, High Intensity",#ab0000,1995
Arkansas,Class_24,109.72,"Developed, High Intensity",#ab0000,1995
West Virginia,Class_90,70.15,Woody Wetlands,#b8d9eb,1995
Florida,Class_90,39871.94,Woody Wetlands,#b8d9eb,1995
Maryland,Class_90,2819.79,Woody Wetlands,#b8d9eb,1995
North Carolina,Class_90,19478.39,Woody Wetlands,#b8d9eb,1995
Delaware,Class_90,998.61,Woody Wetlands,#b8d9eb,1995
Georgia,Class_90,26205.14,Woody Wetlands,#b8d9eb,1995
South Carolina,Class_90,17663.9,Woody Wetlands,#b8d9eb,1995
Virginia,Class_90,5292.3,Woody Wetlands,#b8d9eb,1995
District of Columbia,Class_90,1.94,Woody Wetlands,#b8d9eb,1995
Alabama,Class_90,17205.07,Woody Wetlands,#b8d9eb,1995
Tennessee,Class_90,3408.05,Woody Wetlands,#b8d9eb,1995
Kentucky,Class_90,1314.85,Woody Wetlands,#b8d9eb,1995
Mississippi,Class_90,22695.12,Woody Wetlands,#b8d9eb,1995
Louisiana,Class_90,28441.18,Woody Wetlands,#b8d9eb,1995
Texas,Class_90,19719.39,Woody Wetlands,#b8d9eb,1995
Oklahoma,Class_90,1363.11,Woody Wetlands,#b8d9eb,1995
Arkansas,Class_90,14184.22,Woody Wetlands,#b8d9eb,1995
West Virginia,Class_81,5580.76,Pasture/Hay,#dcd939,1996
Florida,Class_81,19611.15,Pasture/Hay,#dcd939,1996
Maryland,Class_81,2760.94,Pasture/Hay,#dcd939,1996
North Carolina,Class_81,12035.51,Pasture/Hay,#dcd939,1996
Delaware,Class_81,41.35,Pasture/Hay,#dcd939,1996
Georgia,Class_81,11930.17,Pasture/Hay,#dcd939,1996
South Carolina,Class_81,6038.65,Pasture/Hay,#dcd939,1996
Virginia,Class_81,18013.22,Pasture/Hay,#dcd939,1996
District of Columbia,Class_81,0.07,Pasture/Hay,#dcd939,1996
Alabama,Class_81,23550.2,Pasture/Hay,#dcd939,1996
Tennessee,Class_81,26280.18,Pasture/Hay,#dcd939,1996
Kentucky,Class_81,29464.35,Pasture/Hay,#dcd939,1996
Mississippi,Class_81,21643.23,Pasture/Hay,#dcd939,1996
Louisiana,Class_81,10881.14,Pasture/Hay,#dcd939,1996
Texas,Class_81,81679.64,Pasture/Hay,#dcd939,1996
Oklahoma,Class_81,22434.46,Pasture/Hay,#dcd939,1996
Arkansas,Class_81,21058.45,Pasture/Hay,#dcd939,1996
West Virginia,Class_71,170.38,Grassland/Herbaceous,#dfdfc2,1996
Florida,Class_71,2684.09,Grassland/Herbaceous,#dfdfc2,1996
Maryland,Class_71,28.49,Grassland/Herbaceous,#dfdfc2,1996
North Carolina,Class_71,1509.69,Grassland/Herbaceous,#dfdfc2,1996
Delaware,Class_71,12.98,Grassland/Herbaceous,#dfdfc2,1996
Georgia,Class_71,3969.33,Grassland/Herbaceous,#dfdfc2,1996
South Carolina,Class_71,2184.43,Grassland/Herbaceous,#dfdfc2,1996
Virginia,Class_71,1483.26,Grassland/Herbaceous,#dfdfc2,1996
District of Columbia,Class_71,0.0,Grassland/Herbaceous,#dfdfc2,1996
Alabama,Class_71,3120.38,Grassland/Herbaceous,#dfdfc2,1996
Tennessee,Class_71,397.15,Grassland/Herbaceous,#dfdfc2,1996
Kentucky,Class_71,150.2,Grassland/Herbaceous,#dfdfc2,1996
Mississippi,Class_71,1594.03,Grassland/Herbaceous,#dfdfc2,1996
Louisiana,Class_71,1558.43,Grassland/Herbaceous,#dfdfc2,1996
Texas,Class_71,81880.12,Grassland/Herbaceous,#dfdfc2,1996
Oklahoma,Class_71,67849.09,Grassland/Herbaceous,#dfdfc2,1996
Arkansas,Class_71,691.57,Grassland/Herbaceous,#dfdfc2,1996
West Virginia,Class_82,266.92,Cultivated Crops,#ab6c28,1996
Florida,Class_82,11058.95,Cultivated Crops,#ab6c28,1996
Maryland,Class_82,6025.26,Cultivated Crops,#ab6c28,1996
North Carolina,Class_82,20278.27,Cultivated Crops,#ab6c28,1996
Delaware,Class_82,2388.81,Cultivated Crops,#ab6c28,1996
Georgia,Class_82,22643.92,Cultivated Crops,#ab6c28,1996
South Carolina,Class_82,9782.69,Cultivated Crops,#ab6c28,1996
Virginia,Class_82,6116.11,Cultivated Crops,#ab6c28,1996
District of Columbia,Class_82,0.0,Cultivated Crops,#ab6c28,1996
Alabama,Class_82,7105.45,Cultivated Crops,#ab6c28,1996
Tennessee,Class_82,11364.25,Cultivated Crops,#ab6c28,1996
Kentucky,Class_82,10882.85,Cultivated Crops,#ab6c28,1996
Mississippi,Class_82,17733.11,Cultivated Crops,#ab6c28,1996
Louisiana,Class_82,20137.68,Cultivated Crops,#ab6c28,1996
Texas,Class_82,90605.66,Cultivated Crops,#ab6c28,1996
Oklahoma,Class_82,34896.2,Cultivated Crops,#ab6c28,1996
Arkansas,Class_82,30018.72,Cultivated Crops,#ab6c28,1996
West Virginia,Class_95,31.8,Emergent Herbaceous Wetlands,#6c9fb8,1996
Florida,Class_95,14652.1,Emergent Herbaceous Wetlands,#6c9fb8,1996
Maryland,Class_95,786.86,Emergent Herbaceous Wetlands,#6c9fb8,1996
North Carolina,Class_95,996.69,Emergent Herbaceous Wetlands,#6c9fb8,1996
Delaware,Class_95,323.75,Emergent Herbaceous Wetlands,#6c9fb8,1996
Georgia,Class_95,1717.35,Emergent Herbaceous Wetlands,#6c9fb8,1996
South Carolina,Class_95,1930.61,Emergent Herbaceous Wetlands,#6c9fb8,1996
Virginia,Class_95,793.9,Emergent Herbaceous Wetlands,#6c9fb8,1996
District of Columbia,Class_95,0.21,Emergent Herbaceous Wetlands,#6c9fb8,1996
Alabama,Class_95,176.42,Emergent Herbaceous Wetlands,#6c9fb8,1996
Tennessee,Class_95,134.33,Emergent Herbaceous Wetlands,#6c9fb8,1996
Kentucky,Class_95,129.2,Emergent Herbaceous Wetlands,#6c9fb8,1996
Mississippi,Class_95,457.84,Emergent Herbaceous Wetlands,#6c9fb8,1996
Louisiana,Class_95,12623.58,Emergent Herbaceous Wetlands,#6c9fb8,1996
Texas,Class_95,7682.0,Emergent Herbaceous Wetlands,#6c9fb8,1996
Oklahoma,Class_95,291.54,Emergent Herbaceous Wetlands,#6c9fb8,1996
Arkansas,Class_95,93.31,Emergent Herbaceous Wetlands,#6c9fb8,1996
West Virginia,Class_41,49720.91,Deciduous Forest,#68ab5f,1996
Florida,Class_41,9.53,Deciduous Forest,#68ab5f,1996
Maryland,Class_41,6475.52,Deciduous Forest,#68ab5f,1996
North Carolina,Class_41,27935.92,Deciduous Forest,#68ab5f,1996
Delaware,Class_41,216.12,Deciduous Forest,#68ab5f,1996
Georgia,Class_41,21113.24,Deciduous Forest,#68ab5f,1996
South Carolina,Class_41,7324.99,Deciduous Forest,#68ab5f,1996
Virginia,Class_41,37588.39,Deciduous Forest,#68ab5f,1996
District of Columbia,Class_41,12.79,Deciduous Forest,#68ab5f,1996
Alabama,Class_41,26049.05,Deciduous Forest,#68ab5f,1996
Tennessee,Class_41,45470.83,Deciduous Forest,#68ab5f,1996
Kentucky,Class_41,49906.53,Deciduous Forest,#68ab5f,1996
Mississippi,Class_41,13442.27,Deciduous Forest,#68ab5f,1996
Louisiana,Class_41,471.48,Deciduous Forest,#68ab5f,1996
Texas,Class_41,8563.34,Deciduous Forest,#68ab5f,1996
Oklahoma,Class_41,28217.07,Deciduous Forest,#68ab5f,1996
Arkansas,Class_41,27972.52,Deciduous Forest,#68ab5f,1996
West Virginia,Class_52,13.96,Shrub/Scrub,#ccb879,1996
Florida,Class_52,5045.18,Shrub/Scrub,#ccb879,1996
Maryland,Class_52,83.2,Shrub/Scrub,#ccb879,1996
North Carolina,Class_52,1587.1,Shrub/Scrub,#ccb879,1996
Delaware,Class_52,15.71,Shrub/Scrub,#ccb879,1996
Georgia,Class_52,3603.22,Shrub/Scrub,#ccb879,1996
South Carolina,Class_52,1544.64,Shrub/Scrub,#ccb879,1996
Virginia,Class_52,984.81,Shrub/Scrub,#ccb879,1996
District of Columbia,Class_52,0.07,Shrub/Scrub,#ccb879,1996
Alabama,Class_52,5698.53,Shrub/Scrub,#ccb879,1996
Tennessee,Class_52,351.2,Shrub/Scrub,#ccb879,1996
Kentucky,Class_52,30.84,Shrub/Scrub,#ccb879,1996
Mississippi,Class_52,5118.97,Shrub/Scrub,#ccb879,1996
Louisiana,Class_52,3215.3,Shrub/Scrub,#ccb879,1996
Texas,Class_52,310170.08,Shrub/Scrub,#ccb879,1996
Oklahoma,Class_52,5497.77,Shrub/Scrub,#ccb879,1996
Arkansas,Class_52,1075.33,Shrub/Scrub,#ccb879,1996
West Virginia,Class_31,307.98,Barren Land,#b3ac9f,1996
Florida,Class_31,836.28,Barren Land,#b3ac9f,1996
Maryland,Class_31,106.79,Barren Land,#b3ac9f,1996
North Carolina,Class_31,328.06,Barren Land,#b3ac9f,1996
Delaware,Class_31,17.44,Barren Land,#b3ac9f,1996
Georgia,Class_31,321.83,Barren Land,#b3ac9f,1996
South Carolina,Class_31,172.8,Barren Land,#b3ac9f,1996
Virginia,Class_31,216.76,Barren Land,#b3ac9f,1996
District of Columbia,Class_31,0.0,Barren Land,#b3ac9f,1996
Alabama,Class_31,221.28,Barren Land,#b3ac9f,1996
Tennessee,Class_31,131.84,Barren Land,#b3ac9f,1996
Kentucky,Class_31,324.84,Barren Land,#b3ac9f,1996
Mississippi,Class_31,184.2,Barren Land,#b3ac9f,1996
Louisiana,Class_31,195.71,Barren Land,#b3ac9f,1996
Texas,Class_31,2080.82,Barren Land,#b3ac9f,1996
Oklahoma,Class_31,532.84,Barren Land,#b3ac9f,1996
Arkansas,Class_31,207.27,Barren Land,#b3ac9f,1996
West Virginia,Class_42,381.37,Evergreen Forest,#1c5f2c,1996
Florida,Class_42,29182.7,Evergreen Forest,#1c5f2c,1996
Maryland,Class_42,495.76,Evergreen Forest,#1c5f2c,1996
North Carolina,Class_42,18606.48,Evergreen Forest,#1c5f2c,1996
Delaware,Class_42,141.33,Evergreen Forest,#1c5f2c,1996
Georgia,Class_42,40177.78,Evergreen Forest,#1c5f2c,1996
South Carolina,Class_42,22099.44,Evergreen Forest,#1c5f2c,1996
Virginia,Class_42,8543.46,Evergreen Forest,#1c5f2c,1996
District of Columbia,Class_42,0.07,Evergreen Forest,#1c5f2c,1996
Alabama,Class_42,26738.63,Evergreen Forest,#1c5f2c,1996
Tennessee,Class_42,3175.52,Evergreen Forest,#1c5f2c,1996
Kentucky,Class_42,462.1,Evergreen Forest,#1c5f2c,1996
Mississippi,Class_42,20243.9,Evergreen Forest,#1c5f2c,1996
Louisiana,Class_42,26221.93,Evergreen Forest,#1c5f2c,1996
Texas,Class_42,38018.82,Evergreen Forest,#1c5f2c,1996
Oklahoma,Class_42,5803.82,Evergreen Forest,#1c5f2c,1996
Arkansas,Class_42,28388.3,Evergreen Forest,#1c5f2c,1996
West Virginia,Class_21,1657.41,"Developed, Open Space",#dec5c5,1996
Florida,Class_21,6921.61,"Developed, Open Space",#dec5c5,1996
Maryland,Class_21,1735.39,"Developed, Open Space",#dec5c5,1996
North Carolina,Class_21,6711.34,"Developed, Open Space",#dec5c5,1996
Delaware,Class_21,216.54,"Developed, Open Space",#dec5c5,1996
Georgia,Class_21,7601.57,"Developed, Open Space",#dec5c5,1996
South Carolina,Class_21,3846.22,"Developed, Open Space",#dec5c5,1996
Virginia,Class_21,4620.63,"Developed, Open Space",#dec5c5,1996
District of Columbia,Class_21,23.57,"Developed, Open Space",#dec5c5,1996
Alabama,Class_21,6325.01,"Developed, Open Space",#dec5c5,1996
Tennessee,Class_21,5245.55,"Developed, Open Space",#dec5c5,1996
Kentucky,Class_21,3537.2,"Developed, Open Space",#dec5c5,1996
Mississippi,Class_21,4760.6,"Developed, Open Space",#dec5c5,1996
Louisiana,Class_21,3074.12,"Developed, Open Space",#dec5c5,1996
Texas,Class_21,10023.67,"Developed, Open Space",#dec5c5,1996
Oklahoma,Class_21,4595.94,"Developed, Open Space",#dec5c5,1996
Arkansas,Class_21,2899.81,"Developed, Open Space",#dec5c5,1996
West Virginia,Class_43,3228.82,Mixed Forest,#b5c58f,1996
Florida,Class_43,134.57,Mixed Forest,#b5c58f,1996
Maryland,Class_43,1448.5,Mixed Forest,#b5c58f,1996
North Carolina,Class_43,11516.67,Mixed Forest,#b5c58f,1996
Delaware,Class_43,164.43,Mixed Forest,#b5c58f,1996
Georgia,Class_43,6021.02,Mixed Forest,#b5c58f,1996
South Carolina,Class_43,2412.7,Mixed Forest,#b5c58f,1996
Virginia,Class_43,15143.42,Mixed Forest,#b5c58f,1996
District of Columbia,Class_43,0.0,Mixed Forest,#b5c58f,1996
Alabama,Class_43,12101.49,Mixed Forest,#b5c58f,1996
Tennessee,Class_43,7487.76,Mixed Forest,#b5c58f,1996
Kentucky,Class_43,4381.23,Mixed Forest,#b5c58f,1996
Mississippi,Class_43,11450.71,Mixed Forest,#b5c58f,1996
Louisiana,Class_43,1303.44,Mixed Forest,#b5c58f,1996
Texas,Class_43,13595.94,Mixed Forest,#b5c58f,1996
Oklahoma,Class_43,3172.61,Mixed Forest,#b5c58f,1996
Arkansas,Class_43,6080.73,Mixed Forest,#b5c58f,1996
West Virginia,Class_11,424.94,Open Water,#466b9f,1996
Florida,Class_11,28822.33,Open Water,#466b9f,1996
Maryland,Class_11,6998.96,Open Water,#466b9f,1996
North Carolina,Class_11,13349.52,Open Water,#466b9f,1996
Delaware,Class_11,1393.5,Open Water,#466b9f,1996
Georgia,Class_11,3832.18,Open Water,#466b9f,1996
South Carolina,Class_11,5003.43,Open Water,#466b9f,1996
Virginia,Class_11,8428.06,Open Water,#466b9f,1996
District of Columbia,Class_11,17.58,Open Water,#466b9f,1996
Alabama,Class_11,4550.71,Open Water,#466b9f,1996
Tennessee,Class_11,2473.89,Open Water,#466b9f,1996
Kentucky,Class_11,1850.59,Open Water,#466b9f,1996
Mississippi,Class_11,4318.16,Open Water,#466b9f,1996
Louisiana,Class_11,23052.03,Open Water,#466b9f,1996
Texas,Class_11,15511.86,Open Water,#466b9f,1996
Oklahoma,Class_11,3079.54,Open Water,#466b9f,1996
Arkansas,Class_11,2947.22,Open Water,#466b9f,1996
West Virginia,Class_22,545.5,"Developed, Low Intensity",#d99282,1996
Florida,Class_22,7410.65,"Developed, Low Intensity",#d99282,1996
Maryland,Class_22,1472.84,"Developed, Low Intensity",#d99282,1996
North Carolina,Class_22,3791.05,"Developed, Low Intensity",#d99282,1996
Delaware,Class_22,311.23,"Developed, Low Intensity",#d99282,1996
Georgia,Class_22,3508.83,"Developed, Low Intensity",#d99282,1996
South Carolina,Class_22,2210.56,"Developed, Low Intensity",#d99282,1996
Virginia,Class_22,2305.02,"Developed, Low Intensity",#d99282,1996
District of Columbia,Class_22,33.43,"Developed, Low Intensity",#d99282,1996
Alabama,Class_22,2110.27,"Developed, Low Intensity",#d99282,1996
Tennessee,Class_22,2182.39,"Developed, Low Intensity",#d99282,1996
Kentucky,Class_22,1418.93,"Developed, Low Intensity",#d99282,1996
Mississippi,Class_22,1361.05,"Developed, Low Intensity",#d99282,1996
Louisiana,Class_22,2035.96,"Developed, Low Intensity",#d99282,1996
Texas,Class_22,9871.62,"Developed, Low Intensity",#d99282,1996
Oklahoma,Class_22,2216.41,"Developed, Low Intensity",#d99282,1996
Arkansas,Class_22,1583.51,"Developed, Low Intensity",#d99282,1996
West Virginia,Class_23,303.42,"Developed, Medium Intensity",#eb0000,1996
Florida,Class_23,3361.39,"Developed, Medium Intensity",#eb0000,1996
Maryland,Class_23,705.1,"Developed, Medium Intensity",#eb0000,1996
North Carolina,Class_23,965.42,"Developed, Medium Intensity",#eb0000,1996
Delaware,Class_23,160.42,"Developed, Medium Intensity",#eb0000,1996
Georgia,Class_23,966.48,"Developed, Medium Intensity",#eb0000,1996
South Carolina,Class_23,530.54,"Developed, Medium Intensity",#eb0000,1996
Virginia,Class_23,1000.8,"Developed, Medium Intensity",#eb0000,1996
District of Columbia,Class_23,69.09,"Developed, Medium Intensity",#eb0000,1996
Alabama,Class_23,663.86,"Developed, Medium Intensity",#eb0000,1996
Tennessee,Class_23,802.62,"Developed, Medium Intensity",#eb0000,1996
Kentucky,Class_23,635.67,"Developed, Medium Intensity",#eb0000,1996
Mississippi,Class_23,363.48,"Developed, Medium Intensity",#eb0000,1996
Louisiana,Class_23,846.29,"Developed, Medium Intensity",#eb0000,1996
Texas,Class_23,5055.28,"Developed, Medium Intensity",#eb0000,1996
Oklahoma,Class_23,890.28,"Developed, Medium Intensity",#eb0000,1996
Arkansas,Class_23,414.86,"Developed, Medium Intensity",#eb0000,1996
West Virginia,Class_24,50.64,"Developed, High Intensity",#ab0000,1996
Florida,Class_24,477.41,"Developed, High Intensity",#ab0000,1996
Maryland,Class_24,186.93,"Developed, High Intensity",#ab0000,1996
North Carolina,Class_24,277.61,"Developed, High Intensity",#ab0000,1996
Delaware,Class_24,43.38,"Developed, High Intensity",#ab0000,1996
Georgia,Class_24,341.84,"Developed, High Intensity",#ab0000,1996
South Carolina,Class_24,171.69,"Developed, High Intensity",#ab0000,1996
Virginia,Class_24,252.02,"Developed, High Intensity",#ab0000,1996
District of Columbia,Class_24,18.23,"Developed, High Intensity",#ab0000,1996
Alabama,Class_24,161.94,"Developed, High Intensity",#ab0000,1996
Tennessee,Class_24,248.27,"Developed, High Intensity",#ab0000,1996
Kentucky,Class_24,164.33,"Developed, High Intensity",#ab0000,1996
Mississippi,Class_24,79.82,"Developed, High Intensity",#ab0000,1996
Louisiana,Class_24,206.25,"Developed, High Intensity",#ab0000,1996
Texas,Class_24,991.01,"Developed, High Intensity",#ab0000,1996
Oklahoma,Class_24,192.4,"Developed, High Intensity",#ab0000,1996
Arkansas,Class_24,115.03,"Developed, High Intensity",#ab0000,1996
West Virginia,Class_90,70.11,Woody Wetlands,#b8d9eb,1996
Florida,Class_90,39872.46,Woody Wetlands,#b8d9eb,1996
Maryland,Class_90,2818.67,Woody Wetlands,#b8d9eb,1996
North Carolina,Class_90,19494.56,Woody Wetlands,#b8d9eb,1996
Delaware,Class_90,998.7,Woody Wetlands,#b8d9eb,1996
Georgia,Class_90,26155.41,Woody Wetlands,#b8d9eb,1996
South Carolina,Class_90,17655.94,Woody Wetlands,#b8d9eb,1996
Virginia,Class_90,5294.42,Woody Wetlands,#b8d9eb,1996
District of Columbia,Class_90,1.89,Woody Wetlands,#b8d9eb,1996
Alabama,Class_90,17192.54,Woody Wetlands,#b8d9eb,1996
Tennessee,Class_90,3406.13,Woody Wetlands,#b8d9eb,1996
Kentucky,Class_90,1315.46,Woody Wetlands,#b8d9eb,1996
Mississippi,Class_90,22686.66,Woody Wetlands,#b8d9eb,1996
Louisiana,Class_90,28429.65,Woody Wetlands,#b8d9eb,1996
Texas,Class_90,19791.24,Woody Wetlands,#b8d9eb,1996
Oklahoma,Class_90,1367.03,Woody Wetlands,#b8d9eb,1996
Arkansas,Class_90,14184.4,Woody Wetlands,#b8d9eb,1996
West Virginia,Class_81,5576.82,Pasture/Hay,#dcd939,1997
Florida,Class_81,19568.01,Pasture/Hay,#dcd939,1997
Maryland,Class_81,2747.82,Pasture/Hay,#dcd939,1997
North Carolina,Class_81,12129.43,Pasture/Hay,#dcd939,1997
Delaware,Class_81,42.58,Pasture/Hay,#dcd939,1997
Georgia,Class_81,12048.29,Pasture/Hay,#dcd939,1997
South Carolina,Class_81,6077.89,Pasture/Hay,#dcd939,1997
Virginia,Class_81,18022.25,Pasture/Hay,#dcd939,1997
District of Columbia,Class_81,0.07,Pasture/Hay,#dcd939,1997
Alabama,Class_81,23669.96,Pasture/Hay,#dcd939,1997
Tennessee,Class_81,26277.94,Pasture/Hay,#dcd939,1997
Kentucky,Class_81,29394.44,Pasture/Hay,#dcd939,1997
Mississippi,Class_81,21589.76,Pasture/Hay,#dcd939,1997
Louisiana,Class_81,10938.55,Pasture/Hay,#dcd939,1997
Texas,Class_81,81792.29,Pasture/Hay,#dcd939,1997
Oklahoma,Class_81,22471.24,Pasture/Hay,#dcd939,1997
Arkansas,Class_81,21115.9,Pasture/Hay,#dcd939,1997
West Virginia,Class_71,193.24,Grassland/Herbaceous,#dfdfc2,1997
Florida,Class_71,2829.4,Grassland/Herbaceous,#dfdfc2,1997
Maryland,Class_71,33.57,Grassland/Herbaceous,#dfdfc2,1997
North Carolina,Class_71,1719.89,Grassland/Herbaceous,#dfdfc2,1997
Delaware,Class_71,14.06,Grassland/Herbaceous,#dfdfc2,1997
Georgia,Class_71,4143.48,Grassland/Herbaceous,#dfdfc2,1997
South Carolina,Class_71,2222.98,Grassland/Herbaceous,#dfdfc2,1997
Virginia,Class_71,1639.62,Grassland/Herbaceous,#dfdfc2,1997
District of Columbia,Class_71,0.0,Grassland/Herbaceous,#dfdfc2,1997
Alabama,Class_71,3468.28,Grassland/Herbaceous,#dfdfc2,1997
Tennessee,Class_71,492.52,Grassland/Herbaceous,#dfdfc2,1997
Kentucky,Class_71,161.34,Grassland/Herbaceous,#dfdfc2,1997
Mississippi,Class_71,1915.62,Grassland/Herbaceous,#dfdfc2,1997
Louisiana,Class_71,1722.33,Grassland/Herbaceous,#dfdfc2,1997
Texas,Class_71,81664.28,Grassland/Herbaceous,#dfdfc2,1997
Oklahoma,Class_71,68011.6,Grassland/Herbaceous,#dfdfc2,1997
Arkansas,Class_71,887.76,Grassland/Herbaceous,#dfdfc2,1997
West Virginia,Class_82,271.11,Cultivated Crops,#ab6c28,1997
Florida,Class_82,11039.35,Cultivated Crops,#ab6c28,1997
Maryland,Class_82,6011.1,Cultivated Crops,#ab6c28,1997
North Carolina,Class_82,20181.68,Cultivated Crops,#ab6c28,1997
Delaware,Class_82,2379.44,Cultivated Crops,#ab6c28,1997
Georgia,Class_82,22512.39,Cultivated Crops,#ab6c28,1997
South Carolina,Class_82,9704.72,Cultivated Crops,#ab6c28,1997
Virginia,Class_82,6097.39,Cultivated Crops,#ab6c28,1997
District of Columbia,Class_82,0.0,Cultivated Crops,#ab6c28,1997
Alabama,Class_82,6920.81,Cultivated Crops,#ab6c28,1997
Tennessee,Class_82,11349.17,Cultivated Crops,#ab6c28,1997
Kentucky,Class_82,10945.51,Cultivated Crops,#ab6c28,1997
Mississippi,Class_82,17665.79,Cultivated Crops,#ab6c28,1997
Louisiana,Class_82,20016.03,Cultivated Crops,#ab6c28,1997
Texas,Class_82,90083.56,Cultivated Crops,#ab6c28,1997
Oklahoma,Class_82,34595.43,Cultivated Crops,#ab6c28,1997
Arkansas,Class_82,29976.22,Cultivated Crops,#ab6c28,1997
West Virginia,Class_95,31.94,Emergent Herbaceous Wetlands,#6c9fb8,1997
Florida,Class_95,14663.64,Emergent Herbaceous Wetlands,#6c9fb8,1997
Maryland,Class_95,782.15,Emergent Herbaceous Wetlands,#6c9fb8,1997
North Carolina,Class_95,1002.24,Emergent Herbaceous Wetlands,#6c9fb8,1997
Delaware,Class_95,323.8,Emergent Herbaceous Wetlands,#6c9fb8,1997
Georgia,Class_95,1712.97,Emergent Herbaceous Wetlands,#6c9fb8,1997
South Carolina,Class_95,1936.2,Emergent Herbaceous Wetlands,#6c9fb8,1997
Virginia,Class_95,794.03,Emergent Herbaceous Wetlands,#6c9fb8,1997
District of Columbia,Class_95,0.21,Emergent Herbaceous Wetlands,#6c9fb8,1997
Alabama,Class_95,176.86,Emergent Herbaceous Wetlands,#6c9fb8,1997
Tennessee,Class_95,134.41,Emergent Herbaceous Wetlands,#6c9fb8,1997
Kentucky,Class_95,129.94,Emergent Herbaceous Wetlands,#6c9fb8,1997
Mississippi,Class_95,453.08,Emergent Herbaceous Wetlands,#6c9fb8,1997
Louisiana,Class_95,12604.46,Emergent Herbaceous Wetlands,#6c9fb8,1997
Texas,Class_95,7408.01,Emergent Herbaceous Wetlands,#6c9fb8,1997
Oklahoma,Class_95,275.19,Emergent Herbaceous Wetlands,#6c9fb8,1997
Arkansas,Class_95,92.73,Emergent Herbaceous Wetlands,#6c9fb8,1997
West Virginia,Class_41,49647.97,Deciduous Forest,#68ab5f,1997
Florida,Class_41,8.75,Deciduous Forest,#68ab5f,1997
Maryland,Class_41,6452.84,Deciduous Forest,#68ab5f,1997
North Carolina,Class_41,27558.59,Deciduous Forest,#68ab5f,1997
Delaware,Class_41,211.65,Deciduous Forest,#68ab5f,1997
Georgia,Class_41,20848.93,Deciduous Forest,#68ab5f,1997
South Carolina,Class_41,7211.19,Deciduous Forest,#68ab5f,1997
Virginia,Class_41,37251.29,Deciduous Forest,#68ab5f,1997
District of Columbia,Class_41,12.79,Deciduous Forest,#68ab5f,1997
Alabama,Class_41,25458.6,Deciduous Forest,#68ab5f,1997
Tennessee,Class_41,45279.84,Deciduous Forest,#68ab5f,1997
Kentucky,Class_41,49805.15,Deciduous Forest,#68ab5f,1997
Mississippi,Class_41,13042.1,Deciduous Forest,#68ab5f,1997
Louisiana,Class_41,445.23,Deciduous Forest,#68ab5f,1997
Texas,Class_41,8552.25,Deciduous Forest,#68ab5f,1997
Oklahoma,Class_41,28221.13,Deciduous Forest,#68ab5f,1997
Arkansas,Class_41,27834.91,Deciduous Forest,#68ab5f,1997
West Virginia,Class_52,15.44,Shrub/Scrub,#ccb879,1997
Florida,Class_52,4874.6,Shrub/Scrub,#ccb879,1997
Maryland,Class_52,85.86,Shrub/Scrub,#ccb879,1997
North Carolina,Class_52,1643.04,Shrub/Scrub,#ccb879,1997
Delaware,Class_52,18.25,Shrub/Scrub,#ccb879,1997
Georgia,Class_52,3573.16,Shrub/Scrub,#ccb879,1997
South Carolina,Class_52,1546.91,Shrub/Scrub,#ccb879,1997
Virginia,Class_52,1029.45,Shrub/Scrub,#ccb879,1997
District of Columbia,Class_52,0.07,Shrub/Scrub,#ccb879,1997
Alabama,Class_52,5691.59,Shrub/Scrub,#ccb879,1997
Tennessee,Class_52,373.87,Shrub/Scrub,#ccb879,1997
Kentucky,Class_52,32.67,Shrub/Scrub,#ccb879,1997
Mississippi,Class_52,5160.67,Shrub/Scrub,#ccb879,1997
Louisiana,Class_52,3015.37,Shrub/Scrub,#ccb879,1997
Texas,Class_52,310243.39,Shrub/Scrub,#ccb879,1997
Oklahoma,Class_52,5511.71,Shrub/Scrub,#ccb879,1997
Arkansas,Class_52,971.41,Shrub/Scrub,#ccb879,1997
West Virginia,Class_31,324.08,Barren Land,#b3ac9f,1997
Florida,Class_31,858.94,Barren Land,#b3ac9f,1997
Maryland,Class_31,106.89,Barren Land,#b3ac9f,1997
North Carolina,Class_31,333.98,Barren Land,#b3ac9f,1997
Delaware,Class_31,17.3,Barren Land,#b3ac9f,1997
Georgia,Class_31,330.77,Barren Land,#b3ac9f,1997
South Carolina,Class_31,179.61,Barren Land,#b3ac9f,1997
Virginia,Class_31,227.69,Barren Land,#b3ac9f,1997
District of Columbia,Class_31,0.0,Barren Land,#b3ac9f,1997
Alabama,Class_31,228.38,Barren Land,#b3ac9f,1997
Tennessee,Class_31,143.07,Barren Land,#b3ac9f,1997
Kentucky,Class_31,348.91,Barren Land,#b3ac9f,1997
Mississippi,Class_31,181.77,Barren Land,#b3ac9f,1997
Louisiana,Class_31,193.71,Barren Land,#b3ac9f,1997
Texas,Class_31,2052.1,Barren Land,#b3ac9f,1997
Oklahoma,Class_31,525.14,Barren Land,#b3ac9f,1997
Arkansas,Class_31,203.96,Barren Land,#b3ac9f,1997
West Virginia,Class_42,383.04,Evergreen Forest,#1c5f2c,1997
Florida,Class_42,28964.5,Evergreen Forest,#1c5f2c,1997
Maryland,Class_42,486.71,Evergreen Forest,#1c5f2c,1997
North Carolina,Class_42,18321.88,Evergreen Forest,#1c5f2c,1997
Delaware,Class_42,136.96,Evergreen Forest,#1c5f2c,1997
Georgia,Class_42,39945.13,Evergreen Forest,#1c5f2c,1997
South Carolina,Class_42,22061.0,Evergreen Forest,#1c5f2c,1997
Virginia,Class_42,8478.72,Evergreen Forest,#1c5f2c,1997
District of Columbia,Class_42,0.07,Evergreen Forest,#1c5f2c,1997
Alabama,Class_42,26829.0,Evergreen Forest,#1c5f2c,1997
Tennessee,Class_42,3134.61,Evergreen Forest,#1c5f2c,1997
Kentucky,Class_42,458.84,Evergreen Forest,#1c5f2c,1997
Mississippi,Class_42,20299.0,Evergreen Forest,#1c5f2c,1997
Louisiana,Class_42,26292.91,Evergreen Forest,#1c5f2c,1997
Texas,Class_42,37993.46,Evergreen Forest,#1c5f2c,1997
Oklahoma,Class_42,5759.33,Evergreen Forest,#1c5f2c,1997
Arkansas,Class_42,28292.59,Evergreen Forest,#1c5f2c,1997
West Virginia,Class_21,1677.32,"Developed, Open Space",#dec5c5,1997
Florida,Class_21,7163.29,"Developed, Open Space",#dec5c5,1997
Maryland,Class_21,1778.06,"Developed, Open Space",#dec5c5,1997
North Carolina,Class_21,6916.11,"Developed, Open Space",#dec5c5,1997
Delaware,Class_21,225.53,"Developed, Open Space",#dec5c5,1997
Georgia,Class_21,7856.3,"Developed, Open Space",#dec5c5,1997
South Carolina,Class_21,3939.66,"Developed, Open Space",#dec5c5,1997
Virginia,Class_21,4712.88,"Developed, Open Space",#dec5c5,1997
District of Columbia,Class_21,23.57,"Developed, Open Space",#dec5c5,1997
Alabama,Class_21,6430.32,"Developed, Open Space",#dec5c5,1997
Tennessee,Class_21,5358.03,"Developed, Open Space",#dec5c5,1997
Kentucky,Class_21,3603.12,"Developed, Open Space",#dec5c5,1997
Mississippi,Class_21,4837.72,"Developed, Open Space",#dec5c5,1997
Louisiana,Class_21,3132.17,"Developed, Open Space",#dec5c5,1997
Texas,Class_21,10227.78,"Developed, Open Space",#dec5c5,1997
Oklahoma,Class_21,4645.79,"Developed, Open Space",#dec5c5,1997
Arkansas,Class_21,2954.9,"Developed, Open Space",#dec5c5,1997
West Virginia,Class_43,3243.89,Mixed Forest,#b5c58f,1997
Florida,Class_43,135.5,Mixed Forest,#b5c58f,1997
Maryland,Class_43,1448.63,Mixed Forest,#b5c58f,1997
North Carolina,Class_43,11676.18,Mixed Forest,#b5c58f,1997
Delaware,Class_43,166.13,Mixed Forest,#b5c58f,1997
Georgia,Class_43,6109.45,Mixed Forest,#b5c58f,1997
South Carolina,Class_43,2453.55,Mixed Forest,#b5c58f,1997
Virginia,Class_43,15252.29,Mixed Forest,#b5c58f,1997
District of Columbia,Class_43,0.0,Mixed Forest,#b5c58f,1997
Alabama,Class_43,12213.67,Mixed Forest,#b5c58f,1997
Tennessee,Class_43,7497.94,Mixed Forest,#b5c58f,1997
Kentucky,Class_43,4388.37,Mixed Forest,#b5c58f,1997
Mississippi,Class_43,11464.63,Mixed Forest,#b5c58f,1997
Louisiana,Class_43,1298.38,Mixed Forest,#b5c58f,1997
Texas,Class_43,13584.92,Mixed Forest,#b5c58f,1997
Oklahoma,Class_43,3214.0,Mixed Forest,#b5c58f,1997
Arkansas,Class_43,6142.88,Mixed Forest,#b5c58f,1997
West Virginia,Class_11,418.2,Open Water,#466b9f,1997
Florida,Class_11,28762.57,Open Water,#466b9f,1997
Maryland,Class_11,7001.75,Open Water,#466b9f,1997
North Carolina,Class_11,13345.23,Open Water,#466b9f,1997
Delaware,Class_11,1393.38,Open Water,#466b9f,1997
Georgia,Class_11,3851.52,Open Water,#466b9f,1997
South Carolina,Class_11,4998.55,Open Water,#466b9f,1997
Virginia,Class_11,8416.61,Open Water,#466b9f,1997
District of Columbia,Class_11,17.45,Open Water,#466b9f,1997
Alabama,Class_11,4571.04,Open Water,#466b9f,1997
Tennessee,Class_11,2464.38,Open Water,#466b9f,1997
Kentucky,Class_11,1840.72,Open Water,#466b9f,1997
Mississippi,Class_11,4357.05,Open Water,#466b9f,1997
Louisiana,Class_11,23093.66,Open Water,#466b9f,1997
Texas,Class_11,16172.13,Open Water,#466b9f,1997
Oklahoma,Class_11,3141.08,Open Water,#466b9f,1997
Arkansas,Class_11,2966.33,Open Water,#466b9f,1997
West Virginia,Class_22,547.28,"Developed, Low Intensity",#d99282,1997
Florida,Class_22,7460.17,"Developed, Low Intensity",#d99282,1997
Maryland,Class_22,1479.05,"Developed, Low Intensity",#d99282,1997
North Carolina,Class_22,3818.86,"Developed, Low Intensity",#d99282,1997
Delaware,Class_22,313.3,"Developed, Low Intensity",#d99282,1997
Georgia,Class_22,3525.56,"Developed, Low Intensity",#d99282,1997
South Carolina,Class_22,2223.38,"Developed, Low Intensity",#d99282,1997
Virginia,Class_22,2322.11,"Developed, Low Intensity",#d99282,1997
District of Columbia,Class_22,33.57,"Developed, Low Intensity",#d99282,1997
Alabama,Class_22,2122.03,"Developed, Low Intensity",#d99282,1997
Tennessee,Class_22,2191.52,"Developed, Low Intensity",#d99282,1997
Kentucky,Class_22,1428.2,"Developed, Low Intensity",#d99282,1997
Mississippi,Class_22,1368.85,"Developed, Low Intensity",#d99282,1997
Louisiana,Class_22,2043.28,"Developed, Low Intensity",#d99282,1997
Texas,Class_22,9917.91,"Developed, Low Intensity",#d99282,1997
Oklahoma,Class_22,2219.35,"Developed, Low Intensity",#d99282,1997
Arkansas,Class_22,1591.46,"Developed, Low Intensity",#d99282,1997
West Virginia,Class_23,304.16,"Developed, Medium Intensity",#eb0000,1997
Florida,Class_23,3363.18,"Developed, Medium Intensity",#eb0000,1997
Maryland,Class_23,706.36,"Developed, Medium Intensity",#eb0000,1997
North Carolina,Class_23,964.6,"Developed, Medium Intensity",#eb0000,1997
Delaware,Class_23,160.2,"Developed, Medium Intensity",#eb0000,1997
Georgia,Class_23,965.67,"Developed, Medium Intensity",#eb0000,1997
South Carolina,Class_23,530.49,"Developed, Medium Intensity",#eb0000,1997
Virginia,Class_23,999.8,"Developed, Medium Intensity",#eb0000,1997
District of Columbia,Class_23,69.09,"Developed, Medium Intensity",#eb0000,1997
Alabama,Class_23,663.33,"Developed, Medium Intensity",#eb0000,1997
Tennessee,Class_23,804.09,"Developed, Medium Intensity",#eb0000,1997
Kentucky,Class_23,636.77,"Developed, Medium Intensity",#eb0000,1997
Mississippi,Class_23,364.16,"Developed, Medium Intensity",#eb0000,1997
Louisiana,Class_23,848.0,"Developed, Medium Intensity",#eb0000,1997
Texas,Class_23,5058.38,"Developed, Medium Intensity",#eb0000,1997
Oklahoma,Class_23,892.53,"Developed, Medium Intensity",#eb0000,1997
Arkansas,Class_23,416.33,"Developed, Medium Intensity",#eb0000,1997
West Virginia,Class_24,50.47,"Developed, High Intensity",#ab0000,1997
Florida,Class_24,476.69,"Developed, High Intensity",#ab0000,1997
Maryland,Class_24,186.72,"Developed, High Intensity",#ab0000,1997
North Carolina,Class_24,277.39,"Developed, High Intensity",#ab0000,1997
Delaware,Class_24,43.45,"Developed, High Intensity",#ab0000,1997
Georgia,Class_24,341.25,"Developed, High Intensity",#ab0000,1997
South Carolina,Class_24,171.84,"Developed, High Intensity",#ab0000,1997
Virginia,Class_24,252.16,"Developed, High Intensity",#ab0000,1997
District of Columbia,Class_24,18.23,"Developed, High Intensity",#ab0000,1997
Alabama,Class_24,162.02,"Developed, High Intensity",#ab0000,1997
Tennessee,Class_24,248.27,"Developed, High Intensity",#ab0000,1997
Kentucky,Class_24,164.22,"Developed, High Intensity",#ab0000,1997
Mississippi,Class_24,79.45,"Developed, High Intensity",#ab0000,1997
Louisiana,Class_24,206.95,"Developed, High Intensity",#ab0000,1997
Texas,Class_24,989.92,"Developed, High Intensity",#ab0000,1997
Oklahoma,Class_24,192.1,"Developed, High Intensity",#ab0000,1997
Arkansas,Class_24,114.89,"Developed, High Intensity",#ab0000,1997
West Virginia,Class_90,69.97,Woody Wetlands,#b8d9eb,1997
Florida,Class_90,39911.79,Woody Wetlands,#b8d9eb,1997
Maryland,Class_90,2821.7,Woody Wetlands,#b8d9eb,1997
North Carolina,Class_90,19494.76,Woody Wetlands,#b8d9eb,1997
Delaware,Class_90,999.67,Woody Wetlands,#b8d9eb,1997
Georgia,Class_90,26139.32,Woody Wetlands,#b8d9eb,1997
South Carolina,Class_90,17651.34,Woody Wetlands,#b8d9eb,1997
Virginia,Class_90,5287.98,Woody Wetlands,#b8d9eb,1997
District of Columbia,Class_90,1.89,Woody Wetlands,#b8d9eb,1997
Alabama,Class_90,17159.89,Woody Wetlands,#b8d9eb,1997
Tennessee,Class_90,3402.24,Woody Wetlands,#b8d9eb,1997
Kentucky,Class_90,1316.1,Woody Wetlands,#b8d9eb,1997
Mississippi,Class_90,22658.37,Woody Wetlands,#b8d9eb,1997
Louisiana,Class_90,28401.93,Woody Wetlands,#b8d9eb,1997
Texas,Class_90,19780.72,Woody Wetlands,#b8d9eb,1997
Oklahoma,Class_90,1361.36,Woody Wetlands,#b8d9eb,1997
Arkansas,Class_90,14168.8,Woody Wetlands,#b8d9eb,1997
West Virginia,Class_81,5588.1,Pasture/Hay,#dcd939,1998
Florida,Class_81,19535.85,Pasture/Hay,#dcd939,1998
Maryland,Class_81,2762.26,Pasture/Hay,#dcd939,1998
North Carolina,Class_81,12242.31,Pasture/Hay,#dcd939,1998
Delaware,Class_81,42.01,Pasture/Hay,#dcd939,1998
Georgia,Class_81,12217.88,Pasture/Hay,#dcd939,1998
South Carolina,Class_81,6174.3,Pasture/Hay,#dcd939,1998
Virginia,Class_81,18054.45,Pasture/Hay,#dcd939,1998
District of Columbia,Class_81,0.07,Pasture/Hay,#dcd939,1998
Alabama,Class_81,23749.92,Pasture/Hay,#dcd939,1998
Tennessee,Class_81,26312.06,Pasture/Hay,#dcd939,1998
Kentucky,Class_81,29412.97,Pasture/Hay,#dcd939,1998
Mississippi,Class_81,21613.98,Pasture/Hay,#dcd939,1998
Louisiana,Class_81,10974.77,Pasture/Hay,#dcd939,1998
Texas,Class_81,82026.29,Pasture/Hay,#dcd939,1998
Oklahoma,Class_81,22497.36,Pasture/Hay,#dcd939,1998
Arkansas,Class_81,21220.76,Pasture/Hay,#dcd939,1998
West Virginia,Class_71,225.37,Grassland/Herbaceous,#dfdfc2,1998
Florida,Class_71,3226.29,Grassland/Herbaceous,#dfdfc2,1998
Maryland,Class_71,37.17,Grassland/Herbaceous,#dfdfc2,1998
North Carolina,Class_71,1960.68,Grassland/Herbaceous,#dfdfc2,1998
Delaware,Class_71,16.74,Grassland/Herbaceous,#dfdfc2,1998
Georgia,Class_71,4597.06,Grassland/Herbaceous,#dfdfc2,1998
South Carolina,Class_71,2428.64,Grassland/Herbaceous,#dfdfc2,1998
Virginia,Class_71,1785.27,Grassland/Herbaceous,#dfdfc2,1998
District of Columbia,Class_71,0.0,Grassland/Herbaceous,#dfdfc2,1998
Alabama,Class_71,4161.76,Grassland/Herbaceous,#dfdfc2,1998
Tennessee,Class_71,625.5,Grassland/Herbaceous,#dfdfc2,1998
Kentucky,Class_71,176.4,Grassland/Herbaceous,#dfdfc2,1998
Mississippi,Class_71,2254.46,Grassland/Herbaceous,#dfdfc2,1998
Louisiana,Class_71,2128.31,Grassland/Herbaceous,#dfdfc2,1998
Texas,Class_71,81767.9,Grassland/Herbaceous,#dfdfc2,1998
Oklahoma,Class_71,68285.65,Grassland/Herbaceous,#dfdfc2,1998
Arkansas,Class_71,1201.84,Grassland/Herbaceous,#dfdfc2,1998
West Virginia,Class_82,264.85,Cultivated Crops,#ab6c28,1998
Florida,Class_82,10997.81,Cultivated Crops,#ab6c28,1998
Maryland,Class_82,5972.46,Cultivated Crops,#ab6c28,1998
North Carolina,Class_82,20085.54,Cultivated Crops,#ab6c28,1998
Delaware,Class_82,2371.2,Cultivated Crops,#ab6c28,1998
Georgia,Class_82,22343.35,Cultivated Crops,#ab6c28,1998
South Carolina,Class_82,9572.86,Cultivated Crops,#ab6c28,1998
Virginia,Class_82,6063.17,Cultivated Crops,#ab6c28,1998
District of Columbia,Class_82,0.0,Cultivated Crops,#ab6c28,1998
Alabama,Class_82,6821.44,Cultivated Crops,#ab6c28,1998
Tennessee,Class_82,11330.58,Cultivated Crops,#ab6c28,1998
Kentucky,Class_82,10952.58,Cultivated Crops,#ab6c28,1998
Mississippi,Class_82,17591.59,Cultivated Crops,#ab6c28,1998
Louisiana,Class_82,19970.03,Cultivated Crops,#ab6c28,1998
Texas,Class_82,90019.22,Cultivated Crops,#ab6c28,1998
Oklahoma,Class_82,34343.65,Cultivated Crops,#ab6c28,1998
Arkansas,Class_82,29940.77,Cultivated Crops,#ab6c28,1998
West Virginia,Class_95,32.15,Emergent Herbaceous Wetlands,#6c9fb8,1998
Florida,Class_95,14653.22,Emergent Herbaceous Wetlands,#6c9fb8,1998
Maryland,Class_95,782.9,Emergent Herbaceous Wetlands,#6c9fb8,1998
North Carolina,Class_95,1004.09,Emergent Herbaceous Wetlands,#6c9fb8,1998
Delaware,Class_95,325.35,Emergent Herbaceous Wetlands,#6c9fb8,1998
Georgia,Class_95,1729.24,Emergent Herbaceous Wetlands,#6c9fb8,1998
South Carolina,Class_95,1942.85,Emergent Herbaceous Wetlands,#6c9fb8,1998
Virginia,Class_95,792.23,Emergent Herbaceous Wetlands,#6c9fb8,1998
District of Columbia,Class_95,0.14,Emergent Herbaceous Wetlands,#6c9fb8,1998
Alabama,Class_95,181.0,Emergent Herbaceous Wetlands,#6c9fb8,1998
Tennessee,Class_95,133.03,Emergent Herbaceous Wetlands,#6c9fb8,1998
Kentucky,Class_95,130.41,Emergent Herbaceous Wetlands,#6c9fb8,1998
Mississippi,Class_95,467.49,Emergent Herbaceous Wetlands,#6c9fb8,1998
Louisiana,Class_95,12659.13,Emergent Herbaceous Wetlands,#6c9fb8,1998
Texas,Class_95,7537.62,Emergent Herbaceous Wetlands,#6c9fb8,1998
Oklahoma,Class_95,301.01,Emergent Herbaceous Wetlands,#6c9fb8,1998
Arkansas,Class_95,103.62,Emergent Herbaceous Wetlands,#6c9fb8,1998
West Virginia,Class_41,49548.53,Deciduous Forest,#68ab5f,1998
Florida,Class_41,8.52,Deciduous Forest,#68ab5f,1998
Maryland,Class_41,6435.67,Deciduous Forest,#68ab5f,1998
North Carolina,Class_41,27170.83,Deciduous Forest,#68ab5f,1998
Delaware,Class_41,208.55,Deciduous Forest,#68ab5f,1998
Georgia,Class_41,20534.97,Deciduous Forest,#68ab5f,1998
South Carolina,Class_41,7076.58,Deciduous Forest,#68ab5f,1998
Virginia,Class_41,36942.43,Deciduous Forest,#68ab5f,1998
District of Columbia,Class_41,12.79,Deciduous Forest,#68ab5f,1998
Alabama,Class_41,24750.62,Deciduous Forest,#68ab5f,1998
Tennessee,Class_41,45043.46,Deciduous Forest,#68ab5f,1998
Kentucky,Class_41,49695.62,Deciduous Forest,#68ab5f,1998
Mississippi,Class_41,12612.93,Deciduous Forest,#68ab5f,1998
Louisiana,Class_41,414.61,Deciduous Forest,#68ab5f,1998
Texas,Class_41,8479.13,Deciduous Forest,#68ab5f,1998
Oklahoma,Class_41,28150.75,Deciduous Forest,#68ab5f,1998
Arkansas,Class_41,27670.79,Deciduous Forest,#68ab5f,1998
West Virginia,Class_52,18.25,Shrub/Scrub,#ccb879,1998
Florida,Class_52,4734.59,Shrub/Scrub,#ccb879,1998
Maryland,Class_52,87.71,Shrub/Scrub,#ccb879,1998
North Carolina,Class_52,1712.36,Shrub/Scrub,#ccb879,1998
Delaware,Class_52,16.96,Shrub/Scrub,#ccb879,1998
Georgia,Class_52,3623.49,Shrub/Scrub,#ccb879,1998
South Carolina,Class_52,1645.78,Shrub/Scrub,#ccb879,1998
Virginia,Class_52,1014.58,Shrub/Scrub,#ccb879,1998
District of Columbia,Class_52,0.07,Shrub/Scrub,#ccb879,1998
Alabama,Class_52,5702.56,Shrub/Scrub,#ccb879,1998
Tennessee,Class_52,409.35,Shrub/Scrub,#ccb879,1998
Kentucky,Class_52,33.55,Shrub/Scrub,#ccb879,1998
Mississippi,Class_52,5164.45,Shrub/Scrub,#ccb879,1998
Louisiana,Class_52,2901.55,Shrub/Scrub,#ccb879,1998
Texas,Class_52,310362.6,Shrub/Scrub,#ccb879,1998
Oklahoma,Class_52,5564.3,Shrub/Scrub,#ccb879,1998
Arkansas,Class_52,926.14,Shrub/Scrub,#ccb879,1998
West Virginia,Class_31,341.0,Barren Land,#b3ac9f,1998
Florida,Class_31,868.22,Barren Land,#b3ac9f,1998
Maryland,Class_31,107.38,Barren Land,#b3ac9f,1998
North Carolina,Class_31,338.3,Barren Land,#b3ac9f,1998
Delaware,Class_31,18.14,Barren Land,#b3ac9f,1998
Georgia,Class_31,342.76,Barren Land,#b3ac9f,1998
South Carolina,Class_31,186.6,Barren Land,#b3ac9f,1998
Virginia,Class_31,235.8,Barren Land,#b3ac9f,1998
District of Columbia,Class_31,0.0,Barren Land,#b3ac9f,1998
Alabama,Class_31,239.27,Barren Land,#b3ac9f,1998
Tennessee,Class_31,168.42,Barren Land,#b3ac9f,1998
Kentucky,Class_31,375.01,Barren Land,#b3ac9f,1998
Mississippi,Class_31,205.45,Barren Land,#b3ac9f,1998
Louisiana,Class_31,203.43,Barren Land,#b3ac9f,1998
Texas,Class_31,2108.36,Barren Land,#b3ac9f,1998
Oklahoma,Class_31,585.3,Barren Land,#b3ac9f,1998
Arkansas,Class_31,236.89,Barren Land,#b3ac9f,1998
West Virginia,Class_42,383.52,Evergreen Forest,#1c5f2c,1998
Florida,Class_42,28533.45,Evergreen Forest,#1c5f2c,1998
Maryland,Class_42,480.43,Evergreen Forest,#1c5f2c,1998
North Carolina,Class_42,18017.5,Evergreen Forest,#1c5f2c,1998
Delaware,Class_42,137.97,Evergreen Forest,#1c5f2c,1998
Georgia,Class_42,39366.71,Evergreen Forest,#1c5f2c,1998
South Carolina,Class_42,21717.25,Evergreen Forest,#1c5f2c,1998
Virginia,Class_42,8467.28,Evergreen Forest,#1c5f2c,1998
District of Columbia,Class_42,0.07,Evergreen Forest,#1c5f2c,1998
Alabama,Class_42,26689.25,Evergreen Forest,#1c5f2c,1998
Tennessee,Class_42,3082.93,Evergreen Forest,#1c5f2c,1998
Kentucky,Class_42,445.57,Evergreen Forest,#1c5f2c,1998
Mississippi,Class_42,20408.95,Evergreen Forest,#1c5f2c,1998
Louisiana,Class_42,25976.02,Evergreen Forest,#1c5f2c,1998
Texas,Class_42,37468.09,Evergreen Forest,#1c5f2c,1998
Oklahoma,Class_42,5696.23,Evergreen Forest,#1c5f2c,1998
Arkansas,Class_42,27978.41,Evergreen Forest,#1c5f2c,1998
West Virginia,Class_21,1702.35,"Developed, Open Space",#dec5c5,1998
Florida,Class_21,7323.62,"Developed, Open Space",#dec5c5,1998
Maryland,Class_21,1806.11,"Developed, Open Space",#dec5c5,1998
North Carolina,Class_21,7121.12,"Developed, Open Space",#dec5c5,1998
Delaware,Class_21,232.93,"Developed, Open Space",#dec5c5,1998
Georgia,Class_21,8121.13,"Developed, Open Space",#dec5c5,1998
South Carolina,Class_21,4080.23,"Developed, Open Space",#dec5c5,1998
Virginia,Class_21,4797.51,"Developed, Open Space",#dec5c5,1998
District of Columbia,Class_21,23.5,"Developed, Open Space",#dec5c5,1998
Alabama,Class_21,6530.98,"Developed, Open Space",#dec5c5,1998
Tennessee,Class_21,5460.86,"Developed, Open Space",#dec5c5,1998
Kentucky,Class_21,3657.59,"Developed, Open Space",#dec5c5,1998
Mississippi,Class_21,4929.73,"Developed, Open Space",#dec5c5,1998
Louisiana,Class_21,3231.21,"Developed, Open Space",#dec5c5,1998
Texas,Class_21,10629.01,"Developed, Open Space",#dec5c5,1998
Oklahoma,Class_21,4697.29,"Developed, Open Space",#dec5c5,1998
Arkansas,Class_21,3035.31,"Developed, Open Space",#dec5c5,1998
West Virginia,Class_43,3261.3,Mixed Forest,#b5c58f,1998
Florida,Class_43,136.86,Mixed Forest,#b5c58f,1998
Maryland,Class_43,1450.65,Mixed Forest,#b5c58f,1998
North Carolina,Class_43,11788.5,Mixed Forest,#b5c58f,1998
Delaware,Class_43,165.1,Mixed Forest,#b5c58f,1998
Georgia,Class_43,6191.9,Mixed Forest,#b5c58f,1998
South Carolina,Class_43,2500.67,Mixed Forest,#b5c58f,1998
Virginia,Class_43,15341.69,Mixed Forest,#b5c58f,1998
District of Columbia,Class_43,0.0,Mixed Forest,#b5c58f,1998
Alabama,Class_43,12280.27,Mixed Forest,#b5c58f,1998
Tennessee,Class_43,7494.17,Mixed Forest,#b5c58f,1998
Kentucky,Class_43,4382.03,Mixed Forest,#b5c58f,1998
Mississippi,Class_43,11428.03,Mixed Forest,#b5c58f,1998
Louisiana,Class_43,1309.8,Mixed Forest,#b5c58f,1998
Texas,Class_43,13602.97,Mixed Forest,#b5c58f,1998
Oklahoma,Class_43,3257.97,Mixed Forest,#b5c58f,1998
Arkansas,Class_43,6228.65,Mixed Forest,#b5c58f,1998
West Virginia,Class_11,414.61,Open Water,#466b9f,1998
Florida,Class_11,28793.4,Open Water,#466b9f,1998
Maryland,Class_11,7001.18,Open Water,#466b9f,1998
North Carolina,Class_11,13346.66,Open Water,#466b9f,1998
Delaware,Class_11,1390.22,Open Water,#466b9f,1998
Georgia,Class_11,3832.14,Open Water,#466b9f,1998
South Carolina,Class_11,4986.06,Open Water,#466b9f,1998
Virginia,Class_11,8408.61,Open Water,#466b9f,1998
District of Columbia,Class_11,17.72,Open Water,#466b9f,1998
Alabama,Class_11,4554.16,Open Water,#466b9f,1998
Tennessee,Class_11,2428.2,Open Water,#466b9f,1998
Kentucky,Class_11,1839.73,Open Water,#466b9f,1998
Mississippi,Class_11,4297.75,Open Water,#466b9f,1998
Louisiana,Class_11,22984.87,Open Water,#466b9f,1998
Texas,Class_11,15716.67,Open Water,#466b9f,1998
Oklahoma,Class_11,2987.56,Open Water,#466b9f,1998
Arkansas,Class_11,2895.85,Open Water,#466b9f,1998
West Virginia,Class_22,550.5,"Developed, Low Intensity",#d99282,1998
Florida,Class_22,7547.61,"Developed, Low Intensity",#d99282,1998
Maryland,Class_22,1491.33,"Developed, Low Intensity",#d99282,1998
North Carolina,Class_22,3857.72,"Developed, Low Intensity",#d99282,1998
Delaware,Class_22,316.89,"Developed, Low Intensity",#d99282,1998
Georgia,Class_22,3556.83,"Developed, Low Intensity",#d99282,1998
South Carolina,Class_22,2238.38,"Developed, Low Intensity",#d99282,1998
Virginia,Class_22,2341.21,"Developed, Low Intensity",#d99282,1998
District of Columbia,Class_22,33.37,"Developed, Low Intensity",#d99282,1998
Alabama,Class_22,2137.24,"Developed, Low Intensity",#d99282,1998
Tennessee,Class_22,2210.07,"Developed, Low Intensity",#d99282,1998
Kentucky,Class_22,1439.1,"Developed, Low Intensity",#d99282,1998
Mississippi,Class_22,1377.08,"Developed, Low Intensity",#d99282,1998
Louisiana,Class_22,2052.33,"Developed, Low Intensity",#d99282,1998
Texas,Class_22,9964.76,"Developed, Low Intensity",#d99282,1998
Oklahoma,Class_22,2225.84,"Developed, Low Intensity",#d99282,1998
Arkansas,Class_22,1595.84,"Developed, Low Intensity",#d99282,1998
West Virginia,Class_23,303.97,"Developed, Medium Intensity",#eb0000,1998
Florida,Class_23,3364.82,"Developed, Medium Intensity",#eb0000,1998
Maryland,Class_23,706.01,"Developed, Medium Intensity",#eb0000,1998
North Carolina,Class_23,963.07,"Developed, Medium Intensity",#eb0000,1998
Delaware,Class_23,160.0,"Developed, Medium Intensity",#eb0000,1998
Georgia,Class_23,964.96,"Developed, Medium Intensity",#eb0000,1998
South Carolina,Class_23,530.49,"Developed, Medium Intensity",#eb0000,1998
Virginia,Class_23,999.53,"Developed, Medium Intensity",#eb0000,1998
District of Columbia,Class_23,69.15,"Developed, Medium Intensity",#eb0000,1998
Alabama,Class_23,663.3,"Developed, Medium Intensity",#eb0000,1998
Tennessee,Class_23,803.61,"Developed, Medium Intensity",#eb0000,1998
Kentucky,Class_23,637.05,"Developed, Medium Intensity",#eb0000,1998
Mississippi,Class_23,364.1,"Developed, Medium Intensity",#eb0000,1998
Louisiana,Class_23,847.65,"Developed, Medium Intensity",#eb0000,1998
Texas,Class_23,5055.57,"Developed, Medium Intensity",#eb0000,1998
Oklahoma,Class_23,892.62,"Developed, Medium Intensity",#eb0000,1998
Arkansas,Class_23,417.95,"Developed, Medium Intensity",#eb0000,1998
West Virginia,Class_24,50.5,"Developed, High Intensity",#ab0000,1998
Florida,Class_24,476.37,"Developed, High Intensity",#ab0000,1998
Maryland,Class_24,187.28,"Developed, High Intensity",#ab0000,1998
North Carolina,Class_24,277.75,"Developed, High Intensity",#ab0000,1998
Delaware,Class_24,43.66,"Developed, High Intensity",#ab0000,1998
Georgia,Class_24,341.17,"Developed, High Intensity",#ab0000,1998
South Carolina,Class_24,171.03,"Developed, High Intensity",#ab0000,1998
Virginia,Class_24,252.01,"Developed, High Intensity",#ab0000,1998
District of Columbia,Class_24,18.23,"Developed, High Intensity",#ab0000,1998
Alabama,Class_24,162.25,"Developed, High Intensity",#ab0000,1998
Tennessee,Class_24,248.7,"Developed, High Intensity",#ab0000,1998
Kentucky,Class_24,163.94,"Developed, High Intensity",#ab0000,1998
Mississippi,Class_24,79.07,"Developed, High Intensity",#ab0000,1998
Louisiana,Class_24,206.1,"Developed, High Intensity",#ab0000,1998
Texas,Class_24,990.85,"Developed, High Intensity",#ab0000,1998
Oklahoma,Class_24,192.32,"Developed, High Intensity",#ab0000,1998
Arkansas,Class_24,114.88,"Developed, High Intensity",#ab0000,1998
West Virginia,Class_90,69.93,Woody Wetlands,#b8d9eb,1998
Florida,Class_90,39879.74,Woody Wetlands,#b8d9eb,1998
Maryland,Class_90,2820.65,Woody Wetlands,#b8d9eb,1998
North Carolina,Class_90,19497.44,Woody Wetlands,#b8d9eb,1998
Delaware,Class_90,999.99,Woody Wetlands,#b8d9eb,1998
Georgia,Class_90,26140.6,Woody Wetlands,#b8d9eb,1998
South Carolina,Class_90,17657.59,Woody Wetlands,#b8d9eb,1998
Virginia,Class_90,5288.5,Woody Wetlands,#b8d9eb,1998
District of Columbia,Class_90,1.89,Woody Wetlands,#b8d9eb,1998
Alabama,Class_90,17141.76,Woody Wetlands,#b8d9eb,1998
Tennessee,Class_90,3400.96,Woody Wetlands,#b8d9eb,1998
Kentucky,Class_90,1312.74,Woody Wetlands,#b8d9eb,1998
Mississippi,Class_90,22642.97,Woody Wetlands,#b8d9eb,1998
Louisiana,Class_90,28393.19,Woody Wetlands,#b8d9eb,1998
Texas,Class_90,19792.08,Woody Wetlands,#b8d9eb,1998
Oklahoma,Class_90,1359.15,Woody Wetlands,#b8d9eb,1998
Arkansas,Class_90,14163.34,Woody Wetlands,#b8d9eb,1998
West Virginia,Class_81,5597.84,Pasture/Hay,#dcd939,1999
Florida,Class_81,19545.79,Pasture/Hay,#dcd939,1999
Maryland,Class_81,2757.04,Pasture/Hay,#dcd939,1999
North Carolina,Class_81,12275.55,Pasture/Hay,#dcd939,1999
Delaware,Class_81,41.25,Pasture/Hay,#dcd939,1999
Georgia,Class_81,12321.25,Pasture/Hay,#dcd939,1999
South Carolina,Class_81,6204.87,Pasture/Hay,#dcd939,1999
Virginia,Class_81,18063.64,Pasture/Hay,#dcd939,1999
District of Columbia,Class_81,0.07,Pasture/Hay,#dcd939,1999
Alabama,Class_81,23821.07,Pasture/Hay,#dcd939,1999
Tennessee,Class_81,26416.59,Pasture/Hay,#dcd939,1999
Kentucky,Class_81,29429.78,Pasture/Hay,#dcd939,1999
Mississippi,Class_81,21600.14,Pasture/Hay,#dcd939,1999
Louisiana,Class_81,11130.5,Pasture/Hay,#dcd939,1999
Texas,Class_81,82366.47,Pasture/Hay,#dcd939,1999
Oklahoma,Class_81,22560.22,Pasture/Hay,#dcd939,1999
Arkansas,Class_81,21337.41,Pasture/Hay,#dcd939,1999
West Virginia,Class_71,263.96,Grassland/Herbaceous,#dfdfc2,1999
Florida,Class_71,3299.35,Grassland/Herbaceous,#dfdfc2,1999
Maryland,Class_71,43.27,Grassland/Herbaceous,#dfdfc2,1999
North Carolina,Class_71,2019.45,Grassland/Herbaceous,#dfdfc2,1999
Delaware,Class_71,17.96,Grassland/Herbaceous,#dfdfc2,1999
Georgia,Class_71,4755.46,Grassland/Herbaceous,#dfdfc2,1999
South Carolina,Class_71,2412.96,Grassland/Herbaceous,#dfdfc2,1999
Virginia,Class_71,1898.58,Grassland/Herbaceous,#dfdfc2,1999
District of Columbia,Class_71,0.0,Grassland/Herbaceous,#dfdfc2,1999
Alabama,Class_71,4382.22,Grassland/Herbaceous,#dfdfc2,1999
Tennessee,Class_71,754.64,Grassland/Herbaceous,#dfdfc2,1999
Kentucky,Class_71,190.51,Grassland/Herbaceous,#dfdfc2,1999
Mississippi,Class_71,2388.55,Grassland/Herbaceous,#dfdfc2,1999
Louisiana,Class_71,2247.18,Grassland/Herbaceous,#dfdfc2,1999
Texas,Class_71,81979.6,Grassland/Herbaceous,#dfdfc2,1999
Oklahoma,Class_71,68725.91,Grassland/Herbaceous,#dfdfc2,1999
Arkansas,Class_71,1408.96,Grassland/Herbaceous,#dfdfc2,1999
West Virginia,Class_82,260.63,Cultivated Crops,#ab6c28,1999
Florida,Class_82,10948.4,Cultivated Crops,#ab6c28,1999
Maryland,Class_82,5951.85,Cultivated Crops,#ab6c28,1999
North Carolina,Class_82,20049.59,Cultivated Crops,#ab6c28,1999
Delaware,Class_82,2362.57,Cultivated Crops,#ab6c28,1999
Georgia,Class_82,22253.13,Cultivated Crops,#ab6c28,1999
South Carolina,Class_82,9518.1,Cultivated Crops,#ab6c28,1999
Virginia,Class_82,6050.75,Cultivated Crops,#ab6c28,1999
District of Columbia,Class_82,0.0,Cultivated Crops,#ab6c28,1999
Alabama,Class_82,6697.11,Cultivated Crops,#ab6c28,1999
Tennessee,Class_82,11274.51,Cultivated Crops,#ab6c28,1999
Kentucky,Class_82,10973.02,Cultivated Crops,#ab6c28,1999
Mississippi,Class_82,17513.24,Cultivated Crops,#ab6c28,1999
Louisiana,Class_82,19814.51,Cultivated Crops,#ab6c28,1999
Texas,Class_82,88351.27,Cultivated Crops,#ab6c28,1999
Oklahoma,Class_82,33822.53,Cultivated Crops,#ab6c28,1999
Arkansas,Class_82,29861.5,Cultivated Crops,#ab6c28,1999
West Virginia,Class_95,31.73,Emergent Herbaceous Wetlands,#6c9fb8,1999
Florida,Class_95,14642.22,Emergent Herbaceous Wetlands,#6c9fb8,1999
Maryland,Class_95,784.02,Emergent Herbaceous Wetlands,#6c9fb8,1999
North Carolina,Class_95,1017.99,Emergent Herbaceous Wetlands,#6c9fb8,1999
Delaware,Class_95,325.61,Emergent Herbaceous Wetlands,#6c9fb8,1999
Georgia,Class_95,1742.8,Emergent Herbaceous Wetlands,#6c9fb8,1999
South Carolina,Class_95,1955.05,Emergent Herbaceous Wetlands,#6c9fb8,1999
Virginia,Class_95,794.03,Emergent Herbaceous Wetlands,#6c9fb8,1999
District of Columbia,Class_95,0.14,Emergent Herbaceous Wetlands,#6c9fb8,1999
Alabama,Class_95,185.59,Emergent Herbaceous Wetlands,#6c9fb8,1999
Tennessee,Class_95,138.07,Emergent Herbaceous Wetlands,#6c9fb8,1999
Kentucky,Class_95,133.13,Emergent Herbaceous Wetlands,#6c9fb8,1999
Mississippi,Class_95,477.99,Emergent Herbaceous Wetlands,#6c9fb8,1999
Louisiana,Class_95,12673.58,Emergent Herbaceous Wetlands,#6c9fb8,1999
Texas,Class_95,7379.71,Emergent Herbaceous Wetlands,#6c9fb8,1999
Oklahoma,Class_95,286.2,Emergent Herbaceous Wetlands,#6c9fb8,1999
Arkansas,Class_95,108.93,Emergent Herbaceous Wetlands,#6c9fb8,1999
West Virginia,Class_41,49475.03,Deciduous Forest,#68ab5f,1999
Florida,Class_41,7.89,Deciduous Forest,#68ab5f,1999
Maryland,Class_41,6425.41,Deciduous Forest,#68ab5f,1999
North Carolina,Class_41,26955.66,Deciduous Forest,#68ab5f,1999
Delaware,Class_41,204.81,Deciduous Forest,#68ab5f,1999
Georgia,Class_41,20351.95,Deciduous Forest,#68ab5f,1999
South Carolina,Class_41,6990.62,Deciduous Forest,#68ab5f,1999
Virginia,Class_41,36706.48,Deciduous Forest,#68ab5f,1999
District of Columbia,Class_41,12.71,Deciduous Forest,#68ab5f,1999
Alabama,Class_41,24312.94,Deciduous Forest,#68ab5f,1999
Tennessee,Class_41,44856.59,Deciduous Forest,#68ab5f,1999
Kentucky,Class_41,49595.46,Deciduous Forest,#68ab5f,1999
Mississippi,Class_41,12363.67,Deciduous Forest,#68ab5f,1999
Louisiana,Class_41,387.58,Deciduous Forest,#68ab5f,1999
Texas,Class_41,8441.61,Deciduous Forest,#68ab5f,1999
Oklahoma,Class_41,28098.09,Deciduous Forest,#68ab5f,1999
Arkansas,Class_41,27522.49,Deciduous Forest,#68ab5f,1999
West Virginia,Class_52,18.82,Shrub/Scrub,#ccb879,1999
Florida,Class_52,4593.85,Shrub/Scrub,#ccb879,1999
Maryland,Class_52,89.47,Shrub/Scrub,#ccb879,1999
North Carolina,Class_52,1781.63,Shrub/Scrub,#ccb879,1999
Delaware,Class_52,16.19,Shrub/Scrub,#ccb879,1999
Georgia,Class_52,3581.6,Shrub/Scrub,#ccb879,1999
South Carolina,Class_52,1697.67,Shrub/Scrub,#ccb879,1999
Virginia,Class_52,990.78,Shrub/Scrub,#ccb879,1999
District of Columbia,Class_52,0.07,Shrub/Scrub,#ccb879,1999
Alabama,Class_52,5647.05,Shrub/Scrub,#ccb879,1999
Tennessee,Class_52,400.55,Shrub/Scrub,#ccb879,1999
Kentucky,Class_52,34.9,Shrub/Scrub,#ccb879,1999
Mississippi,Class_52,5000.74,Shrub/Scrub,#ccb879,1999
Louisiana,Class_52,2803.24,Shrub/Scrub,#ccb879,1999
Texas,Class_52,311225.87,Shrub/Scrub,#ccb879,1999
Oklahoma,Class_52,5616.26,Shrub/Scrub,#ccb879,1999
Arkansas,Class_52,958.46,Shrub/Scrub,#ccb879,1999
West Virginia,Class_31,356.61,Barren Land,#b3ac9f,1999
Florida,Class_31,877.35,Barren Land,#b3ac9f,1999
Maryland,Class_31,109.55,Barren Land,#b3ac9f,1999
North Carolina,Class_31,342.56,Barren Land,#b3ac9f,1999
Delaware,Class_31,18.34,Barren Land,#b3ac9f,1999
Georgia,Class_31,351.01,Barren Land,#b3ac9f,1999
South Carolina,Class_31,189.56,Barren Land,#b3ac9f,1999
Virginia,Class_31,240.68,Barren Land,#b3ac9f,1999
District of Columbia,Class_31,0.0,Barren Land,#b3ac9f,1999
Alabama,Class_31,247.15,Barren Land,#b3ac9f,1999
Tennessee,Class_31,197.19,Barren Land,#b3ac9f,1999
Kentucky,Class_31,409.78,Barren Land,#b3ac9f,1999
Mississippi,Class_31,232.65,Barren Land,#b3ac9f,1999
Louisiana,Class_31,219.38,Barren Land,#b3ac9f,1999
Texas,Class_31,2137.24,Barren Land,#b3ac9f,1999
Oklahoma,Class_31,556.88,Barren Land,#b3ac9f,1999
Arkansas,Class_31,251.15,Barren Land,#b3ac9f,1999
West Virginia,Class_42,383.66,Evergreen Forest,#1c5f2c,1999
Florida,Class_42,28499.54,Evergreen Forest,#1c5f2c,1999
Maryland,Class_42,474.94,Evergreen Forest,#1c5f2c,1999
North Carolina,Class_42,17893.43,Evergreen Forest,#1c5f2c,1999
Delaware,Class_42,138.32,Evergreen Forest,#1c5f2c,1999
Georgia,Class_42,39242.77,Evergreen Forest,#1c5f2c,1999
South Carolina,Class_42,21689.75,Evergreen Forest,#1c5f2c,1999
Virginia,Class_42,8502.35,Evergreen Forest,#1c5f2c,1999
District of Columbia,Class_42,0.07,Evergreen Forest,#1c5f2c,1999
Alabama,Class_42,26924.26,Evergreen Forest,#1c5f2c,1999
Tennessee,Class_42,3064.5,Evergreen Forest,#1c5f2c,1999
Kentucky,Class_42,442.01,Evergreen Forest,#1c5f2c,1999
Mississippi,Class_42,20783.84,Evergreen Forest,#1c5f2c,1999
Louisiana,Class_42,26018.94,Evergreen Forest,#1c5f2c,1999
Texas,Class_42,37416.3,Evergreen Forest,#1c5f2c,1999
Oklahoma,Class_42,5637.82,Evergreen Forest,#1c5f2c,1999
Arkansas,Class_42,27749.65,Evergreen Forest,#1c5f2c,1999
West Virginia,Class_21,1691.6,"Developed, Open Space",#dec5c5,1999
Florida,Class_21,6880.84,"Developed, Open Space",#dec5c5,1999
Maryland,Class_21,1773.3,"Developed, Open Space",#dec5c5,1999
North Carolina,Class_21,6939.15,"Developed, Open Space",#dec5c5,1999
Delaware,Class_21,224.89,"Developed, Open Space",#dec5c5,1999
Georgia,Class_21,7843.97,"Developed, Open Space",#dec5c5,1999
South Carolina,Class_21,4004.24,"Developed, Open Space",#dec5c5,1999
Virginia,Class_21,4725.26,"Developed, Open Space",#dec5c5,1999
District of Columbia,Class_21,23.42,"Developed, Open Space",#dec5c5,1999
Alabama,Class_21,6449.3,"Developed, Open Space",#dec5c5,1999
Tennessee,Class_21,5355.17,"Developed, Open Space",#dec5c5,1999
Kentucky,Class_21,3588.5,"Developed, Open Space",#dec5c5,1999
Mississippi,Class_21,4854.86,"Developed, Open Space",#dec5c5,1999
Louisiana,Class_21,3164.59,"Developed, Open Space",#dec5c5,1999
Texas,Class_21,10244.36,"Developed, Open Space",#dec5c5,1999
Oklahoma,Class_21,4643.4,"Developed, Open Space",#dec5c5,1999
Arkansas,Class_21,2985.75,"Developed, Open Space",#dec5c5,1999
West Virginia,Class_43,3268.85,Mixed Forest,#b5c58f,1999
Florida,Class_43,136.62,Mixed Forest,#b5c58f,1999
Maryland,Class_43,1452.83,Mixed Forest,#b5c58f,1999
North Carolina,Class_43,11856.55,Mixed Forest,#b5c58f,1999
Delaware,Class_43,164.26,Mixed Forest,#b5c58f,1999
Georgia,Class_43,6258.48,Mixed Forest,#b5c58f,1999
South Carolina,Class_43,2539.38,Mixed Forest,#b5c58f,1999
Virginia,Class_43,15387.32,Mixed Forest,#b5c58f,1999
District of Columbia,Class_43,0.0,Mixed Forest,#b5c58f,1999
Alabama,Class_43,12343.74,Mixed Forest,#b5c58f,1999
Tennessee,Class_43,7493.48,Mixed Forest,#b5c58f,1999
Kentucky,Class_43,4386.31,Mixed Forest,#b5c58f,1999
Mississippi,Class_43,11404.48,Mixed Forest,#b5c58f,1999
Louisiana,Class_43,1303.63,Mixed Forest,#b5c58f,1999
Texas,Class_43,13552.67,Mixed Forest,#b5c58f,1999
Oklahoma,Class_43,3279.98,Mixed Forest,#b5c58f,1999
Arkansas,Class_43,6307.02,Mixed Forest,#b5c58f,1999
West Virginia,Class_11,407.75,Open Water,#466b9f,1999
Florida,Class_11,28804.33,Open Water,#466b9f,1999
Maryland,Class_11,6996.8,Open Water,#466b9f,1999
North Carolina,Class_11,13349.46,Open Water,#466b9f,1999
Delaware,Class_11,1390.1,Open Water,#466b9f,1999
Georgia,Class_11,3803.77,Open Water,#466b9f,1999
South Carolina,Class_11,4970.57,Open Water,#466b9f,1999
Virginia,Class_11,8405.51,Open Water,#466b9f,1999
District of Columbia,Class_11,17.58,Open Water,#466b9f,1999
Alabama,Class_11,4559.28,Open Water,#466b9f,1999
Tennessee,Class_11,2367.03,Open Water,#466b9f,1999
Kentucky,Class_11,1805.35,Open Water,#466b9f,1999
Mississippi,Class_11,4282.82,Open Water,#466b9f,1999
Louisiana,Class_11,22920.85,Open Water,#466b9f,1999
Texas,Class_11,15994.3,Open Water,#466b9f,1999
Oklahoma,Class_11,3068.08,Open Water,#466b9f,1999
Arkansas,Class_11,2871.49,Open Water,#466b9f,1999
West Virginia,Class_22,559.66,"Developed, Low Intensity",#d99282,1999
Florida,Class_22,7764.58,"Developed, Low Intensity",#d99282,1999
Maryland,Class_22,1513.54,"Developed, Low Intensity",#d99282,1999
North Carolina,Class_22,4036.09,"Developed, Low Intensity",#d99282,1999
Delaware,Class_22,326.76,"Developed, Low Intensity",#d99282,1999
Georgia,Class_22,3799.81,"Developed, Low Intensity",#d99282,1999
South Carolina,Class_22,2322.33,"Developed, Low Intensity",#d99282,1999
Virginia,Class_22,2390.58,"Developed, Low Intensity",#d99282,1999
District of Columbia,Class_22,33.6,"Developed, Low Intensity",#d99282,1999
Alabama,Class_22,2195.99,"Developed, Low Intensity",#d99282,1999
Tennessee,Class_22,2274.13,"Developed, Low Intensity",#d99282,1999
Kentucky,Class_22,1481.66,"Developed, Low Intensity",#d99282,1999
Mississippi,Class_22,1431.68,"Developed, Low Intensity",#d99282,1999
Louisiana,Class_22,2093.45,"Developed, Low Intensity",#d99282,1999
Texas,Class_22,10121.08,"Developed, Low Intensity",#d99282,1999
Oklahoma,Class_22,2245.89,"Developed, Low Intensity",#d99282,1999
Arkansas,Class_22,1631.06,"Developed, Low Intensity",#d99282,1999
West Virginia,Class_23,315.57,"Developed, Medium Intensity",#eb0000,1999
Florida,Class_23,3707.46,"Developed, Medium Intensity",#eb0000,1999
Maryland,Class_23,741.63,"Developed, Medium Intensity",#eb0000,1999
North Carolina,Class_23,1080.23,"Developed, Medium Intensity",#eb0000,1999
Delaware,Class_23,168.68,"Developed, Medium Intensity",#eb0000,1999
Georgia,Class_23,1098.0,"Developed, Medium Intensity",#eb0000,1999
South Carolina,Class_23,587.59,"Developed, Medium Intensity",#eb0000,1999
Virginia,Class_23,1078.28,"Developed, Medium Intensity",#eb0000,1999
District of Columbia,Class_23,69.23,"Developed, Medium Intensity",#eb0000,1999
Alabama,Class_23,721.41,"Developed, Medium Intensity",#eb0000,1999
Tennessee,Class_23,886.17,"Developed, Medium Intensity",#eb0000,1999
Kentucky,Class_23,697.39,"Developed, Medium Intensity",#eb0000,1999
Mississippi,Class_23,401.14,"Developed, Medium Intensity",#eb0000,1999
Louisiana,Class_23,889.4,"Developed, Medium Intensity",#eb0000,1999
Texas,Class_23,5486.69,"Developed, Medium Intensity",#eb0000,1999
Oklahoma,Class_23,940.88,"Developed, Medium Intensity",#eb0000,1999
Arkansas,Class_23,461.71,"Developed, Medium Intensity",#eb0000,1999
West Virginia,Class_24,52.95,"Developed, High Intensity",#ab0000,1999
Florida,Class_24,503.9,"Developed, High Intensity",#ab0000,1999
Maryland,Class_24,193.51,"Developed, High Intensity",#ab0000,1999
North Carolina,Class_24,300.33,"Developed, High Intensity",#ab0000,1999
Delaware,Class_24,44.87,"Developed, High Intensity",#ab0000,1999
Georgia,Class_24,372.29,"Developed, High Intensity",#ab0000,1999
South Carolina,Class_24,185.46,"Developed, High Intensity",#ab0000,1999
Virginia,Class_24,264.72,"Developed, High Intensity",#ab0000,1999
District of Columbia,Class_24,18.23,"Developed, High Intensity",#ab0000,1999
Alabama,Class_24,171.32,"Developed, High Intensity",#ab0000,1999
Tennessee,Class_24,268.48,"Developed, High Intensity",#ab0000,1999
Kentucky,Class_24,175.71,"Developed, High Intensity",#ab0000,1999
Mississippi,Class_24,84.81,"Developed, High Intensity",#ab0000,1999
Louisiana,Class_24,215.43,"Developed, High Intensity",#ab0000,1999
Texas,Class_24,1050.76,"Developed, High Intensity",#ab0000,1999
Oklahoma,Class_24,199.98,"Developed, High Intensity",#ab0000,1999
Arkansas,Class_24,121.92,"Developed, High Intensity",#ab0000,1999
West Virginia,Class_90,70.28,Woody Wetlands,#b8d9eb,1999
Florida,Class_90,39868.27,Woody Wetlands,#b8d9eb,1999
Maryland,Class_90,2822.05,Woody Wetlands,#b8d9eb,1999
North Carolina,Class_90,19486.2,Woody Wetlands,#b8d9eb,1999
Delaware,Class_90,1001.1,Woody Wetlands,#b8d9eb,1999
Georgia,Class_90,26127.89,Woody Wetlands,#b8d9eb,1999
South Carolina,Class_90,17641.16,Woody Wetlands,#b8d9eb,1999
Virginia,Class_90,5285.3,Woody Wetlands,#b8d9eb,1999
District of Columbia,Class_90,1.89,Woody Wetlands,#b8d9eb,1999
Alabama,Class_90,17107.34,Woody Wetlands,#b8d9eb,1999
Tennessee,Class_90,3404.79,Woody Wetlands,#b8d9eb,1999
Kentucky,Class_90,1310.79,Woody Wetlands,#b8d9eb,1999
Mississippi,Class_90,22617.4,Woody Wetlands,#b8d9eb,1999
Louisiana,Class_90,28370.75,Woody Wetlands,#b8d9eb,1999
Texas,Class_90,19773.2,Woody Wetlands,#b8d9eb,1999
Oklahoma,Class_90,1354.9,Woody Wetlands,#b8d9eb,1999
Arkansas,Class_90,14153.55,Woody Wetlands,#b8d9eb,1999
West Virginia,Class_81,5605.61,Pasture/Hay,#dcd939,2000
Florida,Class_81,19520.55,Pasture/Hay,#dcd939,2000
Maryland,Class_81,2764.87,Pasture/Hay,#dcd939,2000
North Carolina,Class_81,12293.53,Pasture/Hay,#dcd939,2000
Delaware,Class_81,41.32,Pasture/Hay,#dcd939,2000
Georgia,Class_81,12369.66,Pasture/Hay,#dcd939,2000
South Carolina,Class_81,6247.64,Pasture/Hay,#dcd939,2000
Virginia,Class_81,18105.22,Pasture/Hay,#dcd939,2000
District of Columbia,Class_81,0.07,Pasture/Hay,#dcd939,2000
Alabama,Class_81,23889.41,Pasture/Hay,#dcd939,2000
Tennessee,Class_81,26443.76,Pasture/Hay,#dcd939,2000
Kentucky,Class_81,29350.14,Pasture/Hay,#dcd939,2000
Mississippi,Class_81,21615.37,Pasture/Hay,#dcd939,2000
Louisiana,Class_81,11190.15,Pasture/Hay,#dcd939,2000
Texas,Class_81,82571.9,Pasture/Hay,#dcd939,2000
Oklahoma,Class_81,22619.72,Pasture/Hay,#dcd939,2000
Arkansas,Class_81,21447.66,Pasture/Hay,#dcd939,2000
West Virginia,Class_71,295.62,Grassland/Herbaceous,#dfdfc2,2000
Florida,Class_71,3495.94,Grassland/Herbaceous,#dfdfc2,2000
Maryland,Class_71,37.91,Grassland/Herbaceous,#dfdfc2,2000
North Carolina,Class_71,2120.55,Grassland/Herbaceous,#dfdfc2,2000
Delaware,Class_71,22.43,Grassland/Herbaceous,#dfdfc2,2000
Georgia,Class_71,4999.69,Grassland/Herbaceous,#dfdfc2,2000
South Carolina,Class_71,2538.42,Grassland/Herbaceous,#dfdfc2,2000
Virginia,Class_71,1947.93,Grassland/Herbaceous,#dfdfc2,2000
District of Columbia,Class_71,0.0,Grassland/Herbaceous,#dfdfc2,2000
Alabama,Class_71,4821.38,Grassland/Herbaceous,#dfdfc2,2000
Tennessee,Class_71,910.98,Grassland/Herbaceous,#dfdfc2,2000
Kentucky,Class_71,207.5,Grassland/Herbaceous,#dfdfc2,2000
Mississippi,Class_71,2497.24,Grassland/Herbaceous,#dfdfc2,2000
Louisiana,Class_71,2448.45,Grassland/Herbaceous,#dfdfc2,2000
Texas,Class_71,82181.81,Grassland/Herbaceous,#dfdfc2,2000
Oklahoma,Class_71,69077.28,Grassland/Herbaceous,#dfdfc2,2000
Arkansas,Class_71,1619.41,Grassland/Herbaceous,#dfdfc2,2000
West Virginia,Class_82,256.25,Cultivated Crops,#ab6c28,2000
Florida,Class_82,10918.75,Cultivated Crops,#ab6c28,2000
Maryland,Class_82,5922.45,Cultivated Crops,#ab6c28,2000
North Carolina,Class_82,20021.6,Cultivated Crops,#ab6c28,2000
Delaware,Class_82,2355.41,Cultivated Crops,#ab6c28,2000
Georgia,Class_82,22198.63,Cultivated Crops,#ab6c28,2000
South Carolina,Class_82,9466.66,Cultivated Crops,#ab6c28,2000
Virginia,Class_82,6022.59,Cultivated Crops,#ab6c28,2000
District of Columbia,Class_82,0.0,Cultivated Crops,#ab6c28,2000
Alabama,Class_82,6596.64,Cultivated Crops,#ab6c28,2000
Tennessee,Class_82,11233.5,Cultivated Crops,#ab6c28,2000
Kentucky,Class_82,11040.95,Cultivated Crops,#ab6c28,2000
Mississippi,Class_82,17436.86,Cultivated Crops,#ab6c28,2000
Louisiana,Class_82,19688.27,Cultivated Crops,#ab6c28,2000
Texas,Class_82,87507.73,Cultivated Crops,#ab6c28,2000
Oklahoma,Class_82,33500.53,Cultivated Crops,#ab6c28,2000
Arkansas,Class_82,29789.67,Cultivated Crops,#ab6c28,2000
West Virginia,Class_95,32.15,Emergent Herbaceous Wetlands,#6c9fb8,2000
Florida,Class_95,14708.75,Emergent Herbaceous Wetlands,#6c9fb8,2000
Maryland,Class_95,784.83,Emergent Herbaceous Wetlands,#6c9fb8,2000
North Carolina,Class_95,1025.73,Emergent Herbaceous Wetlands,#6c9fb8,2000
Delaware,Class_95,323.82,Emergent Herbaceous Wetlands,#6c9fb8,2000
Georgia,Class_95,1749.99,Emergent Herbaceous Wetlands,#6c9fb8,2000
South Carolina,Class_95,1967.54,Emergent Herbaceous Wetlands,#6c9fb8,2000
Virginia,Class_95,793.15,Emergent Herbaceous Wetlands,#6c9fb8,2000
District of Columbia,Class_95,0.21,Emergent Herbaceous Wetlands,#6c9fb8,2000
Alabama,Class_95,195.46,Emergent Herbaceous Wetlands,#6c9fb8,2000
Tennessee,Class_95,136.56,Emergent Herbaceous Wetlands,#6c9fb8,2000
Kentucky,Class_95,130.1,Emergent Herbaceous Wetlands,#6c9fb8,2000
Mississippi,Class_95,488.51,Emergent Herbaceous Wetlands,#6c9fb8,2000
Louisiana,Class_95,12645.62,Emergent Herbaceous Wetlands,#6c9fb8,2000
Texas,Class_95,7615.9,Emergent Herbaceous Wetlands,#6c9fb8,2000
Oklahoma,Class_95,297.39,Emergent Herbaceous Wetlands,#6c9fb8,2000
Arkansas,Class_95,112.72,Emergent Herbaceous Wetlands,#6c9fb8,2000
West Virginia,Class_41,49382.65,Deciduous Forest,#68ab5f,2000
Florida,Class_41,7.05,Deciduous Forest,#68ab5f,2000
Maryland,Class_41,6404.43,Deciduous Forest,#68ab5f,2000
North Carolina,Class_41,26721.8,Deciduous Forest,#68ab5f,2000
Delaware,Class_41,202.02,Deciduous Forest,#68ab5f,2000
Georgia,Class_41,20122.26,Deciduous Forest,#68ab5f,2000
South Carolina,Class_41,6895.76,Deciduous Forest,#68ab5f,2000
Virginia,Class_41,36453.49,Deciduous Forest,#68ab5f,2000
District of Columbia,Class_41,12.72,Deciduous Forest,#68ab5f,2000
Alabama,Class_41,23860.81,Deciduous Forest,#68ab5f,2000
Tennessee,Class_41,44645.64,Deciduous Forest,#68ab5f,2000
Kentucky,Class_41,49483.89,Deciduous Forest,#68ab5f,2000
Mississippi,Class_41,12144.19,Deciduous Forest,#68ab5f,2000
Louisiana,Class_41,366.81,Deciduous Forest,#68ab5f,2000
Texas,Class_41,8425.04,Deciduous Forest,#68ab5f,2000
Oklahoma,Class_41,27979.48,Deciduous Forest,#68ab5f,2000
Arkansas,Class_41,27363.03,Deciduous Forest,#68ab5f,2000
West Virginia,Class_52,24.31,Shrub/Scrub,#ccb879,2000
Florida,Class_52,4477.3,Shrub/Scrub,#ccb879,2000
Maryland,Class_52,92.23,Shrub/Scrub,#ccb879,2000
North Carolina,Class_52,1929.66,Shrub/Scrub,#ccb879,2000
Delaware,Class_52,14.99,Shrub/Scrub,#ccb879,2000
Georgia,Class_52,3519.2,Shrub/Scrub,#ccb879,2000
South Carolina,Class_52,1720.37,Shrub/Scrub,#ccb879,2000
Virginia,Class_52,1066.25,Shrub/Scrub,#ccb879,2000
District of Columbia,Class_52,0.07,Shrub/Scrub,#ccb879,2000
Alabama,Class_52,5487.48,Shrub/Scrub,#ccb879,2000
Tennessee,Class_52,436.66,Shrub/Scrub,#ccb879,2000
Kentucky,Class_52,36.53,Shrub/Scrub,#ccb879,2000
Mississippi,Class_52,4993.07,Shrub/Scrub,#ccb879,2000
Louisiana,Class_52,2838.03,Shrub/Scrub,#ccb879,2000
Texas,Class_52,311764.75,Shrub/Scrub,#ccb879,2000
Oklahoma,Class_52,5653.55,Shrub/Scrub,#ccb879,2000
Arkansas,Class_52,1073.49,Shrub/Scrub,#ccb879,2000
West Virginia,Class_31,375.22,Barren Land,#b3ac9f,2000
Florida,Class_31,909.18,Barren Land,#b3ac9f,2000
Maryland,Class_31,110.49,Barren Land,#b3ac9f,2000
North Carolina,Class_31,349.15,Barren Land,#b3ac9f,2000
Delaware,Class_31,18.55,Barren Land,#b3ac9f,2000
Georgia,Class_31,365.73,Barren Land,#b3ac9f,2000
South Carolina,Class_31,197.91,Barren Land,#b3ac9f,2000
Virginia,Class_31,246.98,Barren Land,#b3ac9f,2000
District of Columbia,Class_31,0.0,Barren Land,#b3ac9f,2000
Alabama,Class_31,256.88,Barren Land,#b3ac9f,2000
Tennessee,Class_31,177.69,Barren Land,#b3ac9f,2000
Kentucky,Class_31,424.5,Barren Land,#b3ac9f,2000
Mississippi,Class_31,244.5,Barren Land,#b3ac9f,2000
Louisiana,Class_31,229.7,Barren Land,#b3ac9f,2000
Texas,Class_31,2268.24,Barren Land,#b3ac9f,2000
Oklahoma,Class_31,580.45,Barren Land,#b3ac9f,2000
Arkansas,Class_31,269.84,Barren Land,#b3ac9f,2000
West Virginia,Class_42,384.98,Evergreen Forest,#1c5f2c,2000
Florida,Class_42,28224.46,Evergreen Forest,#1c5f2c,2000
Maryland,Class_42,475.36,Evergreen Forest,#1c5f2c,2000
North Carolina,Class_42,17643.7,Evergreen Forest,#1c5f2c,2000
Delaware,Class_42,138.28,Evergreen Forest,#1c5f2c,2000
Georgia,Class_42,38983.36,Evergreen Forest,#1c5f2c,2000
South Carolina,Class_42,21478.37,Evergreen Forest,#1c5f2c,2000
Virginia,Class_42,8499.52,Evergreen Forest,#1c5f2c,2000
District of Columbia,Class_42,0.07,Evergreen Forest,#1c5f2c,2000
Alabama,Class_42,27118.1,Evergreen Forest,#1c5f2c,2000
Tennessee,Class_42,2969.83,Evergreen Forest,#1c5f2c,2000
Kentucky,Class_42,437.87,Evergreen Forest,#1c5f2c,2000
Mississippi,Class_42,21026.74,Evergreen Forest,#1c5f2c,2000
Louisiana,Class_42,25752.09,Evergreen Forest,#1c5f2c,2000
Texas,Class_42,37157.17,Evergreen Forest,#1c5f2c,2000
Oklahoma,Class_42,5559.29,Evergreen Forest,#1c5f2c,2000
Arkansas,Class_42,27356.27,Evergreen Forest,#1c5f2c,2000
West Virginia,Class_21,1708.33,"Developed, Open Space",#dec5c5,2000
Florida,Class_21,7097.81,"Developed, Open Space",#dec5c5,2000
Maryland,Class_21,1804.92,"Developed, Open Space",#dec5c5,2000
North Carolina,Class_21,7116.71,"Developed, Open Space",#dec5c5,2000
Delaware,Class_21,228.74,"Developed, Open Space",#dec5c5,2000
Georgia,Class_21,8077.47,"Developed, Open Space",#dec5c5,2000
South Carolina,Class_21,4118.06,"Developed, Open Space",#dec5c5,2000
Virginia,Class_21,4803.8,"Developed, Open Space",#dec5c5,2000
District of Columbia,Class_21,23.14,"Developed, Open Space",#dec5c5,2000
Alabama,Class_21,6568.72,"Developed, Open Space",#dec5c5,2000
Tennessee,Class_21,5470.05,"Developed, Open Space",#dec5c5,2000
Kentucky,Class_21,3657.28,"Developed, Open Space",#dec5c5,2000
Mississippi,Class_21,4937.15,"Developed, Open Space",#dec5c5,2000
Louisiana,Class_21,3242.7,"Developed, Open Space",#dec5c5,2000
Texas,Class_21,10624.52,"Developed, Open Space",#dec5c5,2000
Oklahoma,Class_21,4685.4,"Developed, Open Space",#dec5c5,2000
Arkansas,Class_21,3048.32,"Developed, Open Space",#dec5c5,2000
West Virginia,Class_43,3271.57,Mixed Forest,#b5c58f,2000
Florida,Class_43,137.74,Mixed Forest,#b5c58f,2000
Maryland,Class_43,1450.74,Mixed Forest,#b5c58f,2000
North Carolina,Class_43,11858.56,Mixed Forest,#b5c58f,2000
Delaware,Class_43,161.46,Mixed Forest,#b5c58f,2000
Georgia,Class_43,6302.56,Mixed Forest,#b5c58f,2000
South Carolina,Class_43,2575.9,Mixed Forest,#b5c58f,2000
Virginia,Class_43,15392.3,Mixed Forest,#b5c58f,2000
District of Columbia,Class_43,0.0,Mixed Forest,#b5c58f,2000
Alabama,Class_43,12261.58,Mixed Forest,#b5c58f,2000
Tennessee,Class_43,7469.71,Mixed Forest,#b5c58f,2000
Kentucky,Class_43,4382.59,Mixed Forest,#b5c58f,2000
Mississippi,Class_43,11264.45,Mixed Forest,#b5c58f,2000
Louisiana,Class_43,1304.54,Mixed Forest,#b5c58f,2000
Texas,Class_43,13479.79,Mixed Forest,#b5c58f,2000
Oklahoma,Class_43,3317.18,Mixed Forest,#b5c58f,2000
Arkansas,Class_43,6418.91,Mixed Forest,#b5c58f,2000
West Virginia,Class_11,416.96,Open Water,#466b9f,2000
Florida,Class_11,28645.61,Open Water,#466b9f,2000
Maryland,Class_11,7000.51,Open Water,#466b9f,2000
North Carolina,Class_11,13368.23,Open Water,#466b9f,2000
Delaware,Class_11,1392.88,Open Water,#466b9f,2000
Georgia,Class_11,3780.36,Open Water,#466b9f,2000
South Carolina,Class_11,4958.4,Open Water,#466b9f,2000
Virginia,Class_11,8414.25,Open Water,#466b9f,2000
District of Columbia,Class_11,17.37,Open Water,#466b9f,2000
Alabama,Class_11,4525.31,Open Water,#466b9f,2000
Tennessee,Class_11,2403.99,Open Water,#466b9f,2000
Kentucky,Class_11,1823.4,Open Water,#466b9f,2000
Mississippi,Class_11,4241.78,Open Water,#466b9f,2000
Louisiana,Class_11,22920.38,Open Water,#466b9f,2000
Texas,Class_11,15381.23,Open Water,#466b9f,2000
Oklahoma,Class_11,3012.63,Open Water,#466b9f,2000
Arkansas,Class_11,2856.89,Open Water,#466b9f,2000
West Virginia,Class_22,561.74,"Developed, Low Intensity",#d99282,2000
Florida,Class_22,7859.45,"Developed, Low Intensity",#d99282,2000
Maryland,Class_22,1526.3,"Developed, Low Intensity",#d99282,2000
North Carolina,Class_22,4084.24,"Developed, Low Intensity",#d99282,2000
Delaware,Class_22,331.6,"Developed, Low Intensity",#d99282,2000
Georgia,Class_22,3859.97,"Developed, Low Intensity",#d99282,2000
South Carolina,Class_22,2351.09,"Developed, Low Intensity",#d99282,2000
Virginia,Class_22,2413.11,"Developed, Low Intensity",#d99282,2000
District of Columbia,Class_22,34.01,"Developed, Low Intensity",#d99282,2000
Alabama,Class_22,2208.42,"Developed, Low Intensity",#d99282,2000
Tennessee,Class_22,2298.05,"Developed, Low Intensity",#d99282,2000
Kentucky,Class_22,1495.5,"Developed, Low Intensity",#d99282,2000
Mississippi,Class_22,1444.82,"Developed, Low Intensity",#d99282,2000
Louisiana,Class_22,2107.38,"Developed, Low Intensity",#d99282,2000
Texas,Class_22,10224.51,"Developed, Low Intensity",#d99282,2000
Oklahoma,Class_22,2257.65,"Developed, Low Intensity",#d99282,2000
Arkansas,Class_22,1639.71,"Developed, Low Intensity",#d99282,2000
West Virginia,Class_23,316.1,"Developed, Medium Intensity",#eb0000,2000
Florida,Class_23,3704.36,"Developed, Medium Intensity",#eb0000,2000
Maryland,Class_23,741.82,"Developed, Medium Intensity",#eb0000,2000
North Carolina,Class_23,1076.97,"Developed, Medium Intensity",#eb0000,2000
Delaware,Class_23,168.76,"Developed, Medium Intensity",#eb0000,2000
Georgia,Class_23,1095.83,"Developed, Medium Intensity",#eb0000,2000
South Carolina,Class_23,587.45,"Developed, Medium Intensity",#eb0000,2000
Virginia,Class_23,1076.1,"Developed, Medium Intensity",#eb0000,2000
District of Columbia,Class_23,69.16,"Developed, Medium Intensity",#eb0000,2000
Alabama,Class_23,723.89,"Developed, Medium Intensity",#eb0000,2000
Tennessee,Class_23,886.43,"Developed, Medium Intensity",#eb0000,2000
Kentucky,Class_23,696.93,"Developed, Medium Intensity",#eb0000,2000
Mississippi,Class_23,401.86,"Developed, Medium Intensity",#eb0000,2000
Louisiana,Class_23,890.86,"Developed, Medium Intensity",#eb0000,2000
Texas,Class_23,5489.5,"Developed, Medium Intensity",#eb0000,2000
Oklahoma,Class_23,941.84,"Developed, Medium Intensity",#eb0000,2000
Arkansas,Class_23,461.56,"Developed, Medium Intensity",#eb0000,2000
West Virginia,Class_24,53.02,"Developed, High Intensity",#ab0000,2000
Florida,Class_24,504.3,"Developed, High Intensity",#ab0000,2000
Maryland,Class_24,193.23,"Developed, High Intensity",#ab0000,2000
North Carolina,Class_24,300.41,"Developed, High Intensity",#ab0000,2000
Delaware,Class_24,44.95,"Developed, High Intensity",#ab0000,2000
Georgia,Class_24,371.99,"Developed, High Intensity",#ab0000,2000
South Carolina,Class_24,185.47,"Developed, High Intensity",#ab0000,2000
Virginia,Class_24,265.29,"Developed, High Intensity",#ab0000,2000
District of Columbia,Class_24,18.23,"Developed, High Intensity",#ab0000,2000
Alabama,Class_24,171.31,"Developed, High Intensity",#ab0000,2000
Tennessee,Class_24,268.19,"Developed, High Intensity",#ab0000,2000
Kentucky,Class_24,176.21,"Developed, High Intensity",#ab0000,2000
Mississippi,Class_24,85.04,"Developed, High Intensity",#ab0000,2000
Louisiana,Class_24,214.66,"Developed, High Intensity",#ab0000,2000
Texas,Class_24,1051.19,"Developed, High Intensity",#ab0000,2000
Oklahoma,Class_24,200.56,"Developed, High Intensity",#ab0000,2000
Arkansas,Class_24,122.57,"Developed, High Intensity",#ab0000,2000
West Virginia,Class_90,70.42,Woody Wetlands,#b8d9eb,2000
Florida,Class_90,39869.12,Woody Wetlands,#b8d9eb,2000
Maryland,Class_90,2819.12,Woody Wetlands,#b8d9eb,2000
North Carolina,Class_90,19473.02,Woody Wetlands,#b8d9eb,2000
Delaware,Class_90,1000.51,Woody Wetlands,#b8d9eb,2000
Georgia,Class_90,26107.47,Woody Wetlands,#b8d9eb,2000
South Carolina,Class_90,17620.3,Woody Wetlands,#b8d9eb,2000
Virginia,Class_90,5284.3,Woody Wetlands,#b8d9eb,2000
District of Columbia,Class_90,1.96,Woody Wetlands,#b8d9eb,2000
Alabama,Class_90,17080.38,Woody Wetlands,#b8d9eb,2000
Tennessee,Class_90,3400.86,Woody Wetlands,#b8d9eb,2000
Kentucky,Class_90,1310.91,Woody Wetlands,#b8d9eb,2000
Mississippi,Class_90,22616.46,Woody Wetlands,#b8d9eb,2000
Louisiana,Class_90,28413.36,Woody Wetlands,#b8d9eb,2000
Texas,Class_90,19777.84,Woody Wetlands,#b8d9eb,2000
Oklahoma,Class_90,1354.04,Woody Wetlands,#b8d9eb,2000
Arkansas,Class_90,14150.99,Woody Wetlands,#b8d9eb,2000
West Virginia,Class_81,5610.63,Pasture/Hay,#dcd939,2001
Florida,Class_81,19480.09,Pasture/Hay,#dcd939,2001
Maryland,Class_81,2772.44,Pasture/Hay,#dcd939,2001
North Carolina,Class_81,12325.75,Pasture/Hay,#dcd939,2001
Delaware,Class_81,41.61,Pasture/Hay,#dcd939,2001
Georgia,Class_81,12434.93,Pasture/Hay,#dcd939,2001
South Carolina,Class_81,6270.19,Pasture/Hay,#dcd939,2001
Virginia,Class_81,18137.49,Pasture/Hay,#dcd939,2001
District of Columbia,Class_81,0.07,Pasture/Hay,#dcd939,2001
Alabama,Class_81,23891.07,Pasture/Hay,#dcd939,2001
Tennessee,Class_81,26461.9,Pasture/Hay,#dcd939,2001
Kentucky,Class_81,29310.75,Pasture/Hay,#dcd939,2001
Mississippi,Class_81,21573.58,Pasture/Hay,#dcd939,2001
Louisiana,Class_81,11280.87,Pasture/Hay,#dcd939,2001
Texas,Class_81,82718.74,Pasture/Hay,#dcd939,2001
Oklahoma,Class_81,22685.36,Pasture/Hay,#dcd939,2001
Arkansas,Class_81,21522.71,Pasture/Hay,#dcd939,2001
West Virginia,Class_71,325.97,Grassland/Herbaceous,#dfdfc2,2001
Florida,Class_71,3484.68,Grassland/Herbaceous,#dfdfc2,2001
Maryland,Class_71,38.18,Grassland/Herbaceous,#dfdfc2,2001
North Carolina,Class_71,2211.31,Grassland/Herbaceous,#dfdfc2,2001
Delaware,Class_71,21.09,Grassland/Herbaceous,#dfdfc2,2001
Georgia,Class_71,4954.22,Grassland/Herbaceous,#dfdfc2,2001
South Carolina,Class_71,2556.49,Grassland/Herbaceous,#dfdfc2,2001
Virginia,Class_71,1949.6,Grassland/Herbaceous,#dfdfc2,2001
District of Columbia,Class_71,0.0,Grassland/Herbaceous,#dfdfc2,2001
Alabama,Class_71,4924.95,Grassland/Herbaceous,#dfdfc2,2001
Tennessee,Class_71,1055.93,Grassland/Herbaceous,#dfdfc2,2001
Kentucky,Class_71,216.09,Grassland/Herbaceous,#dfdfc2,2001
Mississippi,Class_71,2341.42,Grassland/Herbaceous,#dfdfc2,2001
Louisiana,Class_71,2513.44,Grassland/Herbaceous,#dfdfc2,2001
Texas,Class_71,81917.25,Grassland/Herbaceous,#dfdfc2,2001
Oklahoma,Class_71,69351.5,Grassland/Herbaceous,#dfdfc2,2001
Arkansas,Class_71,1907.45,Grassland/Herbaceous,#dfdfc2,2001
West Virginia,Class_82,253.0,Cultivated Crops,#ab6c28,2001
Florida,Class_82,10829.4,Cultivated Crops,#ab6c28,2001
Maryland,Class_82,5884.73,Cultivated Crops,#ab6c28,2001
North Carolina,Class_82,19989.15,Cultivated Crops,#ab6c28,2001
Delaware,Class_82,2344.66,Cultivated Crops,#ab6c28,2001
Georgia,Class_82,22077.22,Cultivated Crops,#ab6c28,2001
South Carolina,Class_82,9413.22,Cultivated Crops,#ab6c28,2001
Virginia,Class_82,5989.82,Cultivated Crops,#ab6c28,2001
District of Columbia,Class_82,0.0,Cultivated Crops,#ab6c28,2001
Alabama,Class_82,6503.33,Cultivated Crops,#ab6c28,2001
Tennessee,Class_82,11191.32,Cultivated Crops,#ab6c28,2001
Kentucky,Class_82,11054.77,Cultivated Crops,#ab6c28,2001
Mississippi,Class_82,17352.08,Cultivated Crops,#ab6c28,2001
Louisiana,Class_82,19513.3,Cultivated Crops,#ab6c28,2001
Texas,Class_82,86626.05,Cultivated Crops,#ab6c28,2001
Oklahoma,Class_82,33251.29,Cultivated Crops,#ab6c28,2001
Arkansas,Class_82,29723.79,Cultivated Crops,#ab6c28,2001
West Virginia,Class_95,32.15,Emergent Herbaceous Wetlands,#6c9fb8,2001
Florida,Class_95,14718.45,Emergent Herbaceous Wetlands,#6c9fb8,2001
Maryland,Class_95,786.61,Emergent Herbaceous Wetlands,#6c9fb8,2001
North Carolina,Class_95,1036.35,Emergent Herbaceous Wetlands,#6c9fb8,2001
Delaware,Class_95,323.06,Emergent Herbaceous Wetlands,#6c9fb8,2001
Georgia,Class_95,1751.17,Emergent Herbaceous Wetlands,#6c9fb8,2001
South Carolina,Class_95,1953.13,Emergent Herbaceous Wetlands,#6c9fb8,2001
Virginia,Class_95,794.26,Emergent Herbaceous Wetlands,#6c9fb8,2001
District of Columbia,Class_95,0.14,Emergent Herbaceous Wetlands,#6c9fb8,2001
Alabama,Class_95,182.47,Emergent Herbaceous Wetlands,#6c9fb8,2001
Tennessee,Class_95,133.34,Emergent Herbaceous Wetlands,#6c9fb8,2001
Kentucky,Class_95,131.34,Emergent Herbaceous Wetlands,#6c9fb8,2001
Mississippi,Class_95,463.26,Emergent Herbaceous Wetlands,#6c9fb8,2001
Louisiana,Class_95,12552.27,Emergent Herbaceous Wetlands,#6c9fb8,2001
Texas,Class_95,7514.65,Emergent Herbaceous Wetlands,#6c9fb8,2001
Oklahoma,Class_95,295.87,Emergent Herbaceous Wetlands,#6c9fb8,2001
Arkansas,Class_95,111.43,Emergent Herbaceous Wetlands,#6c9fb8,2001
West Virginia,Class_41,49309.49,Deciduous Forest,#68ab5f,2001
Florida,Class_41,6.59,Deciduous Forest,#68ab5f,2001
Maryland,Class_41,6383.88,Deciduous Forest,#68ab5f,2001
North Carolina,Class_41,26531.83,Deciduous Forest,#68ab5f,2001
Delaware,Class_41,200.35,Deciduous Forest,#68ab5f,2001
Georgia,Class_41,20007.72,Deciduous Forest,#68ab5f,2001
South Carolina,Class_41,6833.36,Deciduous Forest,#68ab5f,2001
Virginia,Class_41,36275.48,Deciduous Forest,#68ab5f,2001
District of Columbia,Class_41,12.7,Deciduous Forest,#68ab5f,2001
Alabama,Class_41,23572.93,Deciduous Forest,#68ab5f,2001
Tennessee,Class_41,44720.67,Deciduous Forest,#68ab5f,2001
Kentucky,Class_41,49453.73,Deciduous Forest,#68ab5f,2001
Mississippi,Class_41,11999.2,Deciduous Forest,#68ab5f,2001
Louisiana,Class_41,354.43,Deciduous Forest,#68ab5f,2001
Texas,Class_41,8421.45,Deciduous Forest,#68ab5f,2001
Oklahoma,Class_41,27783.1,Deciduous Forest,#68ab5f,2001
Arkansas,Class_41,27187.99,Deciduous Forest,#68ab5f,2001
West Virginia,Class_52,29.03,Shrub/Scrub,#ccb879,2001
Florida,Class_52,4409.24,Shrub/Scrub,#ccb879,2001
Maryland,Class_52,96.26,Shrub/Scrub,#ccb879,2001
North Carolina,Class_52,2012.94,Shrub/Scrub,#ccb879,2001
Delaware,Class_52,18.01,Shrub/Scrub,#ccb879,2001
Georgia,Class_52,3453.52,Shrub/Scrub,#ccb879,2001
South Carolina,Class_52,1675.33,Shrub/Scrub,#ccb879,2001
Virginia,Class_52,1179.23,Shrub/Scrub,#ccb879,2001
District of Columbia,Class_52,0.07,Shrub/Scrub,#ccb879,2001
Alabama,Class_52,5715.15,Shrub/Scrub,#ccb879,2001
Tennessee,Class_52,523.99,Shrub/Scrub,#ccb879,2001
Kentucky,Class_52,37.39,Shrub/Scrub,#ccb879,2001
Mississippi,Class_52,5156.13,Shrub/Scrub,#ccb879,2001
Louisiana,Class_52,2962.44,Shrub/Scrub,#ccb879,2001
Texas,Class_52,312497.64,Shrub/Scrub,#ccb879,2001
Oklahoma,Class_52,5721.2,Shrub/Scrub,#ccb879,2001
Arkansas,Class_52,1273.08,Shrub/Scrub,#ccb879,2001
West Virginia,Class_31,394.97,Barren Land,#b3ac9f,2001
Florida,Class_31,917.9,Barren Land,#b3ac9f,2001
Maryland,Class_31,112.93,Barren Land,#b3ac9f,2001
North Carolina,Class_31,357.94,Barren Land,#b3ac9f,2001
Delaware,Class_31,19.04,Barren Land,#b3ac9f,2001
Georgia,Class_31,376.85,Barren Land,#b3ac9f,2001
South Carolina,Class_31,206.19,Barren Land,#b3ac9f,2001
Virginia,Class_31,257.48,Barren Land,#b3ac9f,2001
District of Columbia,Class_31,0.0,Barren Land,#b3ac9f,2001
Alabama,Class_31,252.58,Barren Land,#b3ac9f,2001
Tennessee,Class_31,167.99,Barren Land,#b3ac9f,2001
Kentucky,Class_31,450.03,Barren Land,#b3ac9f,2001
Mississippi,Class_31,211.28,Barren Land,#b3ac9f,2001
Louisiana,Class_31,216.07,Barren Land,#b3ac9f,2001
Texas,Class_31,2240.21,Barren Land,#b3ac9f,2001
Oklahoma,Class_31,580.77,Barren Land,#b3ac9f,2001
Arkansas,Class_31,244.77,Barren Land,#b3ac9f,2001
West Virginia,Class_42,387.0,Evergreen Forest,#1c5f2c,2001
Florida,Class_42,28160.44,Evergreen Forest,#1c5f2c,2001
Maryland,Class_42,474.34,Evergreen Forest,#1c5f2c,2001
North Carolina,Class_42,17471.66,Evergreen Forest,#1c5f2c,2001
Delaware,Class_42,137.37,Evergreen Forest,#1c5f2c,2001
Georgia,Class_42,38950.54,Evergreen Forest,#1c5f2c,2001
South Carolina,Class_42,21450.04,Evergreen Forest,#1c5f2c,2001
Virginia,Class_42,8534.06,Evergreen Forest,#1c5f2c,2001
District of Columbia,Class_42,0.07,Evergreen Forest,#1c5f2c,2001
Alabama,Class_42,27057.17,Evergreen Forest,#1c5f2c,2001
Tennessee,Class_42,2616.22,Evergreen Forest,#1c5f2c,2001
Kentucky,Class_42,423.98,Evergreen Forest,#1c5f2c,2001
Mississippi,Class_42,21235.98,Evergreen Forest,#1c5f2c,2001
Louisiana,Class_42,25537.12,Evergreen Forest,#1c5f2c,2001
Texas,Class_42,36864.75,Evergreen Forest,#1c5f2c,2001
Oklahoma,Class_42,5460.05,Evergreen Forest,#1c5f2c,2001
Arkansas,Class_42,26621.56,Evergreen Forest,#1c5f2c,2001
West Virginia,Class_21,1728.78,"Developed, Open Space",#dec5c5,2001
Florida,Class_21,7308.54,"Developed, Open Space",#dec5c5,2001
Maryland,Class_21,1852.8,"Developed, Open Space",#dec5c5,2001
North Carolina,Class_21,7306.32,"Developed, Open Space",#dec5c5,2001
Delaware,Class_21,237.31,"Developed, Open Space",#dec5c5,2001
Georgia,Class_21,8305.43,"Developed, Open Space",#dec5c5,2001
South Carolina,Class_21,4227.18,"Developed, Open Space",#dec5c5,2001
Virginia,Class_21,4919.55,"Developed, Open Space",#dec5c5,2001
District of Columbia,Class_21,23.23,"Developed, Open Space",#dec5c5,2001
Alabama,Class_21,6681.96,"Developed, Open Space",#dec5c5,2001
Tennessee,Class_21,5584.94,"Developed, Open Space",#dec5c5,2001
Kentucky,Class_21,3729.56,"Developed, Open Space",#dec5c5,2001
Mississippi,Class_21,5012.37,"Developed, Open Space",#dec5c5,2001
Louisiana,Class_21,3307.87,"Developed, Open Space",#dec5c5,2001
Texas,Class_21,11021.89,"Developed, Open Space",#dec5c5,2001
Oklahoma,Class_21,4747.14,"Developed, Open Space",#dec5c5,2001
Arkansas,Class_21,3135.6,"Developed, Open Space",#dec5c5,2001
West Virginia,Class_43,3267.19,Mixed Forest,#b5c58f,2001
Florida,Class_43,139.4,Mixed Forest,#b5c58f,2001
Maryland,Class_43,1445.4,Mixed Forest,#b5c58f,2001
North Carolina,Class_43,11829.82,Mixed Forest,#b5c58f,2001
Delaware,Class_43,159.84,Mixed Forest,#b5c58f,2001
Georgia,Class_43,6329.83,Mixed Forest,#b5c58f,2001
South Carolina,Class_43,2602.94,Mixed Forest,#b5c58f,2001
Virginia,Class_43,15292.96,Mixed Forest,#b5c58f,2001
District of Columbia,Class_43,0.0,Mixed Forest,#b5c58f,2001
Alabama,Class_43,12191.4,Mixed Forest,#b5c58f,2001
Tennessee,Class_43,7412.65,Mixed Forest,#b5c58f,2001
Kentucky,Class_43,4341.65,Mixed Forest,#b5c58f,2001
Mississippi,Class_43,11172.8,Mixed Forest,#b5c58f,2001
Louisiana,Class_43,1304.36,Mixed Forest,#b5c58f,2001
Texas,Class_43,13430.48,Mixed Forest,#b5c58f,2001
Oklahoma,Class_43,3391.08,Mixed Forest,#b5c58f,2001
Arkansas,Class_43,6694.49,Mixed Forest,#b5c58f,2001
West Virginia,Class_11,414.58,Open Water,#466b9f,2001
Florida,Class_11,28517.59,Open Water,#466b9f,2001
Maryland,Class_11,6997.3,Open Water,#466b9f,2001
North Carolina,Class_11,13358.3,Open Water,#466b9f,2001
Delaware,Class_11,1393.22,Open Water,#466b9f,2001
Georgia,Class_11,3813.19,Open Water,#466b9f,2001
South Carolina,Class_11,4963.94,Open Water,#466b9f,2001
Virginia,Class_11,8406.93,Open Water,#466b9f,2001
District of Columbia,Class_11,17.58,Open Water,#466b9f,2001
Alabama,Class_11,4593.71,Open Water,#466b9f,2001
Tennessee,Class_11,2432.51,Open Water,#466b9f,2001
Kentucky,Class_11,1822.92,Open Water,#466b9f,2001
Mississippi,Class_11,4373.9,Open Water,#466b9f,2001
Louisiana,Class_11,23073.99,Open Water,#466b9f,2001
Texas,Class_11,15675.22,Open Water,#466b9f,2001
Oklahoma,Class_11,3010.33,Open Water,#466b9f,2001
Arkansas,Class_11,2918.12,Open Water,#466b9f,2001
West Virginia,Class_22,561.97,"Developed, Low Intensity",#d99282,2001
Florida,Class_22,7902.65,"Developed, Low Intensity",#d99282,2001
Maryland,Class_22,1531.12,"Developed, Low Intensity",#d99282,2001
North Carolina,Class_22,4107.92,"Developed, Low Intensity",#d99282,2001
Delaware,Class_22,335.02,"Developed, Low Intensity",#d99282,2001
Georgia,Class_22,3878.08,"Developed, Low Intensity",#d99282,2001
South Carolina,Class_22,2364.81,"Developed, Low Intensity",#d99282,2001
Virginia,Class_22,2421.98,"Developed, Low Intensity",#d99282,2001
District of Columbia,Class_22,33.95,"Developed, Low Intensity",#d99282,2001
Alabama,Class_22,2216.34,"Developed, Low Intensity",#d99282,2001
Tennessee,Class_22,2299.53,"Developed, Low Intensity",#d99282,2001
Kentucky,Class_22,1498.86,"Developed, Low Intensity",#d99282,2001
Mississippi,Class_22,1448.75,"Developed, Low Intensity",#d99282,2001
Louisiana,Class_22,2114.41,"Developed, Low Intensity",#d99282,2001
Texas,Class_22,10263.98,"Developed, Low Intensity",#d99282,2001
Oklahoma,Class_22,2262.36,"Developed, Low Intensity",#d99282,2001
Arkansas,Class_22,1647.06,"Developed, Low Intensity",#d99282,2001
West Virginia,Class_23,316.63,"Developed, Medium Intensity",#eb0000,2001
Florida,Class_23,3703.76,"Developed, Medium Intensity",#eb0000,2001
Maryland,Class_23,741.54,"Developed, Medium Intensity",#eb0000,2001
North Carolina,Class_23,1076.01,"Developed, Medium Intensity",#eb0000,2001
Delaware,Class_23,168.83,"Developed, Medium Intensity",#eb0000,2001
Georgia,Class_23,1096.53,"Developed, Medium Intensity",#eb0000,2001
South Carolina,Class_23,587.83,"Developed, Medium Intensity",#eb0000,2001
Virginia,Class_23,1075.26,"Developed, Medium Intensity",#eb0000,2001
District of Columbia,Class_23,69.09,"Developed, Medium Intensity",#eb0000,2001
Alabama,Class_23,724.27,"Developed, Medium Intensity",#eb0000,2001
Tennessee,Class_23,884.99,"Developed, Medium Intensity",#eb0000,2001
Kentucky,Class_23,698.62,"Developed, Medium Intensity",#eb0000,2001
Mississippi,Class_23,399.99,"Developed, Medium Intensity",#eb0000,2001
Louisiana,Class_23,890.52,"Developed, Medium Intensity",#eb0000,2001
Texas,Class_23,5493.31,"Developed, Medium Intensity",#eb0000,2001
Oklahoma,Class_23,943.35,"Developed, Medium Intensity",#eb0000,2001
Arkansas,Class_23,462.18,"Developed, Medium Intensity",#eb0000,2001
West Virginia,Class_24,52.99,"Developed, High Intensity",#ab0000,2001
Florida,Class_24,505.33,"Developed, High Intensity",#ab0000,2001
Maryland,Class_24,193.51,"Developed, High Intensity",#ab0000,2001
North Carolina,Class_24,301.21,"Developed, High Intensity",#ab0000,2001
Delaware,Class_24,44.67,"Developed, High Intensity",#ab0000,2001
Georgia,Class_24,371.87,"Developed, High Intensity",#ab0000,2001
South Carolina,Class_24,185.69,"Developed, High Intensity",#ab0000,2001
Virginia,Class_24,265.08,"Developed, High Intensity",#ab0000,2001
District of Columbia,Class_24,18.23,"Developed, High Intensity",#ab0000,2001
Alabama,Class_24,171.88,"Developed, High Intensity",#ab0000,2001
Tennessee,Class_24,268.41,"Developed, High Intensity",#ab0000,2001
Kentucky,Class_24,176.13,"Developed, High Intensity",#ab0000,2001
Mississippi,Class_24,85.11,"Developed, High Intensity",#ab0000,2001
Louisiana,Class_24,214.82,"Developed, High Intensity",#ab0000,2001
Texas,Class_24,1050.51,"Developed, High Intensity",#ab0000,2001
Oklahoma,Class_24,200.92,"Developed, High Intensity",#ab0000,2001
Arkansas,Class_24,122.95,"Developed, High Intensity",#ab0000,2001
West Virginia,Class_90,70.56,Woody Wetlands,#b8d9eb,2001
Florida,Class_90,39996.31,Woody Wetlands,#b8d9eb,2001
Maryland,Class_90,2818.16,Woody Wetlands,#b8d9eb,2001
North Carolina,Class_90,19467.37,Woody Wetlands,#b8d9eb,2001
Delaware,Class_90,1001.63,Woody Wetlands,#b8d9eb,2001
Georgia,Class_90,26103.09,Woody Wetlands,#b8d9eb,2001
South Carolina,Class_90,17618.99,Woody Wetlands,#b8d9eb,2001
Virginia,Class_90,5285.08,Woody Wetlands,#b8d9eb,2001
District of Columbia,Class_90,1.89,Woody Wetlands,#b8d9eb,2001
Alabama,Class_90,17086.56,Woody Wetlands,#b8d9eb,2001
Tennessee,Class_90,3397.52,Woody Wetlands,#b8d9eb,2001
Kentucky,Class_90,1308.48,Woody Wetlands,#b8d9eb,2001
Mississippi,Class_90,22612.16,Woody Wetlands,#b8d9eb,2001
Louisiana,Class_90,28417.08,Woody Wetlands,#b8d9eb,2001
Texas,Class_90,19784.97,Woody Wetlands,#b8d9eb,2001
Oklahoma,Class_90,1352.68,Woody Wetlands,#b8d9eb,2001
Arkansas,Class_90,14157.87,Woody Wetlands,#b8d9eb,2001
West Virginia,Class_81,5612.86,Pasture/Hay,#dcd939,2002
Florida,Class_81,19452.77,Pasture/Hay,#dcd939,2002
Maryland,Class_81,2778.61,Pasture/Hay,#dcd939,2002
North Carolina,Class_81,12370.67,Pasture/Hay,#dcd939,2002
Delaware,Class_81,41.92,Pasture/Hay,#dcd939,2002
Georgia,Class_81,12511.96,Pasture/Hay,#dcd939,2002
South Carolina,Class_81,6301.96,Pasture/Hay,#dcd939,2002
Virginia,Class_81,18171.15,Pasture/Hay,#dcd939,2002
District of Columbia,Class_81,0.07,Pasture/Hay,#dcd939,2002
Alabama,Class_81,23949.81,Pasture/Hay,#dcd939,2002
Tennessee,Class_81,26529.17,Pasture/Hay,#dcd939,2002
Kentucky,Class_81,29327.24,Pasture/Hay,#dcd939,2002
Mississippi,Class_81,21494.54,Pasture/Hay,#dcd939,2002
Louisiana,Class_81,11370.59,Pasture/Hay,#dcd939,2002
Texas,Class_81,82808.65,Pasture/Hay,#dcd939,2002
Oklahoma,Class_81,22758.39,Pasture/Hay,#dcd939,2002
Arkansas,Class_81,21614.12,Pasture/Hay,#dcd939,2002
West Virginia,Class_71,338.94,Grassland/Herbaceous,#dfdfc2,2002
Florida,Class_71,3355.56,Grassland/Herbaceous,#dfdfc2,2002
Maryland,Class_71,42.8,Grassland/Herbaceous,#dfdfc2,2002
North Carolina,Class_71,2215.83,Grassland/Herbaceous,#dfdfc2,2002
Delaware,Class_71,19.56,Grassland/Herbaceous,#dfdfc2,2002
Georgia,Class_71,4652.88,Grassland/Herbaceous,#dfdfc2,2002
South Carolina,Class_71,2462.47,Grassland/Herbaceous,#dfdfc2,2002
Virginia,Class_71,1924.67,Grassland/Herbaceous,#dfdfc2,2002
District of Columbia,Class_71,0.0,Grassland/Herbaceous,#dfdfc2,2002
Alabama,Class_71,4663.83,Grassland/Herbaceous,#dfdfc2,2002
Tennessee,Class_71,1053.47,Grassland/Herbaceous,#dfdfc2,2002
Kentucky,Class_71,230.84,Grassland/Herbaceous,#dfdfc2,2002
Mississippi,Class_71,2184.54,Grassland/Herbaceous,#dfdfc2,2002
Louisiana,Class_71,2608.99,Grassland/Herbaceous,#dfdfc2,2002
Texas,Class_71,81689.6,Grassland/Herbaceous,#dfdfc2,2002
Oklahoma,Class_71,69387.19,Grassland/Herbaceous,#dfdfc2,2002
Arkansas,Class_71,2034.84,Grassland/Herbaceous,#dfdfc2,2002
West Virginia,Class_82,250.19,Cultivated Crops,#ab6c28,2002
Florida,Class_82,10733.94,Cultivated Crops,#ab6c28,2002
Maryland,Class_82,5859.07,Cultivated Crops,#ab6c28,2002
North Carolina,Class_82,19962.42,Cultivated Crops,#ab6c28,2002
Delaware,Class_82,2334.6,Cultivated Crops,#ab6c28,2002
Georgia,Class_82,22001.16,Cultivated Crops,#ab6c28,2002
South Carolina,Class_82,9367.68,Cultivated Crops,#ab6c28,2002
Virginia,Class_82,5972.99,Cultivated Crops,#ab6c28,2002
District of Columbia,Class_82,0.0,Cultivated Crops,#ab6c28,2002
Alabama,Class_82,6422.68,Cultivated Crops,#ab6c28,2002
Tennessee,Class_82,11162.96,Cultivated Crops,#ab6c28,2002
Kentucky,Class_82,11054.31,Cultivated Crops,#ab6c28,2002
Mississippi,Class_82,17294.52,Cultivated Crops,#ab6c28,2002
Louisiana,Class_82,19406.89,Cultivated Crops,#ab6c28,2002
Texas,Class_82,86104.07,Cultivated Crops,#ab6c28,2002
Oklahoma,Class_82,33107.98,Cultivated Crops,#ab6c28,2002
Arkansas,Class_82,29671.83,Cultivated Crops,#ab6c28,2002
West Virginia,Class_95,32.08,Emergent Herbaceous Wetlands,#6c9fb8,2002
Florida,Class_95,14584.63,Emergent Herbaceous Wetlands,#6c9fb8,2002
Maryland,Class_95,788.42,Emergent Herbaceous Wetlands,#6c9fb8,2002
North Carolina,Class_95,1038.15,Emergent Herbaceous Wetlands,#6c9fb8,2002
Delaware,Class_95,326.1,Emergent Herbaceous Wetlands,#6c9fb8,2002
Georgia,Class_95,1751.2,Emergent Herbaceous Wetlands,#6c9fb8,2002
South Carolina,Class_95,1953.24,Emergent Herbaceous Wetlands,#6c9fb8,2002
Virginia,Class_95,797.59,Emergent Herbaceous Wetlands,#6c9fb8,2002
District of Columbia,Class_95,0.14,Emergent Herbaceous Wetlands,#6c9fb8,2002
Alabama,Class_95,179.59,Emergent Herbaceous Wetlands,#6c9fb8,2002
Tennessee,Class_95,134.87,Emergent Herbaceous Wetlands,#6c9fb8,2002
Kentucky,Class_95,133.27,Emergent Herbaceous Wetlands,#6c9fb8,2002
Mississippi,Class_95,443.32,Emergent Herbaceous Wetlands,#6c9fb8,2002
Louisiana,Class_95,12609.94,Emergent Herbaceous Wetlands,#6c9fb8,2002
Texas,Class_95,7333.59,Emergent Herbaceous Wetlands,#6c9fb8,2002
Oklahoma,Class_95,307.28,Emergent Herbaceous Wetlands,#6c9fb8,2002
Arkansas,Class_95,111.76,Emergent Herbaceous Wetlands,#6c9fb8,2002
West Virginia,Class_41,49262.5,Deciduous Forest,#68ab5f,2002
Florida,Class_41,6.43,Deciduous Forest,#68ab5f,2002
Maryland,Class_41,6372.96,Deciduous Forest,#68ab5f,2002
North Carolina,Class_41,26443.28,Deciduous Forest,#68ab5f,2002
Delaware,Class_41,200.42,Deciduous Forest,#68ab5f,2002
Georgia,Class_41,20016.79,Deciduous Forest,#68ab5f,2002
South Carolina,Class_41,6850.95,Deciduous Forest,#68ab5f,2002
Virginia,Class_41,36150.81,Deciduous Forest,#68ab5f,2002
District of Columbia,Class_41,12.69,Deciduous Forest,#68ab5f,2002
Alabama,Class_41,23348.99,Deciduous Forest,#68ab5f,2002
Tennessee,Class_41,44700.85,Deciduous Forest,#68ab5f,2002
Kentucky,Class_41,49393.98,Deciduous Forest,#68ab5f,2002
Mississippi,Class_41,11848.13,Deciduous Forest,#68ab5f,2002
Louisiana,Class_41,345.14,Deciduous Forest,#68ab5f,2002
Texas,Class_41,8442.05,Deciduous Forest,#68ab5f,2002
Oklahoma,Class_41,27748.6,Deciduous Forest,#68ab5f,2002
Arkansas,Class_41,27102.35,Deciduous Forest,#68ab5f,2002
West Virginia,Class_52,35.86,Shrub/Scrub,#ccb879,2002
Florida,Class_52,4398.32,Shrub/Scrub,#ccb879,2002
Maryland,Class_52,96.13,Shrub/Scrub,#ccb879,2002
North Carolina,Class_52,2099.51,Shrub/Scrub,#ccb879,2002
Delaware,Class_52,19.34,Shrub/Scrub,#ccb879,2002
Georgia,Class_52,3591.08,Shrub/Scrub,#ccb879,2002
South Carolina,Class_52,1678.97,Shrub/Scrub,#ccb879,2002
Virginia,Class_52,1268.38,Shrub/Scrub,#ccb879,2002
District of Columbia,Class_52,0.07,Shrub/Scrub,#ccb879,2002
Alabama,Class_52,6121.0,Shrub/Scrub,#ccb879,2002
Tennessee,Class_52,630.21,Shrub/Scrub,#ccb879,2002
Kentucky,Class_52,38.84,Shrub/Scrub,#ccb879,2002
Mississippi,Class_52,5412.11,Shrub/Scrub,#ccb879,2002
Louisiana,Class_52,3050.43,Shrub/Scrub,#ccb879,2002
Texas,Class_52,313007.11,Shrub/Scrub,#ccb879,2002
Oklahoma,Class_52,5889.38,Shrub/Scrub,#ccb879,2002
Arkansas,Class_52,1479.49,Shrub/Scrub,#ccb879,2002
West Virginia,Class_31,420.19,Barren Land,#b3ac9f,2002
Florida,Class_31,913.76,Barren Land,#b3ac9f,2002
Maryland,Class_31,115.43,Barren Land,#b3ac9f,2002
North Carolina,Class_31,358.85,Barren Land,#b3ac9f,2002
Delaware,Class_31,18.91,Barren Land,#b3ac9f,2002
Georgia,Class_31,375.93,Barren Land,#b3ac9f,2002
South Carolina,Class_31,201.88,Barren Land,#b3ac9f,2002
Virginia,Class_31,265.68,Barren Land,#b3ac9f,2002
District of Columbia,Class_31,0.0,Barren Land,#b3ac9f,2002
Alabama,Class_31,255.77,Barren Land,#b3ac9f,2002
Tennessee,Class_31,179.08,Barren Land,#b3ac9f,2002
Kentucky,Class_31,474.34,Barren Land,#b3ac9f,2002
Mississippi,Class_31,231.07,Barren Land,#b3ac9f,2002
Louisiana,Class_31,231.68,Barren Land,#b3ac9f,2002
Texas,Class_31,2204.22,Barren Land,#b3ac9f,2002
Oklahoma,Class_31,585.24,Barren Land,#b3ac9f,2002
Arkansas,Class_31,256.34,Barren Land,#b3ac9f,2002
West Virginia,Class_42,389.71,Evergreen Forest,#1c5f2c,2002
Florida,Class_42,28234.8,Evergreen Forest,#1c5f2c,2002
Maryland,Class_42,474.12,Evergreen Forest,#1c5f2c,2002
North Carolina,Class_42,17398.74,Evergreen Forest,#1c5f2c,2002
Delaware,Class_42,138.98,Evergreen Forest,#1c5f2c,2002
Georgia,Class_42,38992.28,Evergreen Forest,#1c5f2c,2002
South Carolina,Class_42,21489.69,Evergreen Forest,#1c5f2c,2002
Virginia,Class_42,8572.63,Evergreen Forest,#1c5f2c,2002
District of Columbia,Class_42,0.07,Evergreen Forest,#1c5f2c,2002
Alabama,Class_42,27211.32,Evergreen Forest,#1c5f2c,2002
Tennessee,Class_42,2503.92,Evergreen Forest,#1c5f2c,2002
Kentucky,Class_42,417.45,Evergreen Forest,#1c5f2c,2002
Mississippi,Class_42,21500.1,Evergreen Forest,#1c5f2c,2002
Louisiana,Class_42,25357.63,Evergreen Forest,#1c5f2c,2002
Texas,Class_42,36661.29,Evergreen Forest,#1c5f2c,2002
Oklahoma,Class_42,5386.23,Evergreen Forest,#1c5f2c,2002
Arkansas,Class_42,26234.17,Evergreen Forest,#1c5f2c,2002
West Virginia,Class_21,1703.49,"Developed, Open Space",#dec5c5,2002
Florida,Class_21,6570.1,"Developed, Open Space",#dec5c5,2002
Maryland,Class_21,1797.05,"Developed, Open Space",#dec5c5,2002
North Carolina,Class_21,6972.97,"Developed, Open Space",#dec5c5,2002
Delaware,Class_21,220.98,"Developed, Open Space",#dec5c5,2002
Georgia,Class_21,7810.59,"Developed, Open Space",#dec5c5,2002
South Carolina,Class_21,4020.19,"Developed, Open Space",#dec5c5,2002
Virginia,Class_21,4764.51,"Developed, Open Space",#dec5c5,2002
District of Columbia,Class_21,22.89,"Developed, Open Space",#dec5c5,2002
Alabama,Class_21,6513.0,"Developed, Open Space",#dec5c5,2002
Tennessee,Class_21,5398.22,"Developed, Open Space",#dec5c5,2002
Kentucky,Class_21,3636.27,"Developed, Open Space",#dec5c5,2002
Mississippi,Class_21,4896.5,"Developed, Open Space",#dec5c5,2002
Louisiana,Class_21,3179.07,"Developed, Open Space",#dec5c5,2002
Texas,Class_21,10194.07,"Developed, Open Space",#dec5c5,2002
Oklahoma,Class_21,4603.67,"Developed, Open Space",#dec5c5,2002
Arkansas,Class_21,3028.09,"Developed, Open Space",#dec5c5,2002
West Virginia,Class_43,3259.45,Mixed Forest,#b5c58f,2002
Florida,Class_43,149.63,Mixed Forest,#b5c58f,2002
Maryland,Class_43,1441.97,Mixed Forest,#b5c58f,2002
North Carolina,Class_43,11803.04,Mixed Forest,#b5c58f,2002
Delaware,Class_43,159.9,Mixed Forest,#b5c58f,2002
Georgia,Class_43,6378.53,Mixed Forest,#b5c58f,2002
South Carolina,Class_43,2634.67,Mixed Forest,#b5c58f,2002
Virginia,Class_43,15235.35,Mixed Forest,#b5c58f,2002
District of Columbia,Class_43,0.0,Mixed Forest,#b5c58f,2002
Alabama,Class_43,12115.02,Mixed Forest,#b5c58f,2002
Tennessee,Class_43,7379.42,Mixed Forest,#b5c58f,2002
Kentucky,Class_43,4319.9,Mixed Forest,#b5c58f,2002
Mississippi,Class_43,11062.18,Mixed Forest,#b5c58f,2002
Louisiana,Class_43,1305.98,Mixed Forest,#b5c58f,2002
Texas,Class_43,13414.78,Mixed Forest,#b5c58f,2002
Oklahoma,Class_43,3399.96,Mixed Forest,#b5c58f,2002
Arkansas,Class_43,6726.93,Mixed Forest,#b5c58f,2002
West Virginia,Class_11,413.43,Open Water,#466b9f,2002
Florida,Class_11,28660.65,Open Water,#466b9f,2002
Maryland,Class_11,6989.35,Open Water,#466b9f,2002
North Carolina,Class_11,13320.19,Open Water,#466b9f,2002
Delaware,Class_11,1390.31,Open Water,#466b9f,2002
Georgia,Class_11,3788.15,Open Water,#466b9f,2002
South Carolina,Class_11,4934.64,Open Water,#466b9f,2002
Virginia,Class_11,8390.28,Open Water,#466b9f,2002
District of Columbia,Class_11,17.46,Open Water,#466b9f,2002
Alabama,Class_11,4592.36,Open Water,#466b9f,2002
Tennessee,Class_11,2412.64,Open Water,#466b9f,2002
Kentucky,Class_11,1823.92,Open Water,#466b9f,2002
Mississippi,Class_11,4369.65,Open Water,#466b9f,2002
Louisiana,Class_11,22987.44,Open Water,#466b9f,2002
Texas,Class_11,15995.28,Open Water,#466b9f,2002
Oklahoma,Class_11,2972.99,Open Water,#466b9f,2002
Arkansas,Class_11,2951.59,Open Water,#466b9f,2002
West Virginia,Class_22,578.51,"Developed, Low Intensity",#d99282,2002
Florida,Class_22,8273.24,"Developed, Low Intensity",#d99282,2002
Maryland,Class_22,1567.23,"Developed, Low Intensity",#d99282,2002
North Carolina,Class_22,4370.24,"Developed, Low Intensity",#d99282,2002
Delaware,Class_22,351.05,"Developed, Low Intensity",#d99282,2002
Georgia,Class_22,4262.7,"Developed, Low Intensity",#d99282,2002
South Carolina,Class_22,2506.7,"Developed, Low Intensity",#d99282,2002
Virginia,Class_22,2521.36,"Developed, Low Intensity",#d99282,2002
District of Columbia,Class_22,33.72,"Developed, Low Intensity",#d99282,2002
Alabama,Class_22,2336.49,"Developed, Low Intensity",#d99282,2002
Tennessee,Class_22,2413.07,"Developed, Low Intensity",#d99282,2002
Kentucky,Class_22,1552.19,"Developed, Low Intensity",#d99282,2002
Mississippi,Class_22,1534.47,"Developed, Low Intensity",#d99282,2002
Louisiana,Class_22,2183.83,"Developed, Low Intensity",#d99282,2002
Texas,Class_22,10639.29,"Developed, Low Intensity",#d99282,2002
Oklahoma,Class_22,2327.33,"Developed, Low Intensity",#d99282,2002
Arkansas,Class_22,1700.23,"Developed, Low Intensity",#d99282,2002
West Virginia,Class_23,333.58,"Developed, Medium Intensity",#eb0000,2002
Florida,Class_23,4155.88,"Developed, Medium Intensity",#eb0000,2002
Maryland,Class_23,787.67,"Developed, Medium Intensity",#eb0000,2002
North Carolina,Class_23,1219.17,"Developed, Medium Intensity",#eb0000,2002
Delaware,Class_23,176.98,"Developed, Medium Intensity",#eb0000,2002
Georgia,Class_23,1256.88,"Developed, Medium Intensity",#eb0000,2002
South Carolina,Class_23,666.42,"Developed, Medium Intensity",#eb0000,2002
Virginia,Class_23,1180.8,"Developed, Medium Intensity",#eb0000,2002
District of Columbia,Class_23,69.71,"Developed, Medium Intensity",#eb0000,2002
Alabama,Class_23,786.33,"Developed, Medium Intensity",#eb0000,2002
Tennessee,Class_23,972.3,"Developed, Medium Intensity",#eb0000,2002
Kentucky,Class_23,758.45,"Developed, Medium Intensity",#eb0000,2002
Mississippi,Class_23,444.9,"Developed, Medium Intensity",#eb0000,2002
Louisiana,Class_23,948.83,"Developed, Medium Intensity",#eb0000,2002
Texas,Class_23,6120.53,"Developed, Medium Intensity",#eb0000,2002
Oklahoma,Class_23,1004.02,"Developed, Medium Intensity",#eb0000,2002
Arkansas,Class_23,510.81,"Developed, Medium Intensity",#eb0000,2002
West Virginia,Class_24,53.8,"Developed, High Intensity",#ab0000,2002
Florida,Class_24,536.13,"Developed, High Intensity",#ab0000,2002
Maryland,Class_24,200.34,"Developed, High Intensity",#ab0000,2002
North Carolina,Class_24,322.12,"Developed, High Intensity",#ab0000,2002
Delaware,Class_24,45.98,"Developed, High Intensity",#ab0000,2002
Georgia,Class_24,399.64,"Developed, High Intensity",#ab0000,2002
South Carolina,Class_24,196.85,"Developed, High Intensity",#ab0000,2002
Virginia,Class_24,279.85,"Developed, High Intensity",#ab0000,2002
District of Columbia,Class_24,18.3,"Developed, High Intensity",#ab0000,2002
Alabama,Class_24,180.63,"Developed, High Intensity",#ab0000,2002
Tennessee,Class_24,286.56,"Developed, High Intensity",#ab0000,2002
Kentucky,Class_24,185.26,"Developed, High Intensity",#ab0000,2002
Mississippi,Class_24,92.26,"Developed, High Intensity",#ab0000,2002
Louisiana,Class_24,227.08,"Developed, High Intensity",#ab0000,2002
Texas,Class_24,1126.62,"Developed, High Intensity",#ab0000,2002
Oklahoma,Class_24,208.66,"Developed, High Intensity",#ab0000,2002
Arkansas,Class_24,131.33,"Developed, High Intensity",#ab0000,2002
West Virginia,Class_90,70.35,Woody Wetlands,#b8d9eb,2002
Florida,Class_90,40054.55,Woody Wetlands,#b8d9eb,2002
Maryland,Class_90,2818.06,Woody Wetlands,#b8d9eb,2002
North Carolina,Class_90,19488.7,Woody Wetlands,#b8d9eb,2002
Delaware,Class_90,1000.65,Woody Wetlands,#b8d9eb,2002
Georgia,Class_90,26114.43,Woody Wetlands,#b8d9eb,2002
South Carolina,Class_90,17643.0,Woody Wetlands,#b8d9eb,2002
Virginia,Class_90,5288.22,Woody Wetlands,#b8d9eb,2002
District of Columbia,Class_90,1.89,Woody Wetlands,#b8d9eb,2002
Alabama,Class_90,17088.94,Woody Wetlands,#b8d9eb,2002
Tennessee,Class_90,3395.16,Woody Wetlands,#b8d9eb,2002
Kentucky,Class_90,1308.04,Woody Wetlands,#b8d9eb,2002
Mississippi,Class_90,22629.72,Woody Wetlands,#b8d9eb,2002
Louisiana,Class_90,28439.47,Woody Wetlands,#b8d9eb,2002
Texas,Class_90,19779.97,Woody Wetlands,#b8d9eb,2002
Oklahoma,Class_90,1350.08,Woody Wetlands,#b8d9eb,2002
Arkansas,Class_90,14177.19,Woody Wetlands,#b8d9eb,2002
West Virginia,Class_81,5617.23,Pasture/Hay,#dcd939,2003
Florida,Class_81,19364.22,Pasture/Hay,#dcd939,2003
Maryland,Class_81,2796.55,Pasture/Hay,#dcd939,2003
North Carolina,Class_81,12413.47,Pasture/Hay,#dcd939,2003
Delaware,Class_81,42.17,Pasture/Hay,#dcd939,2003
Georgia,Class_81,12598.15,Pasture/Hay,#dcd939,2003
South Carolina,Class_81,6332.64,Pasture/Hay,#dcd939,2003
Virginia,Class_81,18218.76,Pasture/Hay,#dcd939,2003
District of Columbia,Class_81,0.07,Pasture/Hay,#dcd939,2003
Alabama,Class_81,24008.52,Pasture/Hay,#dcd939,2003
Tennessee,Class_81,26576.38,Pasture/Hay,#dcd939,2003
Kentucky,Class_81,29293.99,Pasture/Hay,#dcd939,2003
Mississippi,Class_81,21398.61,Pasture/Hay,#dcd939,2003
Louisiana,Class_81,11437.67,Pasture/Hay,#dcd939,2003
Texas,Class_81,82850.16,Pasture/Hay,#dcd939,2003
Oklahoma,Class_81,22808.32,Pasture/Hay,#dcd939,2003
Arkansas,Class_81,21689.1,Pasture/Hay,#dcd939,2003
West Virginia,Class_71,330.74,Grassland/Herbaceous,#dfdfc2,2003
Florida,Class_71,3223.2,Grassland/Herbaceous,#dfdfc2,2003
Maryland,Class_71,39.89,Grassland/Herbaceous,#dfdfc2,2003
North Carolina,Class_71,2132.44,Grassland/Herbaceous,#dfdfc2,2003
Delaware,Class_71,19.8,Grassland/Herbaceous,#dfdfc2,2003
Georgia,Class_71,4350.58,Grassland/Herbaceous,#dfdfc2,2003
South Carolina,Class_71,2269.9,Grassland/Herbaceous,#dfdfc2,2003
Virginia,Class_71,1934.97,Grassland/Herbaceous,#dfdfc2,2003
District of Columbia,Class_71,0.0,Grassland/Herbaceous,#dfdfc2,2003
Alabama,Class_71,4455.86,Grassland/Herbaceous,#dfdfc2,2003
Tennessee,Class_71,1011.35,Grassland/Herbaceous,#dfdfc2,2003
Kentucky,Class_71,236.14,Grassland/Herbaceous,#dfdfc2,2003
Mississippi,Class_71,2159.09,Grassland/Herbaceous,#dfdfc2,2003
Louisiana,Class_71,2478.43,Grassland/Herbaceous,#dfdfc2,2003
Texas,Class_71,81447.17,Grassland/Herbaceous,#dfdfc2,2003
Oklahoma,Class_71,69543.56,Grassland/Herbaceous,#dfdfc2,2003
Arkansas,Class_71,1962.91,Grassland/Herbaceous,#dfdfc2,2003
West Virginia,Class_82,248.67,Cultivated Crops,#ab6c28,2003
Florida,Class_82,10644.08,Cultivated Crops,#ab6c28,2003
Maryland,Class_82,5815.11,Cultivated Crops,#ab6c28,2003
North Carolina,Class_82,19902.02,Cultivated Crops,#ab6c28,2003
Delaware,Class_82,2325.37,Cultivated Crops,#ab6c28,2003
Georgia,Class_82,21843.85,Cultivated Crops,#ab6c28,2003
South Carolina,Class_82,9272.45,Cultivated Crops,#ab6c28,2003
Virginia,Class_82,5921.83,Cultivated Crops,#ab6c28,2003
District of Columbia,Class_82,0.0,Cultivated Crops,#ab6c28,2003
Alabama,Class_82,6277.74,Cultivated Crops,#ab6c28,2003
Tennessee,Class_82,11099.32,Cultivated Crops,#ab6c28,2003
Kentucky,Class_82,11074.18,Cultivated Crops,#ab6c28,2003
Mississippi,Class_82,17234.57,Cultivated Crops,#ab6c28,2003
Louisiana,Class_82,19315.0,Cultivated Crops,#ab6c28,2003
Texas,Class_82,85611.46,Cultivated Crops,#ab6c28,2003
Oklahoma,Class_82,32869.98,Cultivated Crops,#ab6c28,2003
Arkansas,Class_82,29628.81,Cultivated Crops,#ab6c28,2003
West Virginia,Class_95,32.92,Emergent Herbaceous Wetlands,#6c9fb8,2003
Florida,Class_95,14549.25,Emergent Herbaceous Wetlands,#6c9fb8,2003
Maryland,Class_95,785.77,Emergent Herbaceous Wetlands,#6c9fb8,2003
North Carolina,Class_95,1023.21,Emergent Herbaceous Wetlands,#6c9fb8,2003
Delaware,Class_95,323.14,Emergent Herbaceous Wetlands,#6c9fb8,2003
Georgia,Class_95,1735.58,Emergent Herbaceous Wetlands,#6c9fb8,2003
South Carolina,Class_95,1943.44,Emergent Herbaceous Wetlands,#6c9fb8,2003
Virginia,Class_95,788.73,Emergent Herbaceous Wetlands,#6c9fb8,2003
District of Columbia,Class_95,0.21,Emergent Herbaceous Wetlands,#6c9fb8,2003
Alabama,Class_95,176.52,Emergent Herbaceous Wetlands,#6c9fb8,2003
Tennessee,Class_95,132.68,Emergent Herbaceous Wetlands,#6c9fb8,2003
Kentucky,Class_95,135.16,Emergent Herbaceous Wetlands,#6c9fb8,2003
Mississippi,Class_95,443.05,Emergent Herbaceous Wetlands,#6c9fb8,2003
Louisiana,Class_95,12622.58,Emergent Herbaceous Wetlands,#6c9fb8,2003
Texas,Class_95,7396.12,Emergent Herbaceous Wetlands,#6c9fb8,2003
Oklahoma,Class_95,318.3,Emergent Herbaceous Wetlands,#6c9fb8,2003
Arkansas,Class_95,108.81,Emergent Herbaceous Wetlands,#6c9fb8,2003
West Virginia,Class_41,49232.52,Deciduous Forest,#68ab5f,2003
Florida,Class_41,6.51,Deciduous Forest,#68ab5f,2003
Maryland,Class_41,6352.89,Deciduous Forest,#68ab5f,2003
North Carolina,Class_41,26358.2,Deciduous Forest,#68ab5f,2003
Delaware,Class_41,198.6,Deciduous Forest,#68ab5f,2003
Georgia,Class_41,19981.0,Deciduous Forest,#68ab5f,2003
South Carolina,Class_41,6844.55,Deciduous Forest,#68ab5f,2003
Virginia,Class_41,36039.04,Deciduous Forest,#68ab5f,2003
District of Columbia,Class_41,12.63,Deciduous Forest,#68ab5f,2003
Alabama,Class_41,23083.74,Deciduous Forest,#68ab5f,2003
Tennessee,Class_41,44565.25,Deciduous Forest,#68ab5f,2003
Kentucky,Class_41,49323.93,Deciduous Forest,#68ab5f,2003
Mississippi,Class_41,11757.98,Deciduous Forest,#68ab5f,2003
Louisiana,Class_41,340.62,Deciduous Forest,#68ab5f,2003
Texas,Class_41,8450.27,Deciduous Forest,#68ab5f,2003
Oklahoma,Class_41,27738.56,Deciduous Forest,#68ab5f,2003
Arkansas,Class_41,27018.35,Deciduous Forest,#68ab5f,2003
West Virginia,Class_52,39.81,Shrub/Scrub,#ccb879,2003
Florida,Class_52,4422.62,Shrub/Scrub,#ccb879,2003
Maryland,Class_52,93.78,Shrub/Scrub,#ccb879,2003
North Carolina,Class_52,2125.63,Shrub/Scrub,#ccb879,2003
Delaware,Class_52,19.42,Shrub/Scrub,#ccb879,2003
Georgia,Class_52,3688.46,Shrub/Scrub,#ccb879,2003
South Carolina,Class_52,1743.27,Shrub/Scrub,#ccb879,2003
Virginia,Class_52,1242.98,Shrub/Scrub,#ccb879,2003
District of Columbia,Class_52,0.07,Shrub/Scrub,#ccb879,2003
Alabama,Class_52,6390.62,Shrub/Scrub,#ccb879,2003
Tennessee,Class_52,740.58,Shrub/Scrub,#ccb879,2003
Kentucky,Class_52,43.49,Shrub/Scrub,#ccb879,2003
Mississippi,Class_52,5349.6,Shrub/Scrub,#ccb879,2003
Louisiana,Class_52,3224.86,Shrub/Scrub,#ccb879,2003
Texas,Class_52,313624.29,Shrub/Scrub,#ccb879,2003
Oklahoma,Class_52,6024.53,Shrub/Scrub,#ccb879,2003
Arkansas,Class_52,1805.13,Shrub/Scrub,#ccb879,2003
West Virginia,Class_31,432.99,Barren Land,#b3ac9f,2003
Florida,Class_31,912.19,Barren Land,#b3ac9f,2003
Maryland,Class_31,116.44,Barren Land,#b3ac9f,2003
North Carolina,Class_31,358.21,Barren Land,#b3ac9f,2003
Delaware,Class_31,18.69,Barren Land,#b3ac9f,2003
Georgia,Class_31,370.6,Barren Land,#b3ac9f,2003
South Carolina,Class_31,207.02,Barren Land,#b3ac9f,2003
Virginia,Class_31,272.68,Barren Land,#b3ac9f,2003
District of Columbia,Class_31,0.0,Barren Land,#b3ac9f,2003
Alabama,Class_31,252.94,Barren Land,#b3ac9f,2003
Tennessee,Class_31,147.06,Barren Land,#b3ac9f,2003
Kentucky,Class_31,481.91,Barren Land,#b3ac9f,2003
Mississippi,Class_31,205.37,Barren Land,#b3ac9f,2003
Louisiana,Class_31,222.6,Barren Land,#b3ac9f,2003
Texas,Class_31,2183.32,Barren Land,#b3ac9f,2003
Oklahoma,Class_31,603.92,Barren Land,#b3ac9f,2003
Arkansas,Class_31,245.43,Barren Land,#b3ac9f,2003
West Virginia,Class_42,391.37,Evergreen Forest,#1c5f2c,2003
Florida,Class_42,28187.18,Evergreen Forest,#1c5f2c,2003
Maryland,Class_42,479.12,Evergreen Forest,#1c5f2c,2003
North Carolina,Class_42,17372.51,Evergreen Forest,#1c5f2c,2003
Delaware,Class_42,138.77,Evergreen Forest,#1c5f2c,2003
Georgia,Class_42,38932.51,Evergreen Forest,#1c5f2c,2003
South Carolina,Class_42,21515.67,Evergreen Forest,#1c5f2c,2003
Virginia,Class_42,8621.65,Evergreen Forest,#1c5f2c,2003
District of Columbia,Class_42,0.07,Evergreen Forest,#1c5f2c,2003
Alabama,Class_42,27429.38,Evergreen Forest,#1c5f2c,2003
Tennessee,Class_42,2479.39,Evergreen Forest,#1c5f2c,2003
Kentucky,Class_42,411.55,Evergreen Forest,#1c5f2c,2003
Mississippi,Class_42,21848.93,Evergreen Forest,#1c5f2c,2003
Louisiana,Class_42,25301.89,Evergreen Forest,#1c5f2c,2003
Texas,Class_42,36382.54,Evergreen Forest,#1c5f2c,2003
Oklahoma,Class_42,5287.42,Evergreen Forest,#1c5f2c,2003
Arkansas,Class_42,25927.96,Evergreen Forest,#1c5f2c,2003
West Virginia,Class_21,1711.17,"Developed, Open Space",#dec5c5,2003
Florida,Class_21,6688.03,"Developed, Open Space",#dec5c5,2003
Maryland,Class_21,1824.94,"Developed, Open Space",#dec5c5,2003
North Carolina,Class_21,7040.14,"Developed, Open Space",#dec5c5,2003
Delaware,Class_21,224.4,"Developed, Open Space",#dec5c5,2003
Georgia,Class_21,7981.88,"Developed, Open Space",#dec5c5,2003
South Carolina,Class_21,4082.05,"Developed, Open Space",#dec5c5,2003
Virginia,Class_21,4834.5,"Developed, Open Space",#dec5c5,2003
District of Columbia,Class_21,22.6,"Developed, Open Space",#dec5c5,2003
Alabama,Class_21,6575.72,"Developed, Open Space",#dec5c5,2003
Tennessee,Class_21,5449.33,"Developed, Open Space",#dec5c5,2003
Kentucky,Class_21,3670.1,"Developed, Open Space",#dec5c5,2003
Mississippi,Class_21,4930.61,"Developed, Open Space",#dec5c5,2003
Louisiana,Class_21,3212.43,"Developed, Open Space",#dec5c5,2003
Texas,Class_21,10427.03,"Developed, Open Space",#dec5c5,2003
Oklahoma,Class_21,4613.72,"Developed, Open Space",#dec5c5,2003
Arkansas,Class_21,3065.0,"Developed, Open Space",#dec5c5,2003
West Virginia,Class_43,3251.09,Mixed Forest,#b5c58f,2003
Florida,Class_43,161.89,Mixed Forest,#b5c58f,2003
Maryland,Class_43,1435.08,Mixed Forest,#b5c58f,2003
North Carolina,Class_43,11770.73,Mixed Forest,#b5c58f,2003
Delaware,Class_43,158.36,Mixed Forest,#b5c58f,2003
Georgia,Class_43,6401.85,Mixed Forest,#b5c58f,2003
South Carolina,Class_43,2659.19,Mixed Forest,#b5c58f,2003
Virginia,Class_43,15171.66,Mixed Forest,#b5c58f,2003
District of Columbia,Class_43,0.0,Mixed Forest,#b5c58f,2003
Alabama,Class_43,12058.69,Mixed Forest,#b5c58f,2003
Tennessee,Class_43,7367.66,Mixed Forest,#b5c58f,2003
Kentucky,Class_43,4311.2,Mixed Forest,#b5c58f,2003
Mississippi,Class_43,11001.23,Mixed Forest,#b5c58f,2003
Louisiana,Class_43,1311.43,Mixed Forest,#b5c58f,2003
Texas,Class_43,13411.73,Mixed Forest,#b5c58f,2003
Oklahoma,Class_43,3411.06,Mixed Forest,#b5c58f,2003
Arkansas,Class_43,6756.9,Mixed Forest,#b5c58f,2003
West Virginia,Class_11,424.75,Open Water,#466b9f,2003
Florida,Class_11,28790.2,Open Water,#466b9f,2003
Maryland,Class_11,7003.5,Open Water,#466b9f,2003
North Carolina,Class_11,13398.8,Open Water,#466b9f,2003
Delaware,Class_11,1394.39,Open Water,#466b9f,2003
Georgia,Class_11,3913.97,Open Water,#466b9f,2003
South Carolina,Class_11,4979.79,Open Water,#466b9f,2003
Virginia,Class_11,8437.46,Open Water,#466b9f,2003
District of Columbia,Class_11,17.65,Open Water,#466b9f,2003
Alabama,Class_11,4647.85,Open Water,#466b9f,2003
Tennessee,Class_11,2491.47,Open Water,#466b9f,2003
Kentucky,Class_11,1856.94,Open Water,#466b9f,2003
Mississippi,Class_11,4416.72,Open Water,#466b9f,2003
Louisiana,Class_11,22976.78,Open Water,#466b9f,2003
Texas,Class_11,15891.68,Open Water,#466b9f,2003
Oklahoma,Class_11,2902.56,Open Water,#466b9f,2003
Arkansas,Class_11,2977.09,Open Water,#466b9f,2003
West Virginia,Class_22,581.41,"Developed, Low Intensity",#d99282,2003
Florida,Class_22,8441.12,"Developed, Low Intensity",#d99282,2003
Maryland,Class_22,1580.05,"Developed, Low Intensity",#d99282,2003
North Carolina,Class_22,4460.9,"Developed, Low Intensity",#d99282,2003
Delaware,Class_22,357.55,"Developed, Low Intensity",#d99282,2003
Georgia,Class_22,4351.54,"Developed, Low Intensity",#d99282,2003
South Carolina,Class_22,2557.7,"Developed, Low Intensity",#d99282,2003
Virginia,Class_22,2549.74,"Developed, Low Intensity",#d99282,2003
District of Columbia,Class_22,33.81,"Developed, Low Intensity",#d99282,2003
Alabama,Class_22,2370.86,"Developed, Low Intensity",#d99282,2003
Tennessee,Class_22,2445.37,"Developed, Low Intensity",#d99282,2003
Kentucky,Class_22,1572.26,"Developed, Low Intensity",#d99282,2003
Mississippi,Class_22,1560.55,"Developed, Low Intensity",#d99282,2003
Louisiana,Class_22,2207.55,"Developed, Low Intensity",#d99282,2003
Texas,Class_22,10836.33,"Developed, Low Intensity",#d99282,2003
Oklahoma,Class_22,2353.54,"Developed, Low Intensity",#d99282,2003
Arkansas,Class_22,1726.08,"Developed, Low Intensity",#d99282,2003
West Virginia,Class_23,336.12,"Developed, Medium Intensity",#eb0000,2003
Florida,Class_23,4157.06,"Developed, Medium Intensity",#eb0000,2003
Maryland,Class_23,788.58,"Developed, Medium Intensity",#eb0000,2003
North Carolina,Class_23,1216.84,"Developed, Medium Intensity",#eb0000,2003
Delaware,Class_23,178.15,"Developed, Medium Intensity",#eb0000,2003
Georgia,Class_23,1253.85,"Developed, Medium Intensity",#eb0000,2003
South Carolina,Class_23,667.41,"Developed, Medium Intensity",#eb0000,2003
Virginia,Class_23,1183.11,"Developed, Medium Intensity",#eb0000,2003
District of Columbia,Class_23,69.76,"Developed, Medium Intensity",#eb0000,2003
Alabama,Class_23,786.98,"Developed, Medium Intensity",#eb0000,2003
Tennessee,Class_23,971.68,"Developed, Medium Intensity",#eb0000,2003
Kentucky,Class_23,758.9,"Developed, Medium Intensity",#eb0000,2003
Mississippi,Class_23,444.05,"Developed, Medium Intensity",#eb0000,2003
Louisiana,Class_23,950.84,"Developed, Medium Intensity",#eb0000,2003
Texas,Class_23,6117.32,"Developed, Medium Intensity",#eb0000,2003
Oklahoma,Class_23,1005.18,"Developed, Medium Intensity",#eb0000,2003
Arkansas,Class_23,510.17,"Developed, Medium Intensity",#eb0000,2003
West Virginia,Class_24,53.93,"Developed, High Intensity",#ab0000,2003
Florida,Class_24,536.85,"Developed, High Intensity",#ab0000,2003
Maryland,Class_24,200.49,"Developed, High Intensity",#ab0000,2003
North Carolina,Class_24,322.67,"Developed, High Intensity",#ab0000,2003
Delaware,Class_24,46.13,"Developed, High Intensity",#ab0000,2003
Georgia,Class_24,400.77,"Developed, High Intensity",#ab0000,2003
South Carolina,Class_24,197.52,"Developed, High Intensity",#ab0000,2003
Virginia,Class_24,280.35,"Developed, High Intensity",#ab0000,2003
District of Columbia,Class_24,18.25,"Developed, High Intensity",#ab0000,2003
Alabama,Class_24,181.31,"Developed, High Intensity",#ab0000,2003
Tennessee,Class_24,287.1,"Developed, High Intensity",#ab0000,2003
Kentucky,Class_24,185.26,"Developed, High Intensity",#ab0000,2003
Mississippi,Class_24,92.45,"Developed, High Intensity",#ab0000,2003
Louisiana,Class_24,227.86,"Developed, High Intensity",#ab0000,2003
Texas,Class_24,1127.84,"Developed, High Intensity",#ab0000,2003
Oklahoma,Class_24,209.32,"Developed, High Intensity",#ab0000,2003
Arkansas,Class_24,131.45,"Developed, High Intensity",#ab0000,2003
West Virginia,Class_90,70.21,Woody Wetlands,#b8d9eb,2003
Florida,Class_90,39995.97,Woody Wetlands,#b8d9eb,2003
Maryland,Class_90,2817.01,Woody Wetlands,#b8d9eb,2003
North Carolina,Class_90,19488.1,Woody Wetlands,#b8d9eb,2003
Delaware,Class_90,1000.75,Woody Wetlands,#b8d9eb,2003
Georgia,Class_90,26099.6,Woody Wetlands,#b8d9eb,2003
South Carolina,Class_90,17636.71,Woody Wetlands,#b8d9eb,2003
Virginia,Class_90,5286.83,Woody Wetlands,#b8d9eb,2003
District of Columbia,Class_90,1.89,Woody Wetlands,#b8d9eb,2003
Alabama,Class_90,17069.04,Woody Wetlands,#b8d9eb,2003
Tennessee,Class_90,3387.29,Woody Wetlands,#b8d9eb,2003
Kentucky,Class_90,1299.3,Woody Wetlands,#b8d9eb,2003
Mississippi,Class_90,22595.22,Woody Wetlands,#b8d9eb,2003
Louisiana,Class_90,28422.47,Woody Wetlands,#b8d9eb,2003
Texas,Class_90,19763.86,Woody Wetlands,#b8d9eb,2003
Oklahoma,Class_90,1347.04,Woody Wetlands,#b8d9eb,2003
Arkansas,Class_90,14177.85,Woody Wetlands,#b8d9eb,2003
West Virginia,Class_81,5619.8,Pasture/Hay,#dcd939,2004
Florida,Class_81,19315.0,Pasture/Hay,#dcd939,2004
Maryland,Class_81,2798.14,Pasture/Hay,#dcd939,2004
North Carolina,Class_81,12418.72,Pasture/Hay,#dcd939,2004
Delaware,Class_81,42.17,Pasture/Hay,#dcd939,2004
Georgia,Class_81,12672.37,Pasture/Hay,#dcd939,2004
South Carolina,Class_81,6339.43,Pasture/Hay,#dcd939,2004
Virginia,Class_81,18220.19,Pasture/Hay,#dcd939,2004
District of Columbia,Class_81,0.07,Pasture/Hay,#dcd939,2004
Alabama,Class_81,23986.51,Pasture/Hay,#dcd939,2004
Tennessee,Class_81,26582.71,Pasture/Hay,#dcd939,2004
Kentucky,Class_81,29214.98,Pasture/Hay,#dcd939,2004
Mississippi,Class_81,21290.27,Pasture/Hay,#dcd939,2004
Louisiana,Class_81,11503.76,Pasture/Hay,#dcd939,2004
Texas,Class_81,82969.24,Pasture/Hay,#dcd939,2004
Oklahoma,Class_81,22867.03,Pasture/Hay,#dcd939,2004
Arkansas,Class_81,21743.13,Pasture/Hay,#dcd939,2004
West Virginia,Class_71,351.48,Grassland/Herbaceous,#dfdfc2,2004
Florida,Class_71,3085.56,Grassland/Herbaceous,#dfdfc2,2004
Maryland,Class_71,38.38,Grassland/Herbaceous,#dfdfc2,2004
North Carolina,Class_71,2072.86,Grassland/Herbaceous,#dfdfc2,2004
Delaware,Class_71,20.72,Grassland/Herbaceous,#dfdfc2,2004
Georgia,Class_71,4004.24,Grassland/Herbaceous,#dfdfc2,2004
South Carolina,Class_71,2142.88,Grassland/Herbaceous,#dfdfc2,2004
Virginia,Class_71,1857.19,Grassland/Herbaceous,#dfdfc2,2004
District of Columbia,Class_71,0.0,Grassland/Herbaceous,#dfdfc2,2004
Alabama,Class_71,4438.98,Grassland/Herbaceous,#dfdfc2,2004
Tennessee,Class_71,986.15,Grassland/Herbaceous,#dfdfc2,2004
Kentucky,Class_71,255.18,Grassland/Herbaceous,#dfdfc2,2004
Mississippi,Class_71,2278.38,Grassland/Herbaceous,#dfdfc2,2004
Louisiana,Class_71,2335.55,Grassland/Herbaceous,#dfdfc2,2004
Texas,Class_71,81358.94,Grassland/Herbaceous,#dfdfc2,2004
Oklahoma,Class_71,69562.24,Grassland/Herbaceous,#dfdfc2,2004
Arkansas,Class_71,1956.23,Grassland/Herbaceous,#dfdfc2,2004
West Virginia,Class_82,247.16,Cultivated Crops,#ab6c28,2004
Florida,Class_82,10574.87,Cultivated Crops,#ab6c28,2004
Maryland,Class_82,5797.88,Cultivated Crops,#ab6c28,2004
North Carolina,Class_82,19897.33,Cultivated Crops,#ab6c28,2004
Delaware,Class_82,2316.12,Cultivated Crops,#ab6c28,2004
Georgia,Class_82,21714.12,Cultivated Crops,#ab6c28,2004
South Carolina,Class_82,9221.81,Cultivated Crops,#ab6c28,2004
Virginia,Class_82,5909.16,Cultivated Crops,#ab6c28,2004
District of Columbia,Class_82,0.0,Cultivated Crops,#ab6c28,2004
Alabama,Class_82,6239.38,Cultivated Crops,#ab6c28,2004
Tennessee,Class_82,11104.2,Cultivated Crops,#ab6c28,2004
Kentucky,Class_82,11156.34,Cultivated Crops,#ab6c28,2004
Mississippi,Class_82,17242.91,Cultivated Crops,#ab6c28,2004
Louisiana,Class_82,19206.45,Cultivated Crops,#ab6c28,2004
Texas,Class_82,85285.33,Cultivated Crops,#ab6c28,2004
Oklahoma,Class_82,32734.79,Cultivated Crops,#ab6c28,2004
Arkansas,Class_82,29616.77,Cultivated Crops,#ab6c28,2004
West Virginia,Class_95,32.99,Emergent Herbaceous Wetlands,#6c9fb8,2004
Florida,Class_95,14619.07,Emergent Herbaceous Wetlands,#6c9fb8,2004
Maryland,Class_95,785.58,Emergent Herbaceous Wetlands,#6c9fb8,2004
North Carolina,Class_95,1013.04,Emergent Herbaceous Wetlands,#6c9fb8,2004
Delaware,Class_95,323.89,Emergent Herbaceous Wetlands,#6c9fb8,2004
Georgia,Class_95,1749.22,Emergent Herbaceous Wetlands,#6c9fb8,2004
South Carolina,Class_95,1943.72,Emergent Herbaceous Wetlands,#6c9fb8,2004
Virginia,Class_95,794.65,Emergent Herbaceous Wetlands,#6c9fb8,2004
District of Columbia,Class_95,0.21,Emergent Herbaceous Wetlands,#6c9fb8,2004
Alabama,Class_95,181.66,Emergent Herbaceous Wetlands,#6c9fb8,2004
Tennessee,Class_95,133.04,Emergent Herbaceous Wetlands,#6c9fb8,2004
Kentucky,Class_95,136.09,Emergent Herbaceous Wetlands,#6c9fb8,2004
Mississippi,Class_95,455.78,Emergent Herbaceous Wetlands,#6c9fb8,2004
Louisiana,Class_95,12667.81,Emergent Herbaceous Wetlands,#6c9fb8,2004
Texas,Class_95,7371.23,Emergent Herbaceous Wetlands,#6c9fb8,2004
Oklahoma,Class_95,313.56,Emergent Herbaceous Wetlands,#6c9fb8,2004
Arkansas,Class_95,113.04,Emergent Herbaceous Wetlands,#6c9fb8,2004
West Virginia,Class_41,49187.72,Deciduous Forest,#68ab5f,2004
Florida,Class_41,6.67,Deciduous Forest,#68ab5f,2004
Maryland,Class_41,6342.17,Deciduous Forest,#68ab5f,2004
North Carolina,Class_41,26265.13,Deciduous Forest,#68ab5f,2004
Delaware,Class_41,196.79,Deciduous Forest,#68ab5f,2004
Georgia,Class_41,19901.44,Deciduous Forest,#68ab5f,2004
South Carolina,Class_41,6823.67,Deciduous Forest,#68ab5f,2004
Virginia,Class_41,35970.88,Deciduous Forest,#68ab5f,2004
District of Columbia,Class_41,12.7,Deciduous Forest,#68ab5f,2004
Alabama,Class_41,22794.95,Deciduous Forest,#68ab5f,2004
Tennessee,Class_41,44446.79,Deciduous Forest,#68ab5f,2004
Kentucky,Class_41,49266.75,Deciduous Forest,#68ab5f,2004
Mississippi,Class_41,11645.34,Deciduous Forest,#68ab5f,2004
Louisiana,Class_41,333.95,Deciduous Forest,#68ab5f,2004
Texas,Class_41,8425.37,Deciduous Forest,#68ab5f,2004
Oklahoma,Class_41,27689.66,Deciduous Forest,#68ab5f,2004
Arkansas,Class_41,26937.02,Deciduous Forest,#68ab5f,2004
West Virginia,Class_52,47.71,Shrub/Scrub,#ccb879,2004
Florida,Class_52,4468.7,Shrub/Scrub,#ccb879,2004
Maryland,Class_52,94.4,Shrub/Scrub,#ccb879,2004
North Carolina,Class_52,2311.28,Shrub/Scrub,#ccb879,2004
Delaware,Class_52,21.0,Shrub/Scrub,#ccb879,2004
Georgia,Class_52,3882.04,Shrub/Scrub,#ccb879,2004
South Carolina,Class_52,1885.38,Shrub/Scrub,#ccb879,2004
Virginia,Class_52,1323.18,Shrub/Scrub,#ccb879,2004
District of Columbia,Class_52,0.07,Shrub/Scrub,#ccb879,2004
Alabama,Class_52,6658.32,Shrub/Scrub,#ccb879,2004
Tennessee,Class_52,815.98,Shrub/Scrub,#ccb879,2004
Kentucky,Class_52,44.84,Shrub/Scrub,#ccb879,2004
Mississippi,Class_52,5144.34,Shrub/Scrub,#ccb879,2004
Louisiana,Class_52,3375.36,Shrub/Scrub,#ccb879,2004
Texas,Class_52,313861.9,Shrub/Scrub,#ccb879,2004
Oklahoma,Class_52,6167.37,Shrub/Scrub,#ccb879,2004
Arkansas,Class_52,2024.32,Shrub/Scrub,#ccb879,2004
West Virginia,Class_31,447.09,Barren Land,#b3ac9f,2004
Florida,Class_31,922.86,Barren Land,#b3ac9f,2004
Maryland,Class_31,118.72,Barren Land,#b3ac9f,2004
North Carolina,Class_31,364.54,Barren Land,#b3ac9f,2004
Delaware,Class_31,18.84,Barren Land,#b3ac9f,2004
Georgia,Class_31,374.43,Barren Land,#b3ac9f,2004
South Carolina,Class_31,201.18,Barren Land,#b3ac9f,2004
Virginia,Class_31,280.02,Barren Land,#b3ac9f,2004
District of Columbia,Class_31,0.0,Barren Land,#b3ac9f,2004
Alabama,Class_31,261.19,Barren Land,#b3ac9f,2004
Tennessee,Class_31,154.55,Barren Land,#b3ac9f,2004
Kentucky,Class_31,494.97,Barren Land,#b3ac9f,2004
Mississippi,Class_31,215.03,Barren Land,#b3ac9f,2004
Louisiana,Class_31,228.4,Barren Land,#b3ac9f,2004
Texas,Class_31,2063.76,Barren Land,#b3ac9f,2004
Oklahoma,Class_31,569.55,Barren Land,#b3ac9f,2004
Arkansas,Class_31,246.5,Barren Land,#b3ac9f,2004
West Virginia,Class_42,393.24,Evergreen Forest,#1c5f2c,2004
Florida,Class_42,28163.88,Evergreen Forest,#1c5f2c,2004
Maryland,Class_42,482.55,Evergreen Forest,#1c5f2c,2004
North Carolina,Class_42,17221.52,Evergreen Forest,#1c5f2c,2004
Delaware,Class_42,138.29,Evergreen Forest,#1c5f2c,2004
Georgia,Class_42,39040.69,Evergreen Forest,#1c5f2c,2004
South Carolina,Class_42,21467.42,Evergreen Forest,#1c5f2c,2004
Virginia,Class_42,8668.3,Evergreen Forest,#1c5f2c,2004
District of Columbia,Class_42,0.07,Evergreen Forest,#1c5f2c,2004
Alabama,Class_42,27550.56,Evergreen Forest,#1c5f2c,2004
Tennessee,Class_42,2503.98,Evergreen Forest,#1c5f2c,2004
Kentucky,Class_42,406.78,Evergreen Forest,#1c5f2c,2004
Mississippi,Class_42,22232.21,Evergreen Forest,#1c5f2c,2004
Louisiana,Class_42,25310.25,Evergreen Forest,#1c5f2c,2004
Texas,Class_42,36210.87,Evergreen Forest,#1c5f2c,2004
Oklahoma,Class_42,5212.05,Evergreen Forest,#1c5f2c,2004
Arkansas,Class_42,25721.99,Evergreen Forest,#1c5f2c,2004
West Virginia,Class_21,1704.62,"Developed, Open Space",#dec5c5,2004
Florida,Class_21,6471.05,"Developed, Open Space",#dec5c5,2004
Maryland,Class_21,1800.46,"Developed, Open Space",#dec5c5,2004
North Carolina,Class_21,6961.24,"Developed, Open Space",#dec5c5,2004
Delaware,Class_21,219.64,"Developed, Open Space",#dec5c5,2004
Georgia,Class_21,7817.46,"Developed, Open Space",#dec5c5,2004
South Carolina,Class_21,4033.43,"Developed, Open Space",#dec5c5,2004
Virginia,Class_21,4781.17,"Developed, Open Space",#dec5c5,2004
District of Columbia,Class_21,22.53,"Developed, Open Space",#dec5c5,2004
Alabama,Class_21,6492.79,"Developed, Open Space",#dec5c5,2004
Tennessee,Class_21,5375.68,"Developed, Open Space",#dec5c5,2004
Kentucky,Class_21,3626.99,"Developed, Open Space",#dec5c5,2004
Mississippi,Class_21,4866.37,"Developed, Open Space",#dec5c5,2004
Louisiana,Class_21,3154.51,"Developed, Open Space",#dec5c5,2004
Texas,Class_21,9956.74,"Developed, Open Space",#dec5c5,2004
Oklahoma,Class_21,4529.2,"Developed, Open Space",#dec5c5,2004
Arkansas,Class_21,3018.76,"Developed, Open Space",#dec5c5,2004
West Virginia,Class_43,3243.53,Mixed Forest,#b5c58f,2004
Florida,Class_43,171.39,Mixed Forest,#b5c58f,2004
Maryland,Class_43,1429.72,Mixed Forest,#b5c58f,2004
North Carolina,Class_43,11729.7,Mixed Forest,#b5c58f,2004
Delaware,Class_43,157.44,Mixed Forest,#b5c58f,2004
Georgia,Class_43,6414.07,Mixed Forest,#b5c58f,2004
South Carolina,Class_43,2665.68,Mixed Forest,#b5c58f,2004
Virginia,Class_43,15122.18,Mixed Forest,#b5c58f,2004
District of Columbia,Class_43,0.0,Mixed Forest,#b5c58f,2004
Alabama,Class_43,11984.86,Mixed Forest,#b5c58f,2004
Tennessee,Class_43,7349.14,Mixed Forest,#b5c58f,2004
Kentucky,Class_43,4303.17,Mixed Forest,#b5c58f,2004
Mississippi,Class_43,10915.97,Mixed Forest,#b5c58f,2004
Louisiana,Class_43,1311.48,Mixed Forest,#b5c58f,2004
Texas,Class_43,13377.46,Mixed Forest,#b5c58f,2004
Oklahoma,Class_43,3408.0,Mixed Forest,#b5c58f,2004
Arkansas,Class_43,6765.77,Mixed Forest,#b5c58f,2004
West Virginia,Class_11,420.06,Open Water,#466b9f,2004
Florida,Class_11,28798.32,Open Water,#466b9f,2004
Maryland,Class_11,7004.12,Open Water,#466b9f,2004
North Carolina,Class_11,13404.86,Open Water,#466b9f,2004
Delaware,Class_11,1393.15,Open Water,#466b9f,2004
Georgia,Class_11,3918.19,Open Water,#466b9f,2004
South Carolina,Class_11,4990.65,Open Water,#466b9f,2004
Virginia,Class_11,8431.45,Open Water,#466b9f,2004
District of Columbia,Class_11,17.65,Open Water,#466b9f,2004
Alabama,Class_11,4633.5,Open Water,#466b9f,2004
Tennessee,Class_11,2479.59,Open Water,#466b9f,2004
Kentucky,Class_11,1854.53,Open Water,#466b9f,2004
Mississippi,Class_11,4354.64,Open Water,#466b9f,2004
Louisiana,Class_11,22941.51,Open Water,#466b9f,2004
Texas,Class_11,16071.76,Open Water,#466b9f,2004
Oklahoma,Class_11,2984.19,Open Water,#466b9f,2004
Arkansas,Class_11,2962.06,Open Water,#466b9f,2004
West Virginia,Class_22,591.71,"Developed, Low Intensity",#d99282,2004
Florida,Class_22,8664.21,"Developed, Low Intensity",#d99282,2004
Maryland,Class_22,1605.28,"Developed, Low Intensity",#d99282,2004
North Carolina,Class_22,4591.75,"Developed, Low Intensity",#d99282,2004
Delaware,Class_22,365.4,"Developed, Low Intensity",#d99282,2004
Georgia,Class_22,4594.02,"Developed, Low Intensity",#d99282,2004
South Carolina,Class_22,2647.98,"Developed, Low Intensity",#d99282,2004
Virginia,Class_22,2607.25,"Developed, Low Intensity",#d99282,2004
District of Columbia,Class_22,33.6,"Developed, Low Intensity",#d99282,2004
Alabama,Class_22,2467.54,"Developed, Low Intensity",#d99282,2004
Tennessee,Class_22,2518.18,"Developed, Low Intensity",#d99282,2004
Kentucky,Class_22,1609.35,"Developed, Low Intensity",#d99282,2004
Mississippi,Class_22,1627.22,"Developed, Low Intensity",#d99282,2004
Louisiana,Class_22,2263.58,"Developed, Low Intensity",#d99282,2004
Texas,Class_22,11130.44,"Developed, Low Intensity",#d99282,2004
Oklahoma,Class_22,2401.76,"Developed, Low Intensity",#d99282,2004
Arkansas,Class_22,1766.19,"Developed, Low Intensity",#d99282,2004
West Virginia,Class_23,342.65,"Developed, Medium Intensity",#eb0000,2004
Florida,Class_23,4417.65,"Developed, Medium Intensity",#eb0000,2004
Maryland,Class_23,812.28,"Developed, Medium Intensity",#eb0000,2004
North Carolina,Class_23,1300.22,"Developed, Medium Intensity",#eb0000,2004
Delaware,Class_23,184.43,"Developed, Medium Intensity",#eb0000,2004
Georgia,Class_23,1341.48,"Developed, Medium Intensity",#eb0000,2004
South Carolina,Class_23,710.64,"Developed, Medium Intensity",#eb0000,2004
Virginia,Class_23,1244.41,"Developed, Medium Intensity",#eb0000,2004
District of Columbia,Class_23,69.97,"Developed, Medium Intensity",#eb0000,2004
Alabama,Class_23,827.82,"Developed, Medium Intensity",#eb0000,2004
Tennessee,Class_23,1018.88,"Developed, Medium Intensity",#eb0000,2004
Kentucky,Class_23,794.05,"Developed, Medium Intensity",#eb0000,2004
Mississippi,Class_23,470.51,"Developed, Medium Intensity",#eb0000,2004
Louisiana,Class_23,986.82,"Developed, Medium Intensity",#eb0000,2004
Texas,Class_23,6575.58,"Developed, Medium Intensity",#eb0000,2004
Oklahoma,Class_23,1041.92,"Developed, Medium Intensity",#eb0000,2004
Arkansas,Class_23,544.7,"Developed, Medium Intensity",#eb0000,2004
West Virginia,Class_24,55.12,"Developed, High Intensity",#ab0000,2004
Florida,Class_24,555.17,"Developed, High Intensity",#ab0000,2004
Maryland,Class_24,203.42,"Developed, High Intensity",#ab0000,2004
North Carolina,Class_24,333.41,"Developed, High Intensity",#ab0000,2004
Delaware,Class_24,46.4,"Developed, High Intensity",#ab0000,2004
Georgia,Class_24,412.53,"Developed, High Intensity",#ab0000,2004
South Carolina,Class_24,202.65,"Developed, High Intensity",#ab0000,2004
Virginia,Class_24,288.55,"Developed, High Intensity",#ab0000,2004
District of Columbia,Class_24,18.25,"Developed, High Intensity",#ab0000,2004
Alabama,Class_24,187.76,"Developed, High Intensity",#ab0000,2004
Tennessee,Class_24,293.81,"Developed, High Intensity",#ab0000,2004
Kentucky,Class_24,190.93,"Developed, High Intensity",#ab0000,2004
Mississippi,Class_24,97.96,"Developed, High Intensity",#ab0000,2004
Louisiana,Class_24,233.03,"Developed, High Intensity",#ab0000,2004
Texas,Class_24,1162.04,"Developed, High Intensity",#ab0000,2004
Oklahoma,Class_24,212.75,"Developed, High Intensity",#ab0000,2004
Arkansas,Class_24,135.13,"Developed, High Intensity",#ab0000,2004
West Virginia,Class_90,70.07,Woody Wetlands,#b8d9eb,2004
Florida,Class_90,39845.98,Woody Wetlands,#b8d9eb,2004
Maryland,Class_90,2816.11,Woody Wetlands,#b8d9eb,2004
North Carolina,Class_90,19498.28,Woody Wetlands,#b8d9eb,2004
Delaware,Class_90,1001.43,Woody Wetlands,#b8d9eb,2004
Georgia,Class_90,26067.87,Woody Wetlands,#b8d9eb,2004
South Carolina,Class_90,17632.77,Woody Wetlands,#b8d9eb,2004
Virginia,Class_90,5285.69,Woody Wetlands,#b8d9eb,2004
District of Columbia,Class_90,1.89,Woody Wetlands,#b8d9eb,2004
Alabama,Class_90,17059.96,Woody Wetlands,#b8d9eb,2004
Tennessee,Class_90,3389.22,Woody Wetlands,#b8d9eb,2004
Kentucky,Class_90,1299.34,Woody Wetlands,#b8d9eb,2004
Mississippi,Class_90,22601.08,Woody Wetlands,#b8d9eb,2004
Louisiana,Class_90,28400.53,Woody Wetlands,#b8d9eb,2004
Texas,Class_90,19700.46,Woody Wetlands,#b8d9eb,2004
Oklahoma,Class_90,1342.94,Woody Wetlands,#b8d9eb,2004
Arkansas,Class_90,14179.44,Woody Wetlands,#b8d9eb,2004
West Virginia,Class_81,5602.67,Pasture/Hay,#dcd939,2005
Florida,Class_81,19329.49,Pasture/Hay,#dcd939,2005
Maryland,Class_81,2787.42,Pasture/Hay,#dcd939,2005
North Carolina,Class_81,12399.86,Pasture/Hay,#dcd939,2005
Delaware,Class_81,42.3,Pasture/Hay,#dcd939,2005
Georgia,Class_81,12722.8,Pasture/Hay,#dcd939,2005
South Carolina,Class_81,6346.8,Pasture/Hay,#dcd939,2005
Virginia,Class_81,18192.42,Pasture/Hay,#dcd939,2005
District of Columbia,Class_81,0.07,Pasture/Hay,#dcd939,2005
Alabama,Class_81,23901.65,Pasture/Hay,#dcd939,2005
Tennessee,Class_81,26491.46,Pasture/Hay,#dcd939,2005
Kentucky,Class_81,29083.01,Pasture/Hay,#dcd939,2005
Mississippi,Class_81,21144.32,Pasture/Hay,#dcd939,2005
Louisiana,Class_81,11511.58,Pasture/Hay,#dcd939,2005
Texas,Class_81,83198.49,Pasture/Hay,#dcd939,2005
Oklahoma,Class_81,22896.9,Pasture/Hay,#dcd939,2005
Arkansas,Class_81,21807.39,Pasture/Hay,#dcd939,2005
West Virginia,Class_71,368.46,Grassland/Herbaceous,#dfdfc2,2005
Florida,Class_71,3039.56,Grassland/Herbaceous,#dfdfc2,2005
Maryland,Class_71,36.96,Grassland/Herbaceous,#dfdfc2,2005
North Carolina,Class_71,2104.43,Grassland/Herbaceous,#dfdfc2,2005
Delaware,Class_71,20.05,Grassland/Herbaceous,#dfdfc2,2005
Georgia,Class_71,3993.47,Grassland/Herbaceous,#dfdfc2,2005
South Carolina,Class_71,2081.42,Grassland/Herbaceous,#dfdfc2,2005
Virginia,Class_71,1819.66,Grassland/Herbaceous,#dfdfc2,2005
District of Columbia,Class_71,0.0,Grassland/Herbaceous,#dfdfc2,2005
Alabama,Class_71,4789.82,Grassland/Herbaceous,#dfdfc2,2005
Tennessee,Class_71,1011.15,Grassland/Herbaceous,#dfdfc2,2005
Kentucky,Class_71,291.81,Grassland/Herbaceous,#dfdfc2,2005
Mississippi,Class_71,2680.21,Grassland/Herbaceous,#dfdfc2,2005
Louisiana,Class_71,2576.3,Grassland/Herbaceous,#dfdfc2,2005
Texas,Class_71,81347.69,Grassland/Herbaceous,#dfdfc2,2005
Oklahoma,Class_71,69705.62,Grassland/Herbaceous,#dfdfc2,2005
Arkansas,Class_71,2216.95,Grassland/Herbaceous,#dfdfc2,2005
West Virginia,Class_82,245.0,Cultivated Crops,#ab6c28,2005
Florida,Class_82,10398.78,Cultivated Crops,#ab6c28,2005
Maryland,Class_82,5762.52,Cultivated Crops,#ab6c28,2005
North Carolina,Class_82,19825.04,Cultivated Crops,#ab6c28,2005
Delaware,Class_82,2298.22,Cultivated Crops,#ab6c28,2005
Georgia,Class_82,21558.4,Cultivated Crops,#ab6c28,2005
South Carolina,Class_82,9141.47,Cultivated Crops,#ab6c28,2005
Virginia,Class_82,5886.13,Cultivated Crops,#ab6c28,2005
District of Columbia,Class_82,0.0,Cultivated Crops,#ab6c28,2005
Alabama,Class_82,6168.52,Cultivated Crops,#ab6c28,2005
Tennessee,Class_82,11124.32,Cultivated Crops,#ab6c28,2005
Kentucky,Class_82,11232.77,Cultivated Crops,#ab6c28,2005
Mississippi,Class_82,17265.93,Cultivated Crops,#ab6c28,2005
Louisiana,Class_82,19146.58,Cultivated Crops,#ab6c28,2005
Texas,Class_82,84680.07,Cultivated Crops,#ab6c28,2005
Oklahoma,Class_82,32478.75,Cultivated Crops,#ab6c28,2005
Arkansas,Class_82,29581.39,Cultivated Crops,#ab6c28,2005
West Virginia,Class_95,32.85,Emergent Herbaceous Wetlands,#6c9fb8,2005
Florida,Class_95,14517.43,Emergent Herbaceous Wetlands,#6c9fb8,2005
Maryland,Class_95,782.78,Emergent Herbaceous Wetlands,#6c9fb8,2005
North Carolina,Class_95,1014.27,Emergent Herbaceous Wetlands,#6c9fb8,2005
Delaware,Class_95,323.73,Emergent Herbaceous Wetlands,#6c9fb8,2005
Georgia,Class_95,1762.09,Emergent Herbaceous Wetlands,#6c9fb8,2005
South Carolina,Class_95,1945.54,Emergent Herbaceous Wetlands,#6c9fb8,2005
Virginia,Class_95,787.94,Emergent Herbaceous Wetlands,#6c9fb8,2005
District of Columbia,Class_95,0.21,Emergent Herbaceous Wetlands,#6c9fb8,2005
Alabama,Class_95,192.89,Emergent Herbaceous Wetlands,#6c9fb8,2005
Tennessee,Class_95,136.1,Emergent Herbaceous Wetlands,#6c9fb8,2005
Kentucky,Class_95,137.8,Emergent Herbaceous Wetlands,#6c9fb8,2005
Mississippi,Class_95,472.66,Emergent Herbaceous Wetlands,#6c9fb8,2005
Louisiana,Class_95,12667.08,Emergent Herbaceous Wetlands,#6c9fb8,2005
Texas,Class_95,7411.56,Emergent Herbaceous Wetlands,#6c9fb8,2005
Oklahoma,Class_95,321.72,Emergent Herbaceous Wetlands,#6c9fb8,2005
Arkansas,Class_95,126.71,Emergent Herbaceous Wetlands,#6c9fb8,2005
West Virginia,Class_41,49149.4,Deciduous Forest,#68ab5f,2005
Florida,Class_41,6.12,Deciduous Forest,#68ab5f,2005
Maryland,Class_41,6326.5,Deciduous Forest,#68ab5f,2005
North Carolina,Class_41,26142.13,Deciduous Forest,#68ab5f,2005
Delaware,Class_41,195.17,Deciduous Forest,#68ab5f,2005
Georgia,Class_41,19764.3,Deciduous Forest,#68ab5f,2005
South Carolina,Class_41,6793.81,Deciduous Forest,#68ab5f,2005
Virginia,Class_41,35863.56,Deciduous Forest,#68ab5f,2005
District of Columbia,Class_41,12.77,Deciduous Forest,#68ab5f,2005
Alabama,Class_41,22553.33,Deciduous Forest,#68ab5f,2005
Tennessee,Class_41,44303.11,Deciduous Forest,#68ab5f,2005
Kentucky,Class_41,49191.5,Deciduous Forest,#68ab5f,2005
Mississippi,Class_41,11530.91,Deciduous Forest,#68ab5f,2005
Louisiana,Class_41,328.49,Deciduous Forest,#68ab5f,2005
Texas,Class_41,8508.52,Deciduous Forest,#68ab5f,2005
Oklahoma,Class_41,27783.07,Deciduous Forest,#68ab5f,2005
Arkansas,Class_41,26832.1,Deciduous Forest,#68ab5f,2005
West Virginia,Class_52,55.35,Shrub/Scrub,#ccb879,2005
Florida,Class_52,4453.32,Shrub/Scrub,#ccb879,2005
Maryland,Class_52,96.14,Shrub/Scrub,#ccb879,2005
North Carolina,Class_52,2352.37,Shrub/Scrub,#ccb879,2005
Delaware,Class_52,19.7,Shrub/Scrub,#ccb879,2005
Georgia,Class_52,3795.52,Shrub/Scrub,#ccb879,2005
South Carolina,Class_52,1868.99,Shrub/Scrub,#ccb879,2005
Virginia,Class_52,1374.78,Shrub/Scrub,#ccb879,2005
District of Columbia,Class_52,0.07,Shrub/Scrub,#ccb879,2005
Alabama,Class_52,6449.14,Shrub/Scrub,#ccb879,2005
Tennessee,Class_52,818.29,Shrub/Scrub,#ccb879,2005
Kentucky,Class_52,42.67,Shrub/Scrub,#ccb879,2005
Mississippi,Class_52,4742.28,Shrub/Scrub,#ccb879,2005
Louisiana,Class_52,3249.57,Shrub/Scrub,#ccb879,2005
Texas,Class_52,313770.61,Shrub/Scrub,#ccb879,2005
Oklahoma,Class_52,6151.14,Shrub/Scrub,#ccb879,2005
Arkansas,Class_52,2091.82,Shrub/Scrub,#ccb879,2005
West Virginia,Class_31,456.43,Barren Land,#b3ac9f,2005
Florida,Class_31,928.17,Barren Land,#b3ac9f,2005
Maryland,Class_31,120.24,Barren Land,#b3ac9f,2005
North Carolina,Class_31,366.35,Barren Land,#b3ac9f,2005
Delaware,Class_31,19.19,Barren Land,#b3ac9f,2005
Georgia,Class_31,380.84,Barren Land,#b3ac9f,2005
South Carolina,Class_31,201.68,Barren Land,#b3ac9f,2005
Virginia,Class_31,286.59,Barren Land,#b3ac9f,2005
District of Columbia,Class_31,0.0,Barren Land,#b3ac9f,2005
Alabama,Class_31,268.77,Barren Land,#b3ac9f,2005
Tennessee,Class_31,174.17,Barren Land,#b3ac9f,2005
Kentucky,Class_31,519.04,Barren Land,#b3ac9f,2005
Mississippi,Class_31,251.74,Barren Land,#b3ac9f,2005
Louisiana,Class_31,248.93,Barren Land,#b3ac9f,2005
Texas,Class_31,2018.2,Barren Land,#b3ac9f,2005
Oklahoma,Class_31,576.08,Barren Land,#b3ac9f,2005
Arkansas,Class_31,291.34,Barren Land,#b3ac9f,2005
West Virginia,Class_42,395.76,Evergreen Forest,#1c5f2c,2005
Florida,Class_42,28123.67,Evergreen Forest,#1c5f2c,2005
Maryland,Class_42,486.36,Evergreen Forest,#1c5f2c,2005
North Carolina,Class_42,17197.27,Evergreen Forest,#1c5f2c,2005
Delaware,Class_42,140.6,Evergreen Forest,#1c5f2c,2005
Georgia,Class_42,39125.3,Evergreen Forest,#1c5f2c,2005
South Carolina,Class_42,21534.19,Evergreen Forest,#1c5f2c,2005
Virginia,Class_42,8760.2,Evergreen Forest,#1c5f2c,2005
District of Columbia,Class_42,0.07,Evergreen Forest,#1c5f2c,2005
Alabama,Class_42,27754.13,Evergreen Forest,#1c5f2c,2005
Tennessee,Class_42,2557.99,Evergreen Forest,#1c5f2c,2005
Kentucky,Class_42,401.46,Evergreen Forest,#1c5f2c,2005
Mississippi,Class_42,22545.34,Evergreen Forest,#1c5f2c,2005
Louisiana,Class_42,25198.31,Evergreen Forest,#1c5f2c,2005
Texas,Class_42,36254.21,Evergreen Forest,#1c5f2c,2005
Oklahoma,Class_42,5171.0,Evergreen Forest,#1c5f2c,2005
Arkansas,Class_42,25418.49,Evergreen Forest,#1c5f2c,2005
West Virginia,Class_21,1718.02,"Developed, Open Space",#dec5c5,2005
Florida,Class_21,6335.2,"Developed, Open Space",#dec5c5,2005
Maryland,Class_21,1820.68,"Developed, Open Space",#dec5c5,2005
North Carolina,Class_21,7005.8,"Developed, Open Space",#dec5c5,2005
Delaware,Class_21,220.27,"Developed, Open Space",#dec5c5,2005
Georgia,Class_21,7883.76,"Developed, Open Space",#dec5c5,2005
South Carolina,Class_21,4043.97,"Developed, Open Space",#dec5c5,2005
Virginia,Class_21,4808.17,"Developed, Open Space",#dec5c5,2005
District of Columbia,Class_21,22.23,"Developed, Open Space",#dec5c5,2005
Alabama,Class_21,6519.76,"Developed, Open Space",#dec5c5,2005
Tennessee,Class_21,5457.76,"Developed, Open Space",#dec5c5,2005
Kentucky,Class_21,3681.85,"Developed, Open Space",#dec5c5,2005
Mississippi,Class_21,4895.97,"Developed, Open Space",#dec5c5,2005
Louisiana,Class_21,3172.28,"Developed, Open Space",#dec5c5,2005
Texas,Class_21,10014.21,"Developed, Open Space",#dec5c5,2005
Oklahoma,Class_21,4549.36,"Developed, Open Space",#dec5c5,2005
Arkansas,Class_21,3031.67,"Developed, Open Space",#dec5c5,2005
West Virginia,Class_43,3237.69,Mixed Forest,#b5c58f,2005
Florida,Class_43,172.39,Mixed Forest,#b5c58f,2005
Maryland,Class_43,1426.24,Mixed Forest,#b5c58f,2005
North Carolina,Class_43,11671.29,Mixed Forest,#b5c58f,2005
Delaware,Class_43,155.13,Mixed Forest,#b5c58f,2005
Georgia,Class_43,6411.17,Mixed Forest,#b5c58f,2005
South Carolina,Class_43,2664.95,Mixed Forest,#b5c58f,2005
Virginia,Class_43,15052.77,Mixed Forest,#b5c58f,2005
District of Columbia,Class_43,0.0,Mixed Forest,#b5c58f,2005
Alabama,Class_43,11925.6,Mixed Forest,#b5c58f,2005
Tennessee,Class_43,7329.71,Mixed Forest,#b5c58f,2005
Kentucky,Class_43,4295.19,Mixed Forest,#b5c58f,2005
Mississippi,Class_43,10799.49,Mixed Forest,#b5c58f,2005
Louisiana,Class_43,1303.91,Mixed Forest,#b5c58f,2005
Texas,Class_43,13328.45,Mixed Forest,#b5c58f,2005
Oklahoma,Class_43,3407.79,Mixed Forest,#b5c58f,2005
Arkansas,Class_43,6781.39,Mixed Forest,#b5c58f,2005
West Virginia,Class_11,417.25,Open Water,#466b9f,2005
Florida,Class_11,28986.45,Open Water,#466b9f,2005
Maryland,Class_11,7008.19,Open Water,#466b9f,2005
North Carolina,Class_11,13403.25,Open Water,#466b9f,2005
Delaware,Class_11,1393.63,Open Water,#466b9f,2005
Georgia,Class_11,3936.39,Open Water,#466b9f,2005
South Carolina,Class_11,5013.35,Open Water,#466b9f,2005
Virginia,Class_11,8434.01,Open Water,#466b9f,2005
District of Columbia,Class_11,17.79,Open Water,#466b9f,2005
Alabama,Class_11,4636.57,Open Water,#466b9f,2005
Tennessee,Class_11,2445.51,Open Water,#466b9f,2005
Kentucky,Class_11,1832.0,Open Water,#466b9f,2005
Mississippi,Class_11,4254.79,Open Water,#466b9f,2005
Louisiana,Class_11,22895.21,Open Water,#466b9f,2005
Texas,Class_11,16014.68,Open Water,#466b9f,2005
Oklahoma,Class_11,2946.17,Open Water,#466b9f,2005
Arkansas,Class_11,2839.84,Open Water,#466b9f,2005
West Virginia,Class_22,600.21,"Developed, Low Intensity",#d99282,2005
Florida,Class_22,8924.6,"Developed, Low Intensity",#d99282,2005
Maryland,Class_22,1625.15,"Developed, Low Intensity",#d99282,2005
North Carolina,Class_22,4715.99,"Developed, Low Intensity",#d99282,2005
Delaware,Class_22,378.99,"Developed, Low Intensity",#d99282,2005
Georgia,Class_22,4737.21,"Developed, Low Intensity",#d99282,2005
South Carolina,Class_22,2707.95,"Developed, Low Intensity",#d99282,2005
Virginia,Class_22,2651.53,"Developed, Low Intensity",#d99282,2005
District of Columbia,Class_22,33.62,"Developed, Low Intensity",#d99282,2005
Alabama,Class_22,2526.63,"Developed, Low Intensity",#d99282,2005
Tennessee,Class_22,2570.09,"Developed, Low Intensity",#d99282,2005
Kentucky,Class_22,1640.3,"Developed, Low Intensity",#d99282,2005
Mississippi,Class_22,1672.82,"Developed, Low Intensity",#d99282,2005
Louisiana,Class_22,2319.58,"Developed, Low Intensity",#d99282,2005
Texas,Class_22,11317.72,"Developed, Low Intensity",#d99282,2005
Oklahoma,Class_22,2433.22,"Developed, Low Intensity",#d99282,2005
Arkansas,Class_22,1808.56,"Developed, Low Intensity",#d99282,2005
West Virginia,Class_23,349.54,"Developed, Medium Intensity",#eb0000,2005
Florida,Class_23,4616.08,"Developed, Medium Intensity",#eb0000,2005
Maryland,Class_23,831.13,"Developed, Medium Intensity",#eb0000,2005
North Carolina,Class_23,1352.82,"Developed, Medium Intensity",#eb0000,2005
Delaware,Class_23,189.04,"Developed, Medium Intensity",#eb0000,2005
Georgia,Class_23,1389.2,"Developed, Medium Intensity",#eb0000,2005
South Carolina,Class_23,738.86,"Developed, Medium Intensity",#eb0000,2005
Virginia,Class_23,1284.87,"Developed, Medium Intensity",#eb0000,2005
District of Columbia,Class_23,70.04,"Developed, Medium Intensity",#eb0000,2005
Alabama,Class_23,858.58,"Developed, Medium Intensity",#eb0000,2005
Tennessee,Class_23,1046.88,"Developed, Medium Intensity",#eb0000,2005
Kentucky,Class_23,810.95,"Developed, Medium Intensity",#eb0000,2005
Mississippi,Class_23,488.95,"Developed, Medium Intensity",#eb0000,2005
Louisiana,Class_23,1014.99,"Developed, Medium Intensity",#eb0000,2005
Texas,Class_23,6822.63,"Developed, Medium Intensity",#eb0000,2005
Oklahoma,Class_23,1058.59,"Developed, Medium Intensity",#eb0000,2005
Arkansas,Class_23,569.51,"Developed, Medium Intensity",#eb0000,2005
West Virginia,Class_24,56.23,"Developed, High Intensity",#ab0000,2005
Florida,Class_24,564.97,"Developed, High Intensity",#ab0000,2005
Maryland,Class_24,205.71,"Developed, High Intensity",#ab0000,2005
North Carolina,Class_24,340.13,"Developed, High Intensity",#ab0000,2005
Delaware,Class_24,47.03,"Developed, High Intensity",#ab0000,2005
Georgia,Class_24,423.26,"Developed, High Intensity",#ab0000,2005
South Carolina,Class_24,205.85,"Developed, High Intensity",#ab0000,2005
Virginia,Class_24,293.52,"Developed, High Intensity",#ab0000,2005
District of Columbia,Class_24,18.25,"Developed, High Intensity",#ab0000,2005
Alabama,Class_24,190.4,"Developed, High Intensity",#ab0000,2005
Tennessee,Class_24,296.5,"Developed, High Intensity",#ab0000,2005
Kentucky,Class_24,193.01,"Developed, High Intensity",#ab0000,2005
Mississippi,Class_24,100.05,"Developed, High Intensity",#ab0000,2005
Louisiana,Class_24,235.12,"Developed, High Intensity",#ab0000,2005
Texas,Class_24,1189.87,"Developed, High Intensity",#ab0000,2005
Oklahoma,Class_24,215.3,"Developed, High Intensity",#ab0000,2005
Arkansas,Class_24,136.74,"Developed, High Intensity",#ab0000,2005
West Virginia,Class_90,70.07,Woody Wetlands,#b8d9eb,2005
Florida,Class_90,39684.14,Woody Wetlands,#b8d9eb,2005
Maryland,Class_90,2813.17,Woody Wetlands,#b8d9eb,2005
North Carolina,Class_90,19492.86,Woody Wetlands,#b8d9eb,2005
Delaware,Class_90,1002.65,Woody Wetlands,#b8d9eb,2005
Georgia,Class_90,26020.47,Woody Wetlands,#b8d9eb,2005
South Carolina,Class_90,17620.46,Woody Wetlands,#b8d9eb,2005
Virginia,Class_90,5288.12,Woody Wetlands,#b8d9eb,2005
District of Columbia,Class_90,1.89,Woody Wetlands,#b8d9eb,2005
Alabama,Class_90,17029.98,Woody Wetlands,#b8d9eb,2005
Tennessee,Class_90,3388.87,Woody Wetlands,#b8d9eb,2005
Kentucky,Class_90,1300.94,Woody Wetlands,#b8d9eb,2005
Mississippi,Class_90,22592.55,Woody Wetlands,#b8d9eb,2005
Louisiana,Class_90,28385.09,Woody Wetlands,#b8d9eb,2005
Texas,Class_90,19644.19,Woody Wetlands,#b8d9eb,2005
Oklahoma,Class_90,1342.29,Woody Wetlands,#b8d9eb,2005
Arkansas,Class_90,14197.15,Woody Wetlands,#b8d9eb,2005
West Virginia,Class_81,5591.73,Pasture/Hay,#dcd939,2006
Florida,Class_81,19392.67,Pasture/Hay,#dcd939,2006
Maryland,Class_81,2802.42,Pasture/Hay,#dcd939,2006
North Carolina,Class_81,12414.01,Pasture/Hay,#dcd939,2006
Delaware,Class_81,41.96,Pasture/Hay,#dcd939,2006
Georgia,Class_81,12726.68,Pasture/Hay,#dcd939,2006
South Carolina,Class_81,6362.44,Pasture/Hay,#dcd939,2006
Virginia,Class_81,18184.96,Pasture/Hay,#dcd939,2006
District of Columbia,Class_81,0.07,Pasture/Hay,#dcd939,2006
Alabama,Class_81,23851.4,Pasture/Hay,#dcd939,2006
Tennessee,Class_81,26449.46,Pasture/Hay,#dcd939,2006
Kentucky,Class_81,28991.3,Pasture/Hay,#dcd939,2006
Mississippi,Class_81,21029.77,Pasture/Hay,#dcd939,2006
Louisiana,Class_81,11525.06,Pasture/Hay,#dcd939,2006
Texas,Class_81,83708.29,Pasture/Hay,#dcd939,2006
Oklahoma,Class_81,22820.09,Pasture/Hay,#dcd939,2006
Arkansas,Class_81,21854.26,Pasture/Hay,#dcd939,2006
West Virginia,Class_71,395.72,Grassland/Herbaceous,#dfdfc2,2006
Florida,Class_71,3152.49,Grassland/Herbaceous,#dfdfc2,2006
Maryland,Class_71,38.12,Grassland/Herbaceous,#dfdfc2,2006
North Carolina,Class_71,2234.92,Grassland/Herbaceous,#dfdfc2,2006
Delaware,Class_71,17.53,Grassland/Herbaceous,#dfdfc2,2006
Georgia,Class_71,4132.27,Grassland/Herbaceous,#dfdfc2,2006
South Carolina,Class_71,2103.75,Grassland/Herbaceous,#dfdfc2,2006
Virginia,Class_71,1935.55,Grassland/Herbaceous,#dfdfc2,2006
District of Columbia,Class_71,0.0,Grassland/Herbaceous,#dfdfc2,2006
Alabama,Class_71,5145.49,Grassland/Herbaceous,#dfdfc2,2006
Tennessee,Class_71,1047.36,Grassland/Herbaceous,#dfdfc2,2006
Kentucky,Class_71,322.52,Grassland/Herbaceous,#dfdfc2,2006
Mississippi,Class_71,3100.26,Grassland/Herbaceous,#dfdfc2,2006
Louisiana,Class_71,2709.86,Grassland/Herbaceous,#dfdfc2,2006
Texas,Class_71,81845.81,Grassland/Herbaceous,#dfdfc2,2006
Oklahoma,Class_71,70210.38,Grassland/Herbaceous,#dfdfc2,2006
Arkansas,Class_71,2268.43,Grassland/Herbaceous,#dfdfc2,2006
West Virginia,Class_82,242.65,Cultivated Crops,#ab6c28,2006
Florida,Class_82,10214.64,Cultivated Crops,#ab6c28,2006
Maryland,Class_82,5711.34,Cultivated Crops,#ab6c28,2006
North Carolina,Class_82,19721.21,Cultivated Crops,#ab6c28,2006
Delaware,Class_82,2277.97,Cultivated Crops,#ab6c28,2006
Georgia,Class_82,21446.61,Cultivated Crops,#ab6c28,2006
South Carolina,Class_82,9080.16,Cultivated Crops,#ab6c28,2006
Virginia,Class_82,5844.61,Cultivated Crops,#ab6c28,2006
District of Columbia,Class_82,0.0,Cultivated Crops,#ab6c28,2006
Alabama,Class_82,6085.37,Cultivated Crops,#ab6c28,2006
Tennessee,Class_82,11102.69,Cultivated Crops,#ab6c28,2006
Kentucky,Class_82,11279.48,Cultivated Crops,#ab6c28,2006
Mississippi,Class_82,17294.83,Cultivated Crops,#ab6c28,2006
Louisiana,Class_82,19047.4,Cultivated Crops,#ab6c28,2006
Texas,Class_82,84337.45,Cultivated Crops,#ab6c28,2006
Oklahoma,Class_82,32163.1,Cultivated Crops,#ab6c28,2006
Arkansas,Class_82,29519.6,Cultivated Crops,#ab6c28,2006
West Virginia,Class_95,32.57,Emergent Herbaceous Wetlands,#6c9fb8,2006
Florida,Class_95,14611.32,Emergent Herbaceous Wetlands,#6c9fb8,2006
Maryland,Class_95,783.13,Emergent Herbaceous Wetlands,#6c9fb8,2006
North Carolina,Class_95,1019.7,Emergent Herbaceous Wetlands,#6c9fb8,2006
Delaware,Class_95,323.32,Emergent Herbaceous Wetlands,#6c9fb8,2006
Georgia,Class_95,1783.68,Emergent Herbaceous Wetlands,#6c9fb8,2006
South Carolina,Class_95,1958.79,Emergent Herbaceous Wetlands,#6c9fb8,2006
Virginia,Class_95,791.25,Emergent Herbaceous Wetlands,#6c9fb8,2006
District of Columbia,Class_95,0.21,Emergent Herbaceous Wetlands,#6c9fb8,2006
Alabama,Class_95,205.66,Emergent Herbaceous Wetlands,#6c9fb8,2006
Tennessee,Class_95,139.31,Emergent Herbaceous Wetlands,#6c9fb8,2006
Kentucky,Class_95,137.48,Emergent Herbaceous Wetlands,#6c9fb8,2006
Mississippi,Class_95,496.09,Emergent Herbaceous Wetlands,#6c9fb8,2006
Louisiana,Class_95,12600.73,Emergent Herbaceous Wetlands,#6c9fb8,2006
Texas,Class_95,7593.18,Emergent Herbaceous Wetlands,#6c9fb8,2006
Oklahoma,Class_95,350.98,Emergent Herbaceous Wetlands,#6c9fb8,2006
Arkansas,Class_95,131.41,Emergent Herbaceous Wetlands,#6c9fb8,2006
West Virginia,Class_41,49113.34,Deciduous Forest,#68ab5f,2006
Florida,Class_41,5.89,Deciduous Forest,#68ab5f,2006
Maryland,Class_41,6311.99,Deciduous Forest,#68ab5f,2006
North Carolina,Class_41,26012.76,Deciduous Forest,#68ab5f,2006
Delaware,Class_41,194.01,Deciduous Forest,#68ab5f,2006
Georgia,Class_41,19653.71,Deciduous Forest,#68ab5f,2006
South Carolina,Class_41,6759.26,Deciduous Forest,#68ab5f,2006
Virginia,Class_41,35750.81,Deciduous Forest,#68ab5f,2006
District of Columbia,Class_41,12.69,Deciduous Forest,#68ab5f,2006
Alabama,Class_41,22299.25,Deciduous Forest,#68ab5f,2006
Tennessee,Class_41,44141.71,Deciduous Forest,#68ab5f,2006
Kentucky,Class_41,49137.68,Deciduous Forest,#68ab5f,2006
Mississippi,Class_41,11428.74,Deciduous Forest,#68ab5f,2006
Louisiana,Class_41,321.16,Deciduous Forest,#68ab5f,2006
Texas,Class_41,8447.11,Deciduous Forest,#68ab5f,2006
Oklahoma,Class_41,27796.25,Deciduous Forest,#68ab5f,2006
Arkansas,Class_41,26734.8,Deciduous Forest,#68ab5f,2006
West Virginia,Class_52,61.65,Shrub/Scrub,#ccb879,2006
Florida,Class_52,4300.84,Shrub/Scrub,#ccb879,2006
Maryland,Class_52,93.05,Shrub/Scrub,#ccb879,2006
North Carolina,Class_52,2342.59,Shrub/Scrub,#ccb879,2006
Delaware,Class_52,20.26,Shrub/Scrub,#ccb879,2006
Georgia,Class_52,3568.69,Shrub/Scrub,#ccb879,2006
South Carolina,Class_52,1846.2,Shrub/Scrub,#ccb879,2006
Virginia,Class_52,1373.85,Shrub/Scrub,#ccb879,2006
District of Columbia,Class_52,0.0,Shrub/Scrub,#ccb879,2006
Alabama,Class_52,6119.46,Shrub/Scrub,#ccb879,2006
Tennessee,Class_52,819.89,Shrub/Scrub,#ccb879,2006
Kentucky,Class_52,43.55,Shrub/Scrub,#ccb879,2006
Mississippi,Class_52,4338.74,Shrub/Scrub,#ccb879,2006
Louisiana,Class_52,3172.9,Shrub/Scrub,#ccb879,2006
Texas,Class_52,312855.51,Shrub/Scrub,#ccb879,2006
Oklahoma,Class_52,6065.06,Shrub/Scrub,#ccb879,2006
Arkansas,Class_52,2271.06,Shrub/Scrub,#ccb879,2006
West Virginia,Class_31,463.48,Barren Land,#b3ac9f,2006
Florida,Class_31,962.85,Barren Land,#b3ac9f,2006
Maryland,Class_31,122.61,Barren Land,#b3ac9f,2006
North Carolina,Class_31,370.16,Barren Land,#b3ac9f,2006
Delaware,Class_31,18.91,Barren Land,#b3ac9f,2006
Georgia,Class_31,403.95,Barren Land,#b3ac9f,2006
South Carolina,Class_31,211.69,Barren Land,#b3ac9f,2006
Virginia,Class_31,292.97,Barren Land,#b3ac9f,2006
District of Columbia,Class_31,0.0,Barren Land,#b3ac9f,2006
Alabama,Class_31,284.08,Barren Land,#b3ac9f,2006
Tennessee,Class_31,185.48,Barren Land,#b3ac9f,2006
Kentucky,Class_31,531.87,Barren Land,#b3ac9f,2006
Mississippi,Class_31,276.43,Barren Land,#b3ac9f,2006
Louisiana,Class_31,255.47,Barren Land,#b3ac9f,2006
Texas,Class_31,2037.34,Barren Land,#b3ac9f,2006
Oklahoma,Class_31,624.66,Barren Land,#b3ac9f,2006
Arkansas,Class_31,294.4,Barren Land,#b3ac9f,2006
West Virginia,Class_42,395.55,Evergreen Forest,#1c5f2c,2006
Florida,Class_42,28044.88,Evergreen Forest,#1c5f2c,2006
Maryland,Class_42,491.27,Evergreen Forest,#1c5f2c,2006
North Carolina,Class_42,17149.22,Evergreen Forest,#1c5f2c,2006
Delaware,Class_42,141.19,Evergreen Forest,#1c5f2c,2006
Georgia,Class_42,39276.61,Evergreen Forest,#1c5f2c,2006
South Carolina,Class_42,21523.46,Evergreen Forest,#1c5f2c,2006
Virginia,Class_42,8807.1,Evergreen Forest,#1c5f2c,2006
District of Columbia,Class_42,0.07,Evergreen Forest,#1c5f2c,2006
Alabama,Class_42,28156.13,Evergreen Forest,#1c5f2c,2006
Tennessee,Class_42,2622.15,Evergreen Forest,#1c5f2c,2006
Kentucky,Class_42,399.05,Evergreen Forest,#1c5f2c,2006
Mississippi,Class_42,22856.47,Evergreen Forest,#1c5f2c,2006
Louisiana,Class_42,25113.01,Evergreen Forest,#1c5f2c,2006
Texas,Class_42,36467.35,Evergreen Forest,#1c5f2c,2006
Oklahoma,Class_42,5161.77,Evergreen Forest,#1c5f2c,2006
Arkansas,Class_42,25229.31,Evergreen Forest,#1c5f2c,2006
West Virginia,Class_21,1729.02,"Developed, Open Space",#dec5c5,2006
Florida,Class_21,6235.98,"Developed, Open Space",#dec5c5,2006
Maryland,Class_21,1827.87,"Developed, Open Space",#dec5c5,2006
North Carolina,Class_21,7040.39,"Developed, Open Space",#dec5c5,2006
Delaware,Class_21,221.94,"Developed, Open Space",#dec5c5,2006
Georgia,Class_21,7927.64,"Developed, Open Space",#dec5c5,2006
South Carolina,Class_21,4063.56,"Developed, Open Space",#dec5c5,2006
Virginia,Class_21,4829.81,"Developed, Open Space",#dec5c5,2006
District of Columbia,Class_21,22.59,"Developed, Open Space",#dec5c5,2006
Alabama,Class_21,6553.4,"Developed, Open Space",#dec5c5,2006
Tennessee,Class_21,5519.93,"Developed, Open Space",#dec5c5,2006
Kentucky,Class_21,3710.3,"Developed, Open Space",#dec5c5,2006
Mississippi,Class_21,4925.53,"Developed, Open Space",#dec5c5,2006
Louisiana,Class_21,3214.55,"Developed, Open Space",#dec5c5,2006
Texas,Class_21,10088.17,"Developed, Open Space",#dec5c5,2006
Oklahoma,Class_21,4570.7,"Developed, Open Space",#dec5c5,2006
Arkansas,Class_21,3042.83,"Developed, Open Space",#dec5c5,2006
West Virginia,Class_43,3229.08,Mixed Forest,#b5c58f,2006
Florida,Class_43,180.28,Mixed Forest,#b5c58f,2006
Maryland,Class_43,1422.04,Mixed Forest,#b5c58f,2006
North Carolina,Class_43,11595.08,Mixed Forest,#b5c58f,2006
Delaware,Class_43,155.06,Mixed Forest,#b5c58f,2006
Georgia,Class_43,6383.57,Mixed Forest,#b5c58f,2006
South Carolina,Class_43,2655.82,Mixed Forest,#b5c58f,2006
Virginia,Class_43,14938.45,Mixed Forest,#b5c58f,2006
District of Columbia,Class_43,0.0,Mixed Forest,#b5c58f,2006
Alabama,Class_43,11814.13,Mixed Forest,#b5c58f,2006
Tennessee,Class_43,7314.33,Mixed Forest,#b5c58f,2006
Kentucky,Class_43,4286.4,Mixed Forest,#b5c58f,2006
Mississippi,Class_43,10662.26,Mixed Forest,#b5c58f,2006
Louisiana,Class_43,1311.5,Mixed Forest,#b5c58f,2006
Texas,Class_43,13165.09,Mixed Forest,#b5c58f,2006
Oklahoma,Class_43,3389.72,Mixed Forest,#b5c58f,2006
Arkansas,Class_43,6777.65,Mixed Forest,#b5c58f,2006
West Virginia,Class_11,411.89,Open Water,#466b9f,2006
Florida,Class_11,28861.61,Open Water,#466b9f,2006
Maryland,Class_11,7005.67,Open Water,#466b9f,2006
North Carolina,Class_11,13405.84,Open Water,#466b9f,2006
Delaware,Class_11,1393.66,Open Water,#466b9f,2006
Georgia,Class_11,3839.27,Open Water,#466b9f,2006
South Carolina,Class_11,4982.2,Open Water,#466b9f,2006
Virginia,Class_11,8428.45,Open Water,#466b9f,2006
District of Columbia,Class_11,17.45,Open Water,#466b9f,2006
Alabama,Class_11,4584.76,Open Water,#466b9f,2006
Tennessee,Class_11,2413.07,Open Water,#466b9f,2006
Kentucky,Class_11,1817.71,Open Water,#466b9f,2006
Mississippi,Class_11,4141.93,Open Water,#466b9f,2006
Louisiana,Class_11,23009.52,Open Water,#466b9f,2006
Texas,Class_11,15597.08,Open Water,#466b9f,2006
Oklahoma,Class_11,2795.83,Open Water,#466b9f,2006
Arkansas,Class_11,2839.61,Open Water,#466b9f,2006
West Virginia,Class_22,604.8,"Developed, Low Intensity",#d99282,2006
Florida,Class_22,9170.54,"Developed, Low Intensity",#d99282,2006
Maryland,Class_22,1647.38,"Developed, Low Intensity",#d99282,2006
North Carolina,Class_22,4835.81,"Developed, Low Intensity",#d99282,2006
Delaware,Class_22,393.92,"Developed, Low Intensity",#d99282,2006
Georgia,Class_22,4908.13,"Developed, Low Intensity",#d99282,2006
South Carolina,Class_22,2788.45,"Developed, Low Intensity",#d99282,2006
Virginia,Class_22,2695.87,"Developed, Low Intensity",#d99282,2006
District of Columbia,Class_22,33.75,"Developed, Low Intensity",#d99282,2006
Alabama,Class_22,2590.86,"Developed, Low Intensity",#d99282,2006
Tennessee,Class_22,2629.26,"Developed, Low Intensity",#d99282,2006
Kentucky,Class_22,1672.37,"Developed, Low Intensity",#d99282,2006
Mississippi,Class_22,1728.28,"Developed, Low Intensity",#d99282,2006
Louisiana,Class_22,2375.62,"Developed, Low Intensity",#d99282,2006
Texas,Class_22,11539.82,"Developed, Low Intensity",#d99282,2006
Oklahoma,Class_22,2460.94,"Developed, Low Intensity",#d99282,2006
Arkansas,Class_22,1842.79,"Developed, Low Intensity",#d99282,2006
West Virginia,Class_23,356.18,"Developed, Medium Intensity",#eb0000,2006
Florida,Class_23,4796.32,"Developed, Medium Intensity",#eb0000,2006
Maryland,Class_23,850.96,"Developed, Medium Intensity",#eb0000,2006
North Carolina,Class_23,1406.83,"Developed, Medium Intensity",#eb0000,2006
Delaware,Class_23,196.28,"Developed, Medium Intensity",#eb0000,2006
Georgia,Class_23,1429.89,"Developed, Medium Intensity",#eb0000,2006
South Carolina,Class_23,769.54,"Developed, Medium Intensity",#eb0000,2006
Virginia,Class_23,1328.21,"Developed, Medium Intensity",#eb0000,2006
District of Columbia,Class_23,70.04,"Developed, Medium Intensity",#eb0000,2006
Alabama,Class_23,881.19,"Developed, Medium Intensity",#eb0000,2006
Tennessee,Class_23,1079.05,"Developed, Medium Intensity",#eb0000,2006
Kentucky,Class_23,828.62,"Developed, Medium Intensity",#eb0000,2006
Mississippi,Class_23,505.87,"Developed, Medium Intensity",#eb0000,2006
Louisiana,Class_23,1043.2,"Developed, Medium Intensity",#eb0000,2006
Texas,Class_23,7082.88,"Developed, Medium Intensity",#eb0000,2006
Oklahoma,Class_23,1083.14,"Developed, Medium Intensity",#eb0000,2006
Arkansas,Class_23,595.82,"Developed, Medium Intensity",#eb0000,2006
West Virginia,Class_24,57.28,"Developed, High Intensity",#ab0000,2006
Florida,Class_24,578.06,"Developed, High Intensity",#ab0000,2006
Maryland,Class_24,207.8,"Developed, High Intensity",#ab0000,2006
North Carolina,Class_24,344.89,"Developed, High Intensity",#ab0000,2006
Delaware,Class_24,47.8,"Developed, High Intensity",#ab0000,2006
Georgia,Class_24,433.76,"Developed, High Intensity",#ab0000,2006
South Carolina,Class_24,210.69,"Developed, High Intensity",#ab0000,2006
Virginia,Class_24,299.49,"Developed, High Intensity",#ab0000,2006
District of Columbia,Class_24,18.25,"Developed, High Intensity",#ab0000,2006
Alabama,Class_24,194.07,"Developed, High Intensity",#ab0000,2006
Tennessee,Class_24,300.68,"Developed, High Intensity",#ab0000,2006
Kentucky,Class_24,195.77,"Developed, High Intensity",#ab0000,2006
Mississippi,Class_24,103.34,"Developed, High Intensity",#ab0000,2006
Louisiana,Class_24,238.35,"Developed, High Intensity",#ab0000,2006
Texas,Class_24,1216.57,"Developed, High Intensity",#ab0000,2006
Oklahoma,Class_24,216.48,"Developed, High Intensity",#ab0000,2006
Arkansas,Class_24,140.1,"Developed, High Intensity",#ab0000,2006
West Virginia,Class_90,70.0,Woody Wetlands,#b8d9eb,2006
Florida,Class_90,39572.02,Woody Wetlands,#b8d9eb,2006
Maryland,Class_90,2813.55,Woody Wetlands,#b8d9eb,2006
North Carolina,Class_90,19490.45,Woody Wetlands,#b8d9eb,2006
Delaware,Class_90,1001.9,Woody Wetlands,#b8d9eb,2006
Georgia,Class_90,25989.73,Woody Wetlands,#b8d9eb,2006
South Carolina,Class_90,17593.31,Woody Wetlands,#b8d9eb,2006
Virginia,Class_90,5282.89,Woody Wetlands,#b8d9eb,2006
District of Columbia,Class_90,1.89,Woody Wetlands,#b8d9eb,2006
Alabama,Class_90,17000.55,Woody Wetlands,#b8d9eb,2006
Tennessee,Class_90,3387.53,Woody Wetlands,#b8d9eb,2006
Kentucky,Class_90,1300.2,Woody Wetlands,#b8d9eb,2006
Mississippi,Class_90,22549.47,Woody Wetlands,#b8d9eb,2006
Louisiana,Class_90,28314.66,Woody Wetlands,#b8d9eb,2006
Texas,Class_90,19539.46,Woody Wetlands,#b8d9eb,2006
Oklahoma,Class_90,1327.91,Woody Wetlands,#b8d9eb,2006
Arkansas,Class_90,14188.99,Woody Wetlands,#b8d9eb,2006
West Virginia,Class_81,5579.91,Pasture/Hay,#dcd939,2007
Florida,Class_81,19493.04,Pasture/Hay,#dcd939,2007
Maryland,Class_81,2801.55,Pasture/Hay,#dcd939,2007
North Carolina,Class_81,12414.35,Pasture/Hay,#dcd939,2007
Delaware,Class_81,41.96,Pasture/Hay,#dcd939,2007
Georgia,Class_81,12759.09,Pasture/Hay,#dcd939,2007
South Carolina,Class_81,6366.73,Pasture/Hay,#dcd939,2007
Virginia,Class_81,18172.51,Pasture/Hay,#dcd939,2007
District of Columbia,Class_81,0.07,Pasture/Hay,#dcd939,2007
Alabama,Class_81,23767.36,Pasture/Hay,#dcd939,2007
Tennessee,Class_81,26357.04,Pasture/Hay,#dcd939,2007
Kentucky,Class_81,28849.21,Pasture/Hay,#dcd939,2007
Mississippi,Class_81,20911.71,Pasture/Hay,#dcd939,2007
Louisiana,Class_81,11569.41,Pasture/Hay,#dcd939,2007
Texas,Class_81,83738.93,Pasture/Hay,#dcd939,2007
Oklahoma,Class_81,22888.28,Pasture/Hay,#dcd939,2007
Arkansas,Class_81,21870.23,Pasture/Hay,#dcd939,2007
West Virginia,Class_71,443.34,Grassland/Herbaceous,#dfdfc2,2007
Florida,Class_71,3323.64,Grassland/Herbaceous,#dfdfc2,2007
Maryland,Class_71,38.41,Grassland/Herbaceous,#dfdfc2,2007
North Carolina,Class_71,2492.23,Grassland/Herbaceous,#dfdfc2,2007
Delaware,Class_71,18.93,Grassland/Herbaceous,#dfdfc2,2007
Georgia,Class_71,4594.27,Grassland/Herbaceous,#dfdfc2,2007
South Carolina,Class_71,2199.55,Grassland/Herbaceous,#dfdfc2,2007
Virginia,Class_71,2119.03,Grassland/Herbaceous,#dfdfc2,2007
District of Columbia,Class_71,0.0,Grassland/Herbaceous,#dfdfc2,2007
Alabama,Class_71,5737.65,Grassland/Herbaceous,#dfdfc2,2007
Tennessee,Class_71,1163.15,Grassland/Herbaceous,#dfdfc2,2007
Kentucky,Class_71,386.65,Grassland/Herbaceous,#dfdfc2,2007
Mississippi,Class_71,3418.71,Grassland/Herbaceous,#dfdfc2,2007
Louisiana,Class_71,2721.05,Grassland/Herbaceous,#dfdfc2,2007
Texas,Class_71,81615.92,Grassland/Herbaceous,#dfdfc2,2007
Oklahoma,Class_71,70166.22,Grassland/Herbaceous,#dfdfc2,2007
Arkansas,Class_71,2347.14,Grassland/Herbaceous,#dfdfc2,2007
West Virginia,Class_82,236.39,Cultivated Crops,#ab6c28,2007
Florida,Class_82,10055.81,Cultivated Crops,#ab6c28,2007
Maryland,Class_82,5671.63,Cultivated Crops,#ab6c28,2007
North Carolina,Class_82,19606.82,Cultivated Crops,#ab6c28,2007
Delaware,Class_82,2261.18,Cultivated Crops,#ab6c28,2007
Georgia,Class_82,21283.66,Cultivated Crops,#ab6c28,2007
South Carolina,Class_82,8997.28,Cultivated Crops,#ab6c28,2007
Virginia,Class_82,5800.98,Cultivated Crops,#ab6c28,2007
District of Columbia,Class_82,0.0,Cultivated Crops,#ab6c28,2007
Alabama,Class_82,6032.28,Cultivated Crops,#ab6c28,2007
Tennessee,Class_82,11123.9,Cultivated Crops,#ab6c28,2007
Kentucky,Class_82,11382.82,Cultivated Crops,#ab6c28,2007
Mississippi,Class_82,17309.52,Cultivated Crops,#ab6c28,2007
Louisiana,Class_82,18934.81,Cultivated Crops,#ab6c28,2007
Texas,Class_82,83590.86,Cultivated Crops,#ab6c28,2007
Oklahoma,Class_82,31777.76,Cultivated Crops,#ab6c28,2007
Arkansas,Class_82,29475.04,Cultivated Crops,#ab6c28,2007
West Virginia,Class_95,32.5,Emergent Herbaceous Wetlands,#6c9fb8,2007
Florida,Class_95,14759.02,Emergent Herbaceous Wetlands,#6c9fb8,2007
Maryland,Class_95,785.94,Emergent Herbaceous Wetlands,#6c9fb8,2007
North Carolina,Class_95,1036.17,Emergent Herbaceous Wetlands,#6c9fb8,2007
Delaware,Class_95,323.74,Emergent Herbaceous Wetlands,#6c9fb8,2007
Georgia,Class_95,1823.26,Emergent Herbaceous Wetlands,#6c9fb8,2007
South Carolina,Class_95,1964.37,Emergent Herbaceous Wetlands,#6c9fb8,2007
Virginia,Class_95,792.84,Emergent Herbaceous Wetlands,#6c9fb8,2007
District of Columbia,Class_95,0.14,Emergent Herbaceous Wetlands,#6c9fb8,2007
Alabama,Class_95,206.97,Emergent Herbaceous Wetlands,#6c9fb8,2007
Tennessee,Class_95,142.43,Emergent Herbaceous Wetlands,#6c9fb8,2007
Kentucky,Class_95,142.01,Emergent Herbaceous Wetlands,#6c9fb8,2007
Mississippi,Class_95,489.99,Emergent Herbaceous Wetlands,#6c9fb8,2007
Louisiana,Class_95,12598.92,Emergent Herbaceous Wetlands,#6c9fb8,2007
Texas,Class_95,7403.54,Emergent Herbaceous Wetlands,#6c9fb8,2007
Oklahoma,Class_95,302.62,Emergent Herbaceous Wetlands,#6c9fb8,2007
Arkansas,Class_95,129.37,Emergent Herbaceous Wetlands,#6c9fb8,2007
West Virginia,Class_41,49053.72,Deciduous Forest,#68ab5f,2007
Florida,Class_41,4.8,Deciduous Forest,#68ab5f,2007
Maryland,Class_41,6301.14,Deciduous Forest,#68ab5f,2007
North Carolina,Class_41,25851.09,Deciduous Forest,#68ab5f,2007
Delaware,Class_41,192.77,Deciduous Forest,#68ab5f,2007
Georgia,Class_41,19552.2,Deciduous Forest,#68ab5f,2007
South Carolina,Class_41,6716.87,Deciduous Forest,#68ab5f,2007
Virginia,Class_41,35629.38,Deciduous Forest,#68ab5f,2007
District of Columbia,Class_41,12.7,Deciduous Forest,#68ab5f,2007
Alabama,Class_41,22035.54,Deciduous Forest,#68ab5f,2007
Tennessee,Class_41,43974.26,Deciduous Forest,#68ab5f,2007
Kentucky,Class_41,49066.58,Deciduous Forest,#68ab5f,2007
Mississippi,Class_41,11316.96,Deciduous Forest,#68ab5f,2007
Louisiana,Class_41,315.09,Deciduous Forest,#68ab5f,2007
Texas,Class_41,8563.04,Deciduous Forest,#68ab5f,2007
Oklahoma,Class_41,27897.18,Deciduous Forest,#68ab5f,2007
Arkansas,Class_41,26650.73,Deciduous Forest,#68ab5f,2007
West Virginia,Class_52,68.0,Shrub/Scrub,#ccb879,2007
Florida,Class_52,4058.7,Shrub/Scrub,#ccb879,2007
Maryland,Class_52,90.93,Shrub/Scrub,#ccb879,2007
North Carolina,Class_52,2193.17,Shrub/Scrub,#ccb879,2007
Delaware,Class_52,20.13,Shrub/Scrub,#ccb879,2007
Georgia,Class_52,3148.94,Shrub/Scrub,#ccb879,2007
South Carolina,Class_52,1669.38,Shrub/Scrub,#ccb879,2007
Virginia,Class_52,1304.35,Shrub/Scrub,#ccb879,2007
District of Columbia,Class_52,0.0,Shrub/Scrub,#ccb879,2007
Alabama,Class_52,5691.42,Shrub/Scrub,#ccb879,2007
Tennessee,Class_52,734.42,Shrub/Scrub,#ccb879,2007
Kentucky,Class_52,45.28,Shrub/Scrub,#ccb879,2007
Mississippi,Class_52,4087.51,Shrub/Scrub,#ccb879,2007
Louisiana,Class_52,3208.82,Shrub/Scrub,#ccb879,2007
Texas,Class_52,312782.93,Shrub/Scrub,#ccb879,2007
Oklahoma,Class_52,6121.67,Shrub/Scrub,#ccb879,2007
Arkansas,Class_52,2459.34,Shrub/Scrub,#ccb879,2007
West Virginia,Class_31,465.26,Barren Land,#b3ac9f,2007
Florida,Class_31,992.2,Barren Land,#b3ac9f,2007
Maryland,Class_31,123.13,Barren Land,#b3ac9f,2007
North Carolina,Class_31,379.47,Barren Land,#b3ac9f,2007
Delaware,Class_31,18.77,Barren Land,#b3ac9f,2007
Georgia,Class_31,429.45,Barren Land,#b3ac9f,2007
South Carolina,Class_31,229.19,Barren Land,#b3ac9f,2007
Virginia,Class_31,303.55,Barren Land,#b3ac9f,2007
District of Columbia,Class_31,0.0,Barren Land,#b3ac9f,2007
Alabama,Class_31,294.88,Barren Land,#b3ac9f,2007
Tennessee,Class_31,225.75,Barren Land,#b3ac9f,2007
Kentucky,Class_31,545.89,Barren Land,#b3ac9f,2007
Mississippi,Class_31,286.94,Barren Land,#b3ac9f,2007
Louisiana,Class_31,240.93,Barren Land,#b3ac9f,2007
Texas,Class_31,1935.41,Barren Land,#b3ac9f,2007
Oklahoma,Class_31,553.4,Barren Land,#b3ac9f,2007
Arkansas,Class_31,254.49,Barren Land,#b3ac9f,2007
West Virginia,Class_42,396.32,Evergreen Forest,#1c5f2c,2007
Florida,Class_42,28008.33,Evergreen Forest,#1c5f2c,2007
Maryland,Class_42,494.54,Evergreen Forest,#1c5f2c,2007
North Carolina,Class_42,17178.15,Evergreen Forest,#1c5f2c,2007
Delaware,Class_42,141.74,Evergreen Forest,#1c5f2c,2007
Georgia,Class_42,39265.9,Evergreen Forest,#1c5f2c,2007
South Carolina,Class_42,21633.99,Evergreen Forest,#1c5f2c,2007
Virginia,Class_42,8881.81,Evergreen Forest,#1c5f2c,2007
District of Columbia,Class_42,0.07,Evergreen Forest,#1c5f2c,2007
Alabama,Class_42,28457.85,Evergreen Forest,#1c5f2c,2007
Tennessee,Class_42,2695.54,Evergreen Forest,#1c5f2c,2007
Kentucky,Class_42,390.72,Evergreen Forest,#1c5f2c,2007
Mississippi,Class_42,23129.4,Evergreen Forest,#1c5f2c,2007
Louisiana,Class_42,25083.96,Evergreen Forest,#1c5f2c,2007
Texas,Class_42,36663.1,Evergreen Forest,#1c5f2c,2007
Oklahoma,Class_42,5144.91,Evergreen Forest,#1c5f2c,2007
Arkansas,Class_42,25013.86,Evergreen Forest,#1c5f2c,2007
West Virginia,Class_21,1738.48,"Developed, Open Space",#dec5c5,2007
Florida,Class_21,6094.44,"Developed, Open Space",#dec5c5,2007
Maryland,Class_21,1845.74,"Developed, Open Space",#dec5c5,2007
North Carolina,Class_21,7109.74,"Developed, Open Space",#dec5c5,2007
Delaware,Class_21,222.54,"Developed, Open Space",#dec5c5,2007
Georgia,Class_21,7989.67,"Developed, Open Space",#dec5c5,2007
South Carolina,Class_21,4082.84,"Developed, Open Space",#dec5c5,2007
Virginia,Class_21,4852.33,"Developed, Open Space",#dec5c5,2007
District of Columbia,Class_21,22.44,"Developed, Open Space",#dec5c5,2007
Alabama,Class_21,6575.89,"Developed, Open Space",#dec5c5,2007
Tennessee,Class_21,5584.82,"Developed, Open Space",#dec5c5,2007
Kentucky,Class_21,3751.2,"Developed, Open Space",#dec5c5,2007
Mississippi,Class_21,4926.57,"Developed, Open Space",#dec5c5,2007
Louisiana,Class_21,3215.11,"Developed, Open Space",#dec5c5,2007
Texas,Class_21,10062.31,"Developed, Open Space",#dec5c5,2007
Oklahoma,Class_21,4565.79,"Developed, Open Space",#dec5c5,2007
Arkansas,Class_21,3038.52,"Developed, Open Space",#dec5c5,2007
West Virginia,Class_43,3224.95,Mixed Forest,#b5c58f,2007
Florida,Class_43,186.29,Mixed Forest,#b5c58f,2007
Maryland,Class_43,1419.25,Mixed Forest,#b5c58f,2007
North Carolina,Class_43,11496.47,Mixed Forest,#b5c58f,2007
Delaware,Class_43,153.83,Mixed Forest,#b5c58f,2007
Georgia,Class_43,6354.42,Mixed Forest,#b5c58f,2007
South Carolina,Class_43,2642.9,Mixed Forest,#b5c58f,2007
Virginia,Class_43,14828.28,Mixed Forest,#b5c58f,2007
District of Columbia,Class_43,0.0,Mixed Forest,#b5c58f,2007
Alabama,Class_43,11669.76,Mixed Forest,#b5c58f,2007
Tennessee,Class_43,7298.04,Mixed Forest,#b5c58f,2007
Kentucky,Class_43,4271.53,Mixed Forest,#b5c58f,2007
Mississippi,Class_43,10561.47,Mixed Forest,#b5c58f,2007
Louisiana,Class_43,1307.94,Mixed Forest,#b5c58f,2007
Texas,Class_43,13123.64,Mixed Forest,#b5c58f,2007
Oklahoma,Class_43,3391.59,Mixed Forest,#b5c58f,2007
Arkansas,Class_43,6747.18,Mixed Forest,#b5c58f,2007
West Virginia,Class_11,410.02,Open Water,#466b9f,2007
Florida,Class_11,28643.42,Open Water,#466b9f,2007
Maryland,Class_11,7000.61,Open Water,#466b9f,2007
North Carolina,Class_11,13377.1,Open Water,#466b9f,2007
Delaware,Class_11,1392.81,Open Water,#466b9f,2007
Georgia,Class_11,3787.27,Open Water,#466b9f,2007
South Carolina,Class_11,4959.48,Open Water,#466b9f,2007
Virginia,Class_11,8407.59,Open Water,#466b9f,2007
District of Columbia,Class_11,17.66,Open Water,#466b9f,2007
Alabama,Class_11,4542.52,Open Water,#466b9f,2007
Tennessee,Class_11,2346.63,Open Water,#466b9f,2007
Kentucky,Class_11,1774.96,Open Water,#466b9f,2007
Mississippi,Class_11,4043.07,Open Water,#466b9f,2007
Louisiana,Class_11,23001.32,Open Water,#466b9f,2007
Texas,Class_11,16231.69,Open Water,#466b9f,2007
Oklahoma,Class_11,3089.88,Open Water,#466b9f,2007
Arkansas,Class_11,2922.55,Open Water,#466b9f,2007
West Virginia,Class_22,613.02,"Developed, Low Intensity",#d99282,2007
Florida,Class_22,9373.76,"Developed, Low Intensity",#d99282,2007
Maryland,Class_22,1659.93,"Developed, Low Intensity",#d99282,2007
North Carolina,Class_22,4952.68,"Developed, Low Intensity",#d99282,2007
Delaware,Class_22,405.14,"Developed, Low Intensity",#d99282,2007
Georgia,Class_22,5051.02,"Developed, Low Intensity",#d99282,2007
South Carolina,Class_22,2850.61,"Developed, Low Intensity",#d99282,2007
Virginia,Class_22,2727.2,"Developed, Low Intensity",#d99282,2007
District of Columbia,Class_22,33.5,"Developed, Low Intensity",#d99282,2007
Alabama,Class_22,2667.72,"Developed, Low Intensity",#d99282,2007
Tennessee,Class_22,2700.85,"Developed, Low Intensity",#d99282,2007
Kentucky,Class_22,1700.72,"Developed, Low Intensity",#d99282,2007
Mississippi,Class_22,1780.2,"Developed, Low Intensity",#d99282,2007
Louisiana,Class_22,2425.03,"Developed, Low Intensity",#d99282,2007
Texas,Class_22,11735.26,"Developed, Low Intensity",#d99282,2007
Oklahoma,Class_22,2490.34,"Developed, Low Intensity",#d99282,2007
Arkansas,Class_22,1879.58,"Developed, Low Intensity",#d99282,2007
West Virginia,Class_23,364.77,"Developed, Medium Intensity",#eb0000,2007
Florida,Class_23,4940.69,"Developed, Medium Intensity",#eb0000,2007
Maryland,Class_23,871.56,"Developed, Medium Intensity",#eb0000,2007
North Carolina,Class_23,1460.01,"Developed, Medium Intensity",#eb0000,2007
Delaware,Class_23,201.4,"Developed, Medium Intensity",#eb0000,2007
Georgia,Class_23,1492.56,"Developed, Medium Intensity",#eb0000,2007
South Carolina,Class_23,800.46,"Developed, Medium Intensity",#eb0000,2007
Virginia,Class_23,1370.71,"Developed, Medium Intensity",#eb0000,2007
District of Columbia,Class_23,70.29,"Developed, Medium Intensity",#eb0000,2007
Alabama,Class_23,908.23,"Developed, Medium Intensity",#eb0000,2007
Tennessee,Class_23,1112.33,"Developed, Medium Intensity",#eb0000,2007
Kentucky,Class_23,851.45,"Developed, Medium Intensity",#eb0000,2007
Mississippi,Class_23,520.8,"Developed, Medium Intensity",#eb0000,2007
Louisiana,Class_23,1077.74,"Developed, Medium Intensity",#eb0000,2007
Texas,Class_23,7334.14,"Developed, Medium Intensity",#eb0000,2007
Oklahoma,Class_23,1105.41,"Developed, Medium Intensity",#eb0000,2007
Arkansas,Class_23,613.88,"Developed, Medium Intensity",#eb0000,2007
West Virginia,Class_24,57.97,"Developed, High Intensity",#ab0000,2007
Florida,Class_24,590.15,"Developed, High Intensity",#ab0000,2007
Maryland,Class_24,210.67,"Developed, High Intensity",#ab0000,2007
North Carolina,Class_24,350.67,"Developed, High Intensity",#ab0000,2007
Delaware,Class_24,48.21,"Developed, High Intensity",#ab0000,2007
Georgia,Class_24,445.99,"Developed, High Intensity",#ab0000,2007
South Carolina,Class_24,216.2,"Developed, High Intensity",#ab0000,2007
Virginia,Class_24,305.31,"Developed, High Intensity",#ab0000,2007
District of Columbia,Class_24,18.25,"Developed, High Intensity",#ab0000,2007
Alabama,Class_24,198.9,"Developed, High Intensity",#ab0000,2007
Tennessee,Class_24,305.46,"Developed, High Intensity",#ab0000,2007
Kentucky,Class_24,198.0,"Developed, High Intensity",#ab0000,2007
Mississippi,Class_24,105.63,"Developed, High Intensity",#ab0000,2007
Louisiana,Class_24,242.9,"Developed, High Intensity",#ab0000,2007
Texas,Class_24,1246.51,"Developed, High Intensity",#ab0000,2007
Oklahoma,Class_24,221.67,"Developed, High Intensity",#ab0000,2007
Arkansas,Class_24,142.96,"Developed, High Intensity",#ab0000,2007
West Virginia,Class_90,70.27,Woody Wetlands,#b8d9eb,2007
Florida,Class_90,39556.09,Woody Wetlands,#b8d9eb,2007
Maryland,Class_90,2814.18,Woody Wetlands,#b8d9eb,2007
North Carolina,Class_90,19485.77,Woody Wetlands,#b8d9eb,2007
Delaware,Class_90,1002.53,Woody Wetlands,#b8d9eb,2007
Georgia,Class_90,25926.49,Woody Wetlands,#b8d9eb,2007
South Carolina,Class_90,17579.46,Woody Wetlands,#b8d9eb,2007
Virginia,Class_90,5288.39,Woody Wetlands,#b8d9eb,2007
District of Columbia,Class_90,1.89,Woody Wetlands,#b8d9eb,2007
Alabama,Class_90,16978.79,Woody Wetlands,#b8d9eb,2007
Tennessee,Class_90,3387.28,Woody Wetlands,#b8d9eb,2007
Kentucky,Class_90,1297.28,Woody Wetlands,#b8d9eb,2007
Mississippi,Class_90,22549.54,Woody Wetlands,#b8d9eb,2007
Louisiana,Class_90,28309.97,Woody Wetlands,#b8d9eb,2007
Texas,Class_90,19493.84,Woody Wetlands,#b8d9eb,2007
Oklahoma,Class_90,1320.29,Woody Wetlands,#b8d9eb,2007
Arkansas,Class_90,14186.18,Woody Wetlands,#b8d9eb,2007
West Virginia,Class_81,5567.81,Pasture/Hay,#dcd939,2008
Florida,Class_81,19605.21,Pasture/Hay,#dcd939,2008
Maryland,Class_81,2787.93,Pasture/Hay,#dcd939,2008
North Carolina,Class_81,12338.59,Pasture/Hay,#dcd939,2008
Delaware,Class_81,42.6,Pasture/Hay,#dcd939,2008
Georgia,Class_81,12764.91,Pasture/Hay,#dcd939,2008
South Carolina,Class_81,6357.72,Pasture/Hay,#dcd939,2008
Virginia,Class_81,18128.02,Pasture/Hay,#dcd939,2008
District of Columbia,Class_81,0.07,Pasture/Hay,#dcd939,2008
Alabama,Class_81,23672.74,Pasture/Hay,#dcd939,2008
Tennessee,Class_81,26199.85,Pasture/Hay,#dcd939,2008
Kentucky,Class_81,28607.79,Pasture/Hay,#dcd939,2008
Mississippi,Class_81,20777.79,Pasture/Hay,#dcd939,2008
Louisiana,Class_81,11539.19,Pasture/Hay,#dcd939,2008
Texas,Class_81,83742.41,Pasture/Hay,#dcd939,2008
Oklahoma,Class_81,22898.65,Pasture/Hay,#dcd939,2008
Arkansas,Class_81,21870.53,Pasture/Hay,#dcd939,2008
West Virginia,Class_71,494.68,Grassland/Herbaceous,#dfdfc2,2008
Florida,Class_71,3260.31,Grassland/Herbaceous,#dfdfc2,2008
Maryland,Class_71,36.53,Grassland/Herbaceous,#dfdfc2,2008
North Carolina,Class_71,2557.0,Grassland/Herbaceous,#dfdfc2,2008
Delaware,Class_71,15.96,Grassland/Herbaceous,#dfdfc2,2008
Georgia,Class_71,4616.58,Grassland/Herbaceous,#dfdfc2,2008
South Carolina,Class_71,2233.8,Grassland/Herbaceous,#dfdfc2,2008
Virginia,Class_71,2252.07,Grassland/Herbaceous,#dfdfc2,2008
District of Columbia,Class_71,0.0,Grassland/Herbaceous,#dfdfc2,2008
Alabama,Class_71,5810.32,Grassland/Herbaceous,#dfdfc2,2008
Tennessee,Class_71,1125.38,Grassland/Herbaceous,#dfdfc2,2008
Kentucky,Class_71,436.73,Grassland/Herbaceous,#dfdfc2,2008
Mississippi,Class_71,3279.03,Grassland/Herbaceous,#dfdfc2,2008
Louisiana,Class_71,2678.99,Grassland/Herbaceous,#dfdfc2,2008
Texas,Class_71,81679.74,Grassland/Herbaceous,#dfdfc2,2008
Oklahoma,Class_71,70334.03,Grassland/Herbaceous,#dfdfc2,2008
Arkansas,Class_71,2320.0,Grassland/Herbaceous,#dfdfc2,2008
West Virginia,Class_82,235.87,Cultivated Crops,#ab6c28,2008
Florida,Class_82,9869.24,Cultivated Crops,#ab6c28,2008
Maryland,Class_82,5651.71,Cultivated Crops,#ab6c28,2008
North Carolina,Class_82,19591.63,Cultivated Crops,#ab6c28,2008
Delaware,Class_82,2244.6,Cultivated Crops,#ab6c28,2008
Georgia,Class_82,21164.3,Cultivated Crops,#ab6c28,2008
South Carolina,Class_82,8951.98,Cultivated Crops,#ab6c28,2008
Virginia,Class_82,5798.19,Cultivated Crops,#ab6c28,2008
District of Columbia,Class_82,0.0,Cultivated Crops,#ab6c28,2008
Alabama,Class_82,5990.86,Cultivated Crops,#ab6c28,2008
Tennessee,Class_82,11180.72,Cultivated Crops,#ab6c28,2008
Kentucky,Class_82,11562.83,Cultivated Crops,#ab6c28,2008
Mississippi,Class_82,17314.43,Cultivated Crops,#ab6c28,2008
Louisiana,Class_82,18847.37,Cultivated Crops,#ab6c28,2008
Texas,Class_82,83164.0,Cultivated Crops,#ab6c28,2008
Oklahoma,Class_82,31528.51,Cultivated Crops,#ab6c28,2008
Arkansas,Class_82,29431.44,Cultivated Crops,#ab6c28,2008
West Virginia,Class_95,32.36,Emergent Herbaceous Wetlands,#6c9fb8,2008
Florida,Class_95,14731.66,Emergent Herbaceous Wetlands,#6c9fb8,2008
Maryland,Class_95,784.44,Emergent Herbaceous Wetlands,#6c9fb8,2008
North Carolina,Class_95,1040.95,Emergent Herbaceous Wetlands,#6c9fb8,2008
Delaware,Class_95,322.09,Emergent Herbaceous Wetlands,#6c9fb8,2008
Georgia,Class_95,1820.44,Emergent Herbaceous Wetlands,#6c9fb8,2008
South Carolina,Class_95,1954.99,Emergent Herbaceous Wetlands,#6c9fb8,2008
Virginia,Class_95,796.42,Emergent Herbaceous Wetlands,#6c9fb8,2008
District of Columbia,Class_95,0.21,Emergent Herbaceous Wetlands,#6c9fb8,2008
Alabama,Class_95,206.35,Emergent Herbaceous Wetlands,#6c9fb8,2008
Tennessee,Class_95,141.71,Emergent Herbaceous Wetlands,#6c9fb8,2008
Kentucky,Class_95,140.12,Emergent Herbaceous Wetlands,#6c9fb8,2008
Mississippi,Class_95,469.79,Emergent Herbaceous Wetlands,#6c9fb8,2008
Louisiana,Class_95,12565.23,Emergent Herbaceous Wetlands,#6c9fb8,2008
Texas,Class_95,7430.27,Emergent Herbaceous Wetlands,#6c9fb8,2008
Oklahoma,Class_95,299.19,Emergent Herbaceous Wetlands,#6c9fb8,2008
Arkansas,Class_95,118.53,Emergent Herbaceous Wetlands,#6c9fb8,2008
West Virginia,Class_41,48994.09,Deciduous Forest,#68ab5f,2008
Florida,Class_41,4.8,Deciduous Forest,#68ab5f,2008
Maryland,Class_41,6292.77,Deciduous Forest,#68ab5f,2008
North Carolina,Class_41,25769.84,Deciduous Forest,#68ab5f,2008
Delaware,Class_41,192.77,Deciduous Forest,#68ab5f,2008
Georgia,Class_41,19522.25,Deciduous Forest,#68ab5f,2008
South Carolina,Class_41,6714.04,Deciduous Forest,#68ab5f,2008
Virginia,Class_41,35536.58,Deciduous Forest,#68ab5f,2008
District of Columbia,Class_41,12.7,Deciduous Forest,#68ab5f,2008
Alabama,Class_41,21870.25,Deciduous Forest,#68ab5f,2008
Tennessee,Class_41,43909.02,Deciduous Forest,#68ab5f,2008
Kentucky,Class_41,49001.23,Deciduous Forest,#68ab5f,2008
Mississippi,Class_41,11233.25,Deciduous Forest,#68ab5f,2008
Louisiana,Class_41,310.76,Deciduous Forest,#68ab5f,2008
Texas,Class_41,8583.49,Deciduous Forest,#68ab5f,2008
Oklahoma,Class_41,27949.52,Deciduous Forest,#68ab5f,2008
Arkansas,Class_41,26600.22,Deciduous Forest,#68ab5f,2008
West Virginia,Class_52,74.49,Shrub/Scrub,#ccb879,2008
Florida,Class_52,3921.04,Shrub/Scrub,#ccb879,2008
Maryland,Class_52,85.8,Shrub/Scrub,#ccb879,2008
North Carolina,Class_52,2086.18,Shrub/Scrub,#ccb879,2008
Delaware,Class_52,19.1,Shrub/Scrub,#ccb879,2008
Georgia,Class_52,2972.78,Shrub/Scrub,#ccb879,2008
South Carolina,Class_52,1536.15,Shrub/Scrub,#ccb879,2008
Virginia,Class_52,1189.24,Shrub/Scrub,#ccb879,2008
District of Columbia,Class_52,0.0,Shrub/Scrub,#ccb879,2008
Alabama,Class_52,5641.08,Shrub/Scrub,#ccb879,2008
Tennessee,Class_52,733.45,Shrub/Scrub,#ccb879,2008
Kentucky,Class_52,47.15,Shrub/Scrub,#ccb879,2008
Mississippi,Class_52,4187.62,Shrub/Scrub,#ccb879,2008
Louisiana,Class_52,3165.07,Shrub/Scrub,#ccb879,2008
Texas,Class_52,312702.86,Shrub/Scrub,#ccb879,2008
Oklahoma,Class_52,6068.68,Shrub/Scrub,#ccb879,2008
Arkansas,Class_52,2619.85,Shrub/Scrub,#ccb879,2008
West Virginia,Class_31,468.27,Barren Land,#b3ac9f,2008
Florida,Class_31,992.94,Barren Land,#b3ac9f,2008
Maryland,Class_31,125.21,Barren Land,#b3ac9f,2008
North Carolina,Class_31,379.5,Barren Land,#b3ac9f,2008
Delaware,Class_31,19.05,Barren Land,#b3ac9f,2008
Georgia,Class_31,457.42,Barren Land,#b3ac9f,2008
South Carolina,Class_31,243.89,Barren Land,#b3ac9f,2008
Virginia,Class_31,303.81,Barren Land,#b3ac9f,2008
District of Columbia,Class_31,0.0,Barren Land,#b3ac9f,2008
Alabama,Class_31,290.73,Barren Land,#b3ac9f,2008
Tennessee,Class_31,189.91,Barren Land,#b3ac9f,2008
Kentucky,Class_31,542.73,Barren Land,#b3ac9f,2008
Mississippi,Class_31,212.84,Barren Land,#b3ac9f,2008
Louisiana,Class_31,228.82,Barren Land,#b3ac9f,2008
Texas,Class_31,1984.03,Barren Land,#b3ac9f,2008
Oklahoma,Class_31,565.34,Barren Land,#b3ac9f,2008
Arkansas,Class_31,227.94,Barren Land,#b3ac9f,2008
West Virginia,Class_42,394.85,Evergreen Forest,#1c5f2c,2008
Florida,Class_42,28188.14,Evergreen Forest,#1c5f2c,2008
Maryland,Class_42,501.58,Evergreen Forest,#1c5f2c,2008
North Carolina,Class_42,17292.09,Evergreen Forest,#1c5f2c,2008
Delaware,Class_42,145.95,Evergreen Forest,#1c5f2c,2008
Georgia,Class_42,39479.08,Evergreen Forest,#1c5f2c,2008
South Carolina,Class_42,21749.81,Evergreen Forest,#1c5f2c,2008
Virginia,Class_42,9020.86,Evergreen Forest,#1c5f2c,2008
District of Columbia,Class_42,0.07,Evergreen Forest,#1c5f2c,2008
Alabama,Class_42,28758.42,Evergreen Forest,#1c5f2c,2008
Tennessee,Class_42,2762.76,Evergreen Forest,#1c5f2c,2008
Kentucky,Class_42,383.36,Evergreen Forest,#1c5f2c,2008
Mississippi,Class_42,23394.27,Evergreen Forest,#1c5f2c,2008
Louisiana,Class_42,25250.88,Evergreen Forest,#1c5f2c,2008
Texas,Class_42,36855.89,Evergreen Forest,#1c5f2c,2008
Oklahoma,Class_42,5167.52,Evergreen Forest,#1c5f2c,2008
Arkansas,Class_42,24922.34,Evergreen Forest,#1c5f2c,2008
West Virginia,Class_21,1746.24,"Developed, Open Space",#dec5c5,2008
Florida,Class_21,5926.8,"Developed, Open Space",#dec5c5,2008
Maryland,Class_21,1864.71,"Developed, Open Space",#dec5c5,2008
North Carolina,Class_21,7121.84,"Developed, Open Space",#dec5c5,2008
Delaware,Class_21,224.93,"Developed, Open Space",#dec5c5,2008
Georgia,Class_21,7949.8,"Developed, Open Space",#dec5c5,2008
South Carolina,Class_21,4057.74,"Developed, Open Space",#dec5c5,2008
Virginia,Class_21,4873.32,"Developed, Open Space",#dec5c5,2008
District of Columbia,Class_21,22.37,"Developed, Open Space",#dec5c5,2008
Alabama,Class_21,6559.93,"Developed, Open Space",#dec5c5,2008
Tennessee,Class_21,5619.9,"Developed, Open Space",#dec5c5,2008
Kentucky,Class_21,3782.9,"Developed, Open Space",#dec5c5,2008
Mississippi,Class_21,4901.53,"Developed, Open Space",#dec5c5,2008
Louisiana,Class_21,3191.25,"Developed, Open Space",#dec5c5,2008
Texas,Class_21,10067.0,"Developed, Open Space",#dec5c5,2008
Oklahoma,Class_21,4566.47,"Developed, Open Space",#dec5c5,2008
Arkansas,Class_21,3054.79,"Developed, Open Space",#dec5c5,2008
West Virginia,Class_43,3214.57,Mixed Forest,#b5c58f,2008
Florida,Class_43,190.06,Mixed Forest,#b5c58f,2008
Maryland,Class_43,1416.11,Mixed Forest,#b5c58f,2008
North Carolina,Class_43,11420.2,Mixed Forest,#b5c58f,2008
Delaware,Class_43,153.8,Mixed Forest,#b5c58f,2008
Georgia,Class_43,6326.03,Mixed Forest,#b5c58f,2008
South Carolina,Class_43,2641.32,Mixed Forest,#b5c58f,2008
Virginia,Class_43,14725.18,Mixed Forest,#b5c58f,2008
District of Columbia,Class_43,0.0,Mixed Forest,#b5c58f,2008
Alabama,Class_43,11550.02,Mixed Forest,#b5c58f,2008
Tennessee,Class_43,7292.69,Mixed Forest,#b5c58f,2008
Kentucky,Class_43,4265.01,Mixed Forest,#b5c58f,2008
Mississippi,Class_43,10478.69,Mixed Forest,#b5c58f,2008
Louisiana,Class_43,1296.01,Mixed Forest,#b5c58f,2008
Texas,Class_43,13020.11,Mixed Forest,#b5c58f,2008
Oklahoma,Class_43,3385.07,Mixed Forest,#b5c58f,2008
Arkansas,Class_43,6720.26,Mixed Forest,#b5c58f,2008
West Virginia,Class_11,411.68,Open Water,#466b9f,2008
Florida,Class_11,28676.64,Open Water,#466b9f,2008
Maryland,Class_11,7006.78,Open Water,#466b9f,2008
North Carolina,Class_11,13399.1,Open Water,#466b9f,2008
Delaware,Class_11,1394.61,Open Water,#466b9f,2008
Georgia,Class_11,3788.32,Open Water,#466b9f,2008
South Carolina,Class_11,4938.27,Open Water,#466b9f,2008
Virginia,Class_11,8417.3,Open Water,#466b9f,2008
District of Columbia,Class_11,17.53,Open Water,#466b9f,2008
Alabama,Class_11,4590.51,Open Water,#466b9f,2008
Tennessee,Class_11,2429.63,Open Water,#466b9f,2008
Kentucky,Class_11,1800.9,Open Water,#466b9f,2008
Mississippi,Class_11,4208.39,Open Water,#466b9f,2008
Louisiana,Class_11,23100.67,Open Water,#466b9f,2008
Texas,Class_11,16129.6,Open Water,#466b9f,2008
Oklahoma,Class_11,3093.12,Open Water,#466b9f,2008
Arkansas,Class_11,3024.17,Open Water,#466b9f,2008
West Virginia,Class_22,619.14,"Developed, Low Intensity",#d99282,2008
Florida,Class_22,9551.16,"Developed, Low Intensity",#d99282,2008
Maryland,Class_22,1670.59,"Developed, Low Intensity",#d99282,2008
North Carolina,Class_22,5047.51,"Developed, Low Intensity",#d99282,2008
Delaware,Class_22,414.62,"Developed, Low Intensity",#d99282,2008
Georgia,Class_22,5164.56,"Developed, Low Intensity",#d99282,2008
South Carolina,Class_22,2908.31,"Developed, Low Intensity",#d99282,2008
Virginia,Class_22,2758.32,"Developed, Low Intensity",#d99282,2008
District of Columbia,Class_22,33.44,"Developed, Low Intensity",#d99282,2008
Alabama,Class_22,2723.05,"Developed, Low Intensity",#d99282,2008
Tennessee,Class_22,2738.97,"Developed, Low Intensity",#d99282,2008
Kentucky,Class_22,1717.91,"Developed, Low Intensity",#d99282,2008
Mississippi,Class_22,1827.78,"Developed, Low Intensity",#d99282,2008
Louisiana,Class_22,2462.89,"Developed, Low Intensity",#d99282,2008
Texas,Class_22,11903.53,"Developed, Low Intensity",#d99282,2008
Oklahoma,Class_22,2510.39,"Developed, Low Intensity",#d99282,2008
Arkansas,Class_22,1897.55,"Developed, Low Intensity",#d99282,2008
West Virginia,Class_23,372.11,"Developed, Medium Intensity",#eb0000,2008
Florida,Class_23,5032.6,"Developed, Medium Intensity",#eb0000,2008
Maryland,Class_23,879.32,"Developed, Medium Intensity",#eb0000,2008
North Carolina,Class_23,1503.3,"Developed, Medium Intensity",#eb0000,2008
Delaware,Class_23,206.42,"Developed, Medium Intensity",#eb0000,2008
Georgia,Class_23,1536.22,"Developed, Medium Intensity",#eb0000,2008
South Carolina,Class_23,826.18,"Developed, Medium Intensity",#eb0000,2008
Virginia,Class_23,1395.58,"Developed, Medium Intensity",#eb0000,2008
District of Columbia,Class_23,70.48,"Developed, Medium Intensity",#eb0000,2008
Alabama,Class_23,934.05,"Developed, Medium Intensity",#eb0000,2008
Tennessee,Class_23,1140.42,"Developed, Medium Intensity",#eb0000,2008
Kentucky,Class_23,868.42,"Developed, Medium Intensity",#eb0000,2008
Mississippi,Class_23,539.72,"Developed, Medium Intensity",#eb0000,2008
Louisiana,Class_23,1108.29,"Developed, Medium Intensity",#eb0000,2008
Texas,Class_23,7552.14,"Developed, Medium Intensity",#eb0000,2008
Oklahoma,Class_23,1126.38,"Developed, Medium Intensity",#eb0000,2008
Arkansas,Class_23,627.72,"Developed, Medium Intensity",#eb0000,2008
West Virginia,Class_24,58.68,"Developed, High Intensity",#ab0000,2008
Florida,Class_24,600.72,"Developed, High Intensity",#ab0000,2008
Maryland,Class_24,212.37,"Developed, High Intensity",#ab0000,2008
North Carolina,Class_24,357.45,"Developed, High Intensity",#ab0000,2008
Delaware,Class_24,48.57,"Developed, High Intensity",#ab0000,2008
Georgia,Class_24,453.43,"Developed, High Intensity",#ab0000,2008
South Carolina,Class_24,219.25,"Developed, High Intensity",#ab0000,2008
Virginia,Class_24,309.11,"Developed, High Intensity",#ab0000,2008
District of Columbia,Class_24,18.25,"Developed, High Intensity",#ab0000,2008
Alabama,Class_24,203.1,"Developed, High Intensity",#ab0000,2008
Tennessee,Class_24,310.64,"Developed, High Intensity",#ab0000,2008
Kentucky,Class_24,202.12,"Developed, High Intensity",#ab0000,2008
Mississippi,Class_24,108.42,"Developed, High Intensity",#ab0000,2008
Louisiana,Class_24,246.29,"Developed, High Intensity",#ab0000,2008
Texas,Class_24,1280.7,"Developed, High Intensity",#ab0000,2008
Oklahoma,Class_24,223.78,"Developed, High Intensity",#ab0000,2008
Arkansas,Class_24,145.67,"Developed, High Intensity",#ab0000,2008
West Virginia,Class_90,70.1,Woody Wetlands,#b8d9eb,2008
Florida,Class_90,39529.07,Woody Wetlands,#b8d9eb,2008
Maryland,Class_90,2813.37,Woody Wetlands,#b8d9eb,2008
North Carolina,Class_90,19478.69,Woody Wetlands,#b8d9eb,2008
Delaware,Class_90,1000.63,Woody Wetlands,#b8d9eb,2008
Georgia,Class_90,25888.06,Woody Wetlands,#b8d9eb,2008
South Carolina,Class_90,17575.85,Woody Wetlands,#b8d9eb,2008
Virginia,Class_90,5280.29,Woody Wetlands,#b8d9eb,2008
District of Columbia,Class_90,1.89,Woody Wetlands,#b8d9eb,2008
Alabama,Class_90,16964.35,Woody Wetlands,#b8d9eb,2008
Tennessee,Class_90,3376.84,Woody Wetlands,#b8d9eb,2008
Kentucky,Class_90,1295.09,Woody Wetlands,#b8d9eb,2008
Mississippi,Class_90,22504.48,Woody Wetlands,#b8d9eb,2008
Louisiana,Class_90,28261.3,Woody Wetlands,#b8d9eb,2008
Texas,Class_90,19425.34,Woody Wetlands,#b8d9eb,2008
Oklahoma,Class_90,1320.35,Woody Wetlands,#b8d9eb,2008
Arkansas,Class_90,14150.06,Woody Wetlands,#b8d9eb,2008
West Virginia,Class_81,5551.97,Pasture/Hay,#dcd939,2009
Florida,Class_81,19679.55,Pasture/Hay,#dcd939,2009
Maryland,Class_81,2771.14,Pasture/Hay,#dcd939,2009
North Carolina,Class_81,12189.35,Pasture/Hay,#dcd939,2009
Delaware,Class_81,42.38,Pasture/Hay,#dcd939,2009
Georgia,Class_81,12736.0,Pasture/Hay,#dcd939,2009
South Carolina,Class_81,6321.54,Pasture/Hay,#dcd939,2009
Virginia,Class_81,18072.0,Pasture/Hay,#dcd939,2009
District of Columbia,Class_81,0.07,Pasture/Hay,#dcd939,2009
Alabama,Class_81,23565.79,Pasture/Hay,#dcd939,2009
Tennessee,Class_81,25963.19,Pasture/Hay,#dcd939,2009
Kentucky,Class_81,28305.87,Pasture/Hay,#dcd939,2009
Mississippi,Class_81,20570.31,Pasture/Hay,#dcd939,2009
Louisiana,Class_81,11521.56,Pasture/Hay,#dcd939,2009
Texas,Class_81,83933.42,Pasture/Hay,#dcd939,2009
Oklahoma,Class_81,22906.8,Pasture/Hay,#dcd939,2009
Arkansas,Class_81,21864.8,Pasture/Hay,#dcd939,2009
West Virginia,Class_71,541.03,Grassland/Herbaceous,#dfdfc2,2009
Florida,Class_71,3185.63,Grassland/Herbaceous,#dfdfc2,2009
Maryland,Class_71,38.88,Grassland/Herbaceous,#dfdfc2,2009
North Carolina,Class_71,2461.49,Grassland/Herbaceous,#dfdfc2,2009
Delaware,Class_71,11.26,Grassland/Herbaceous,#dfdfc2,2009
Georgia,Class_71,4542.3,Grassland/Herbaceous,#dfdfc2,2009
South Carolina,Class_71,2210.91,Grassland/Herbaceous,#dfdfc2,2009
Virginia,Class_71,2296.51,Grassland/Herbaceous,#dfdfc2,2009
District of Columbia,Class_71,0.0,Grassland/Herbaceous,#dfdfc2,2009
Alabama,Class_71,5476.99,Grassland/Herbaceous,#dfdfc2,2009
Tennessee,Class_71,964.67,Grassland/Herbaceous,#dfdfc2,2009
Kentucky,Class_71,466.03,Grassland/Herbaceous,#dfdfc2,2009
Mississippi,Class_71,3167.77,Grassland/Herbaceous,#dfdfc2,2009
Louisiana,Class_71,2704.05,Grassland/Herbaceous,#dfdfc2,2009
Texas,Class_71,81654.2,Grassland/Herbaceous,#dfdfc2,2009
Oklahoma,Class_71,70345.64,Grassland/Herbaceous,#dfdfc2,2009
Arkansas,Class_71,2281.56,Grassland/Herbaceous,#dfdfc2,2009
West Virginia,Class_82,240.45,Cultivated Crops,#ab6c28,2009
Florida,Class_82,9697.15,Cultivated Crops,#ab6c28,2009
Maryland,Class_82,5643.36,Cultivated Crops,#ab6c28,2009
North Carolina,Class_82,19662.31,Cultivated Crops,#ab6c28,2009
Delaware,Class_82,2232.66,Cultivated Crops,#ab6c28,2009
Georgia,Class_82,21080.37,Cultivated Crops,#ab6c28,2009
South Carolina,Class_82,8931.68,Cultivated Crops,#ab6c28,2009
Virginia,Class_82,5816.15,Cultivated Crops,#ab6c28,2009
District of Columbia,Class_82,0.0,Cultivated Crops,#ab6c28,2009
Alabama,Class_82,5966.7,Cultivated Crops,#ab6c28,2009
Tennessee,Class_82,11338.6,Cultivated Crops,#ab6c28,2009
Kentucky,Class_82,11828.25,Cultivated Crops,#ab6c28,2009
Mississippi,Class_82,17382.96,Cultivated Crops,#ab6c28,2009
Louisiana,Class_82,18792.36,Cultivated Crops,#ab6c28,2009
Texas,Class_82,82665.98,Cultivated Crops,#ab6c28,2009
Oklahoma,Class_82,31401.93,Cultivated Crops,#ab6c28,2009
Arkansas,Class_82,29409.15,Cultivated Crops,#ab6c28,2009
West Virginia,Class_95,32.29,Emergent Herbaceous Wetlands,#6c9fb8,2009
Florida,Class_95,14628.96,Emergent Herbaceous Wetlands,#6c9fb8,2009
Maryland,Class_95,785.52,Emergent Herbaceous Wetlands,#6c9fb8,2009
North Carolina,Class_95,1033.02,Emergent Herbaceous Wetlands,#6c9fb8,2009
Delaware,Class_95,320.9,Emergent Herbaceous Wetlands,#6c9fb8,2009
Georgia,Class_95,1795.64,Emergent Herbaceous Wetlands,#6c9fb8,2009
South Carolina,Class_95,1955.63,Emergent Herbaceous Wetlands,#6c9fb8,2009
Virginia,Class_95,797.37,Emergent Herbaceous Wetlands,#6c9fb8,2009
District of Columbia,Class_95,0.21,Emergent Herbaceous Wetlands,#6c9fb8,2009
Alabama,Class_95,204.14,Emergent Herbaceous Wetlands,#6c9fb8,2009
Tennessee,Class_95,137.72,Emergent Herbaceous Wetlands,#6c9fb8,2009
Kentucky,Class_95,140.2,Emergent Herbaceous Wetlands,#6c9fb8,2009
Mississippi,Class_95,465.0,Emergent Herbaceous Wetlands,#6c9fb8,2009
Louisiana,Class_95,12567.58,Emergent Herbaceous Wetlands,#6c9fb8,2009
Texas,Class_95,7463.2,Emergent Herbaceous Wetlands,#6c9fb8,2009
Oklahoma,Class_95,311.4,Emergent Herbaceous Wetlands,#6c9fb8,2009
Arkansas,Class_95,119.77,Emergent Herbaceous Wetlands,#6c9fb8,2009
West Virginia,Class_41,48949.33,Deciduous Forest,#68ab5f,2009
Florida,Class_41,4.96,Deciduous Forest,#68ab5f,2009
Maryland,Class_41,6288.09,Deciduous Forest,#68ab5f,2009
North Carolina,Class_41,25796.55,Deciduous Forest,#68ab5f,2009
Delaware,Class_41,192.56,Deciduous Forest,#68ab5f,2009
Georgia,Class_41,19525.35,Deciduous Forest,#68ab5f,2009
South Carolina,Class_41,6718.35,Deciduous Forest,#68ab5f,2009
Virginia,Class_41,35494.33,Deciduous Forest,#68ab5f,2009
District of Columbia,Class_41,12.62,Deciduous Forest,#68ab5f,2009
Alabama,Class_41,21731.21,Deciduous Forest,#68ab5f,2009
Tennessee,Class_41,43892.31,Deciduous Forest,#68ab5f,2009
Kentucky,Class_41,49043.49,Deciduous Forest,#68ab5f,2009
Mississippi,Class_41,11158.11,Deciduous Forest,#68ab5f,2009
Louisiana,Class_41,306.27,Deciduous Forest,#68ab5f,2009
Texas,Class_41,8566.09,Deciduous Forest,#68ab5f,2009
Oklahoma,Class_41,28029.65,Deciduous Forest,#68ab5f,2009
Arkansas,Class_41,26581.98,Deciduous Forest,#68ab5f,2009
West Virginia,Class_52,78.36,Shrub/Scrub,#ccb879,2009
Florida,Class_52,3890.12,Shrub/Scrub,#ccb879,2009
Maryland,Class_52,83.35,Shrub/Scrub,#ccb879,2009
North Carolina,Class_52,2104.83,Shrub/Scrub,#ccb879,2009
Delaware,Class_52,19.8,Shrub/Scrub,#ccb879,2009
Georgia,Class_52,3031.95,Shrub/Scrub,#ccb879,2009
South Carolina,Class_52,1479.64,Shrub/Scrub,#ccb879,2009
Virginia,Class_52,1168.05,Shrub/Scrub,#ccb879,2009
District of Columbia,Class_52,0.0,Shrub/Scrub,#ccb879,2009
Alabama,Class_52,5926.93,Shrub/Scrub,#ccb879,2009
Tennessee,Class_52,836.5,Shrub/Scrub,#ccb879,2009
Kentucky,Class_52,52.68,Shrub/Scrub,#ccb879,2009
Mississippi,Class_52,4329.1,Shrub/Scrub,#ccb879,2009
Louisiana,Class_52,3068.06,Shrub/Scrub,#ccb879,2009
Texas,Class_52,312724.91,Shrub/Scrub,#ccb879,2009
Oklahoma,Class_52,6044.07,Shrub/Scrub,#ccb879,2009
Arkansas,Class_52,2670.95,Shrub/Scrub,#ccb879,2009
West Virginia,Class_31,467.55,Barren Land,#b3ac9f,2009
Florida,Class_31,977.22,Barren Land,#b3ac9f,2009
Maryland,Class_31,124.22,Barren Land,#b3ac9f,2009
North Carolina,Class_31,380.16,Barren Land,#b3ac9f,2009
Delaware,Class_31,18.7,Barren Land,#b3ac9f,2009
Georgia,Class_31,419.48,Barren Land,#b3ac9f,2009
South Carolina,Class_31,221.27,Barren Land,#b3ac9f,2009
Virginia,Class_31,304.62,Barren Land,#b3ac9f,2009
District of Columbia,Class_31,0.0,Barren Land,#b3ac9f,2009
Alabama,Class_31,291.09,Barren Land,#b3ac9f,2009
Tennessee,Class_31,179.37,Barren Land,#b3ac9f,2009
Kentucky,Class_31,543.98,Barren Land,#b3ac9f,2009
Mississippi,Class_31,212.04,Barren Land,#b3ac9f,2009
Louisiana,Class_31,238.1,Barren Land,#b3ac9f,2009
Texas,Class_31,2035.2,Barren Land,#b3ac9f,2009
Oklahoma,Class_31,577.62,Barren Land,#b3ac9f,2009
Arkansas,Class_31,240.91,Barren Land,#b3ac9f,2009
West Virginia,Class_42,394.16,Evergreen Forest,#1c5f2c,2009
Florida,Class_42,28288.22,Evergreen Forest,#1c5f2c,2009
Maryland,Class_42,507.73,Evergreen Forest,#1c5f2c,2009
North Carolina,Class_42,17424.8,Evergreen Forest,#1c5f2c,2009
Delaware,Class_42,149.74,Evergreen Forest,#1c5f2c,2009
Georgia,Class_42,39508.77,Evergreen Forest,#1c5f2c,2009
South Carolina,Class_42,21802.78,Evergreen Forest,#1c5f2c,2009
Virginia,Class_42,9142.92,Evergreen Forest,#1c5f2c,2009
District of Columbia,Class_42,0.07,Evergreen Forest,#1c5f2c,2009
Alabama,Class_42,29125.35,Evergreen Forest,#1c5f2c,2009
Tennessee,Class_42,2841.85,Evergreen Forest,#1c5f2c,2009
Kentucky,Class_42,328.81,Evergreen Forest,#1c5f2c,2009
Mississippi,Class_42,23639.47,Evergreen Forest,#1c5f2c,2009
Louisiana,Class_42,25379.21,Evergreen Forest,#1c5f2c,2009
Texas,Class_42,37188.09,Evergreen Forest,#1c5f2c,2009
Oklahoma,Class_42,5219.22,Evergreen Forest,#1c5f2c,2009
Arkansas,Class_42,24964.44,Evergreen Forest,#1c5f2c,2009
West Virginia,Class_21,1756.35,"Developed, Open Space",#dec5c5,2009
Florida,Class_21,5842.37,"Developed, Open Space",#dec5c5,2009
Maryland,Class_21,1868.09,"Developed, Open Space",#dec5c5,2009
North Carolina,Class_21,7151.15,"Developed, Open Space",#dec5c5,2009
Delaware,Class_21,226.5,"Developed, Open Space",#dec5c5,2009
Georgia,Class_21,7954.69,"Developed, Open Space",#dec5c5,2009
South Carolina,Class_21,4062.04,"Developed, Open Space",#dec5c5,2009
Virginia,Class_21,4874.43,"Developed, Open Space",#dec5c5,2009
District of Columbia,Class_21,21.75,"Developed, Open Space",#dec5c5,2009
Alabama,Class_21,6562.53,"Developed, Open Space",#dec5c5,2009
Tennessee,Class_21,5664.05,"Developed, Open Space",#dec5c5,2009
Kentucky,Class_21,3804.94,"Developed, Open Space",#dec5c5,2009
Mississippi,Class_21,4911.17,"Developed, Open Space",#dec5c5,2009
Louisiana,Class_21,3197.5,"Developed, Open Space",#dec5c5,2009
Texas,Class_21,10068.69,"Developed, Open Space",#dec5c5,2009
Oklahoma,Class_21,4575.47,"Developed, Open Space",#dec5c5,2009
Arkansas,Class_21,3066.51,"Developed, Open Space",#dec5c5,2009
West Virginia,Class_43,3203.92,Mixed Forest,#b5c58f,2009
Florida,Class_43,193.99,Mixed Forest,#b5c58f,2009
Maryland,Class_43,1411.4,Mixed Forest,#b5c58f,2009
North Carolina,Class_43,11302.45,Mixed Forest,#b5c58f,2009
Delaware,Class_43,153.66,Mixed Forest,#b5c58f,2009
Georgia,Class_43,6293.22,Mixed Forest,#b5c58f,2009
South Carolina,Class_43,2627.85,Mixed Forest,#b5c58f,2009
Virginia,Class_43,14613.42,Mixed Forest,#b5c58f,2009
District of Columbia,Class_43,0.0,Mixed Forest,#b5c58f,2009
Alabama,Class_43,11435.99,Mixed Forest,#b5c58f,2009
Tennessee,Class_43,7270.32,Mixed Forest,#b5c58f,2009
Kentucky,Class_43,4233.29,Mixed Forest,#b5c58f,2009
Mississippi,Class_43,10408.14,Mixed Forest,#b5c58f,2009
Louisiana,Class_43,1282.62,Mixed Forest,#b5c58f,2009
Texas,Class_43,12792.75,Mixed Forest,#b5c58f,2009
Oklahoma,Class_43,3372.81,Mixed Forest,#b5c58f,2009
Arkansas,Class_43,6695.94,Mixed Forest,#b5c58f,2009
West Virginia,Class_11,412.32,Open Water,#466b9f,2009
Florida,Class_11,28793.92,Open Water,#466b9f,2009
Maryland,Class_11,7005.78,Open Water,#466b9f,2009
North Carolina,Class_11,13394.12,Open Water,#466b9f,2009
Delaware,Class_11,1395.8,Open Water,#466b9f,2009
Georgia,Class_11,3903.82,Open Water,#466b9f,2009
South Carolina,Class_11,4982.45,Open Water,#466b9f,2009
Virginia,Class_11,8418.67,Open Water,#466b9f,2009
District of Columbia,Class_11,17.52,Open Water,#466b9f,2009
Alabama,Class_11,4607.2,Open Water,#466b9f,2009
Tennessee,Class_11,2448.83,Open Water,#466b9f,2009
Kentucky,Class_11,1802.1,Open Water,#466b9f,2009
Mississippi,Class_11,4197.18,Open Water,#466b9f,2009
Louisiana,Class_11,23092.53,Open Water,#466b9f,2009
Texas,Class_11,15993.39,Open Water,#466b9f,2009
Oklahoma,Class_11,3038.27,Open Water,#466b9f,2009
Arkansas,Class_11,2996.57,Open Water,#466b9f,2009
West Virginia,Class_22,621.87,"Developed, Low Intensity",#d99282,2009
Florida,Class_22,9661.3,"Developed, Low Intensity",#d99282,2009
Maryland,Class_22,1686.45,"Developed, Low Intensity",#d99282,2009
North Carolina,Class_22,5107.44,"Developed, Low Intensity",#d99282,2009
Delaware,Class_22,423.53,"Developed, Low Intensity",#d99282,2009
Georgia,Class_22,5212.09,"Developed, Low Intensity",#d99282,2009
South Carolina,Class_22,2944.75,"Developed, Low Intensity",#d99282,2009
Virginia,Class_22,2777.65,"Developed, Low Intensity",#d99282,2009
District of Columbia,Class_22,33.5,"Developed, Low Intensity",#d99282,2009
Alabama,Class_22,2759.51,"Developed, Low Intensity",#d99282,2009
Tennessee,Class_22,2768.19,"Developed, Low Intensity",#d99282,2009
Kentucky,Class_22,1727.89,"Developed, Low Intensity",#d99282,2009
Mississippi,Class_22,1850.79,"Developed, Low Intensity",#d99282,2009
Louisiana,Class_22,2494.51,"Developed, Low Intensity",#d99282,2009
Texas,Class_22,12078.78,"Developed, Low Intensity",#d99282,2009
Oklahoma,Class_22,2527.67,"Developed, Low Intensity",#d99282,2009
Arkansas,Class_22,1913.98,"Developed, Low Intensity",#d99282,2009
West Virginia,Class_23,375.92,"Developed, Medium Intensity",#eb0000,2009
Florida,Class_23,5086.58,"Developed, Medium Intensity",#eb0000,2009
Maryland,Class_23,889.37,"Developed, Medium Intensity",#eb0000,2009
North Carolina,Class_23,1535.37,"Developed, Medium Intensity",#eb0000,2009
Delaware,Class_23,207.95,"Developed, Medium Intensity",#eb0000,2009
Georgia,Class_23,1563.52,"Developed, Medium Intensity",#eb0000,2009
South Carolina,Class_23,841.78,"Developed, Medium Intensity",#eb0000,2009
Virginia,Class_23,1415.4,"Developed, Medium Intensity",#eb0000,2009
District of Columbia,Class_23,70.9,"Developed, Medium Intensity",#eb0000,2009
Alabama,Class_23,949.29,"Developed, Medium Intensity",#eb0000,2009
Tennessee,Class_23,1157.44,"Developed, Medium Intensity",#eb0000,2009
Kentucky,Class_23,879.67,"Developed, Medium Intensity",#eb0000,2009
Mississippi,Class_23,549.02,"Developed, Medium Intensity",#eb0000,2009
Louisiana,Class_23,1127.14,"Developed, Medium Intensity",#eb0000,2009
Texas,Class_23,7677.09,"Developed, Medium Intensity",#eb0000,2009
Oklahoma,Class_23,1140.07,"Developed, Medium Intensity",#eb0000,2009
Arkansas,Class_23,633.17,"Developed, Medium Intensity",#eb0000,2009
West Virginia,Class_24,59.38,"Developed, High Intensity",#ab0000,2009
Florida,Class_24,608.52,"Developed, High Intensity",#ab0000,2009
Maryland,Class_24,212.72,"Developed, High Intensity",#ab0000,2009
North Carolina,Class_24,360.74,"Developed, High Intensity",#ab0000,2009
Delaware,Class_24,48.71,"Developed, High Intensity",#ab0000,2009
Georgia,Class_24,462.14,"Developed, High Intensity",#ab0000,2009
South Carolina,Class_24,223.43,"Developed, High Intensity",#ab0000,2009
Virginia,Class_24,313.44,"Developed, High Intensity",#ab0000,2009
District of Columbia,Class_24,18.45,"Developed, High Intensity",#ab0000,2009
Alabama,Class_24,206.87,"Developed, High Intensity",#ab0000,2009
Tennessee,Class_24,313.77,"Developed, High Intensity",#ab0000,2009
Kentucky,Class_24,203.58,"Developed, High Intensity",#ab0000,2009
Mississippi,Class_24,110.32,"Developed, High Intensity",#ab0000,2009
Louisiana,Class_24,248.62,"Developed, High Intensity",#ab0000,2009
Texas,Class_24,1304.63,"Developed, High Intensity",#ab0000,2009
Oklahoma,Class_24,226.84,"Developed, High Intensity",#ab0000,2009
Arkansas,Class_24,147.29,"Developed, High Intensity",#ab0000,2009
West Virginia,Class_90,70.03,Woody Wetlands,#b8d9eb,2009
Florida,Class_90,39541.9,Woody Wetlands,#b8d9eb,2009
Maryland,Class_90,2813.11,Woody Wetlands,#b8d9eb,2009
North Carolina,Class_90,19480.09,Woody Wetlands,#b8d9eb,2009
Delaware,Class_90,1001.56,Woody Wetlands,#b8d9eb,2009
Georgia,Class_90,25874.82,Woody Wetlands,#b8d9eb,2009
South Carolina,Class_90,17585.21,Woody Wetlands,#b8d9eb,2009
Virginia,Class_90,5279.33,Woody Wetlands,#b8d9eb,2009
District of Columbia,Class_90,1.89,Woody Wetlands,#b8d9eb,2009
Alabama,Class_90,16956.19,Woody Wetlands,#b8d9eb,2009
Tennessee,Class_90,3375.09,Woody Wetlands,#b8d9eb,2009
Kentucky,Class_90,1293.54,Woody Wetlands,#b8d9eb,2009
Mississippi,Class_90,22486.64,Woody Wetlands,#b8d9eb,2009
Louisiana,Class_90,28232.88,Woody Wetlands,#b8d9eb,2009
Texas,Class_90,19374.7,Woody Wetlands,#b8d9eb,2009
Oklahoma,Class_90,1319.55,Woody Wetlands,#b8d9eb,2009
Arkansas,Class_90,14144.01,Woody Wetlands,#b8d9eb,2009
West Virginia,Class_81,5539.93,Pasture/Hay,#dcd939,2010
Florida,Class_81,19676.51,Pasture/Hay,#dcd939,2010
Maryland,Class_81,2749.97,Pasture/Hay,#dcd939,2010
North Carolina,Class_81,12120.36,Pasture/Hay,#dcd939,2010
Delaware,Class_81,42.42,Pasture/Hay,#dcd939,2010
Georgia,Class_81,12692.57,Pasture/Hay,#dcd939,2010
South Carolina,Class_81,6298.16,Pasture/Hay,#dcd939,2010
Virginia,Class_81,18010.62,Pasture/Hay,#dcd939,2010
District of Columbia,Class_81,0.07,Pasture/Hay,#dcd939,2010
Alabama,Class_81,23424.97,Pasture/Hay,#dcd939,2010
Tennessee,Class_81,25773.91,Pasture/Hay,#dcd939,2010
Kentucky,Class_81,28060.81,Pasture/Hay,#dcd939,2010
Mississippi,Class_81,20380.78,Pasture/Hay,#dcd939,2010
Louisiana,Class_81,11538.81,Pasture/Hay,#dcd939,2010
Texas,Class_81,83839.85,Pasture/Hay,#dcd939,2010
Oklahoma,Class_81,22920.06,Pasture/Hay,#dcd939,2010
Arkansas,Class_81,21876.24,Pasture/Hay,#dcd939,2010
West Virginia,Class_71,564.95,Grassland/Herbaceous,#dfdfc2,2010
Florida,Class_71,3166.93,Grassland/Herbaceous,#dfdfc2,2010
Maryland,Class_71,41.08,Grassland/Herbaceous,#dfdfc2,2010
North Carolina,Class_71,2336.46,Grassland/Herbaceous,#dfdfc2,2010
Delaware,Class_71,9.96,Grassland/Herbaceous,#dfdfc2,2010
Georgia,Class_71,4567.09,Grassland/Herbaceous,#dfdfc2,2010
South Carolina,Class_71,2212.03,Grassland/Herbaceous,#dfdfc2,2010
Virginia,Class_71,2311.42,Grassland/Herbaceous,#dfdfc2,2010
District of Columbia,Class_71,0.0,Grassland/Herbaceous,#dfdfc2,2010
Alabama,Class_71,5415.97,Grassland/Herbaceous,#dfdfc2,2010
Tennessee,Class_71,904.09,Grassland/Herbaceous,#dfdfc2,2010
Kentucky,Class_71,482.01,Grassland/Herbaceous,#dfdfc2,2010
Mississippi,Class_71,3298.45,Grassland/Herbaceous,#dfdfc2,2010
Louisiana,Class_71,2765.61,Grassland/Herbaceous,#dfdfc2,2010
Texas,Class_71,81300.97,Grassland/Herbaceous,#dfdfc2,2010
Oklahoma,Class_71,70400.32,Grassland/Herbaceous,#dfdfc2,2010
Arkansas,Class_71,2529.53,Grassland/Herbaceous,#dfdfc2,2010
West Virginia,Class_82,243.38,Cultivated Crops,#ab6c28,2010
Florida,Class_82,9635.82,Cultivated Crops,#ab6c28,2010
Maryland,Class_82,5638.29,Cultivated Crops,#ab6c28,2010
North Carolina,Class_82,19651.14,Cultivated Crops,#ab6c28,2010
Delaware,Class_82,2220.05,Cultivated Crops,#ab6c28,2010
Georgia,Class_82,21032.92,Cultivated Crops,#ab6c28,2010
South Carolina,Class_82,8873.6,Cultivated Crops,#ab6c28,2010
Virginia,Class_82,5836.8,Cultivated Crops,#ab6c28,2010
District of Columbia,Class_82,0.0,Cultivated Crops,#ab6c28,2010
Alabama,Class_82,5975.35,Cultivated Crops,#ab6c28,2010
Tennessee,Class_82,11444.95,Cultivated Crops,#ab6c28,2010
Kentucky,Class_82,12040.25,Cultivated Crops,#ab6c28,2010
Mississippi,Class_82,17454.15,Cultivated Crops,#ab6c28,2010
Louisiana,Class_82,18725.96,Cultivated Crops,#ab6c28,2010
Texas,Class_82,82503.94,Cultivated Crops,#ab6c28,2010
Oklahoma,Class_82,31260.33,Cultivated Crops,#ab6c28,2010
Arkansas,Class_82,29427.9,Cultivated Crops,#ab6c28,2010
West Virginia,Class_95,32.36,Emergent Herbaceous Wetlands,#6c9fb8,2010
Florida,Class_95,14658.57,Emergent Herbaceous Wetlands,#6c9fb8,2010
Maryland,Class_95,781.9,Emergent Herbaceous Wetlands,#6c9fb8,2010
North Carolina,Class_95,1029.76,Emergent Herbaceous Wetlands,#6c9fb8,2010
Delaware,Class_95,317.78,Emergent Herbaceous Wetlands,#6c9fb8,2010
Georgia,Class_95,1824.97,Emergent Herbaceous Wetlands,#6c9fb8,2010
South Carolina,Class_95,1974.12,Emergent Herbaceous Wetlands,#6c9fb8,2010
Virginia,Class_95,792.93,Emergent Herbaceous Wetlands,#6c9fb8,2010
District of Columbia,Class_95,0.21,Emergent Herbaceous Wetlands,#6c9fb8,2010
Alabama,Class_95,207.06,Emergent Herbaceous Wetlands,#6c9fb8,2010
Tennessee,Class_95,138.06,Emergent Herbaceous Wetlands,#6c9fb8,2010
Kentucky,Class_95,140.22,Emergent Herbaceous Wetlands,#6c9fb8,2010
Mississippi,Class_95,473.95,Emergent Herbaceous Wetlands,#6c9fb8,2010
Louisiana,Class_95,12631.96,Emergent Herbaceous Wetlands,#6c9fb8,2010
Texas,Class_95,7281.33,Emergent Herbaceous Wetlands,#6c9fb8,2010
Oklahoma,Class_95,321.35,Emergent Herbaceous Wetlands,#6c9fb8,2010
Arkansas,Class_95,139.22,Emergent Herbaceous Wetlands,#6c9fb8,2010
West Virginia,Class_41,48940.4,Deciduous Forest,#68ab5f,2010
Florida,Class_41,4.88,Deciduous Forest,#68ab5f,2010
Maryland,Class_41,6284.87,Deciduous Forest,#68ab5f,2010
North Carolina,Class_41,25776.46,Deciduous Forest,#68ab5f,2010
Delaware,Class_41,192.42,Deciduous Forest,#68ab5f,2010
Georgia,Class_41,19484.79,Deciduous Forest,#68ab5f,2010
South Carolina,Class_41,6710.6,Deciduous Forest,#68ab5f,2010
Virginia,Class_41,35435.09,Deciduous Forest,#68ab5f,2010
District of Columbia,Class_41,12.63,Deciduous Forest,#68ab5f,2010
Alabama,Class_41,21535.71,Deciduous Forest,#68ab5f,2010
Tennessee,Class_41,43843.76,Deciduous Forest,#68ab5f,2010
Kentucky,Class_41,49018.97,Deciduous Forest,#68ab5f,2010
Mississippi,Class_41,11070.73,Deciduous Forest,#68ab5f,2010
Louisiana,Class_41,303.7,Deciduous Forest,#68ab5f,2010
Texas,Class_41,8654.2,Deciduous Forest,#68ab5f,2010
Oklahoma,Class_41,28069.35,Deciduous Forest,#68ab5f,2010
Arkansas,Class_41,26508.92,Deciduous Forest,#68ab5f,2010
West Virginia,Class_52,74.21,Shrub/Scrub,#ccb879,2010
Florida,Class_52,3915.16,Shrub/Scrub,#ccb879,2010
Maryland,Class_52,78.58,Shrub/Scrub,#ccb879,2010
North Carolina,Class_52,2148.99,Shrub/Scrub,#ccb879,2010
Delaware,Class_52,19.1,Shrub/Scrub,#ccb879,2010
Georgia,Class_52,3162.79,Shrub/Scrub,#ccb879,2010
South Carolina,Class_52,1498.35,Shrub/Scrub,#ccb879,2010
Virginia,Class_52,1229.33,Shrub/Scrub,#ccb879,2010
District of Columbia,Class_52,0.0,Shrub/Scrub,#ccb879,2010
Alabama,Class_52,6062.42,Shrub/Scrub,#ccb879,2010
Tennessee,Class_52,837.88,Shrub/Scrub,#ccb879,2010
Kentucky,Class_52,56.19,Shrub/Scrub,#ccb879,2010
Mississippi,Class_52,4282.23,Shrub/Scrub,#ccb879,2010
Louisiana,Class_52,2992.18,Shrub/Scrub,#ccb879,2010
Texas,Class_52,312582.74,Shrub/Scrub,#ccb879,2010
Oklahoma,Class_52,6014.36,Shrub/Scrub,#ccb879,2010
Arkansas,Class_52,2421.15,Shrub/Scrub,#ccb879,2010
West Virginia,Class_31,468.44,Barren Land,#b3ac9f,2010
Florida,Class_31,975.43,Barren Land,#b3ac9f,2010
Maryland,Class_31,125.96,Barren Land,#b3ac9f,2010
North Carolina,Class_31,381.12,Barren Land,#b3ac9f,2010
Delaware,Class_31,18.98,Barren Land,#b3ac9f,2010
Georgia,Class_31,423.51,Barren Land,#b3ac9f,2010
South Carolina,Class_31,222.86,Barren Land,#b3ac9f,2010
Virginia,Class_31,309.3,Barren Land,#b3ac9f,2010
District of Columbia,Class_31,0.0,Barren Land,#b3ac9f,2010
Alabama,Class_31,295.49,Barren Land,#b3ac9f,2010
Tennessee,Class_31,173.47,Barren Land,#b3ac9f,2010
Kentucky,Class_31,546.47,Barren Land,#b3ac9f,2010
Mississippi,Class_31,224.63,Barren Land,#b3ac9f,2010
Louisiana,Class_31,241.78,Barren Land,#b3ac9f,2010
Texas,Class_31,1992.68,Barren Land,#b3ac9f,2010
Oklahoma,Class_31,592.11,Barren Land,#b3ac9f,2010
Arkansas,Class_31,255.2,Barren Land,#b3ac9f,2010
West Virginia,Class_42,391.25,Evergreen Forest,#1c5f2c,2010
Florida,Class_42,28273.25,Evergreen Forest,#1c5f2c,2010
Maryland,Class_42,512.87,Evergreen Forest,#1c5f2c,2010
North Carolina,Class_42,17587.94,Evergreen Forest,#1c5f2c,2010
Delaware,Class_42,152.37,Evergreen Forest,#1c5f2c,2010
Georgia,Class_42,39455.5,Evergreen Forest,#1c5f2c,2010
South Carolina,Class_42,21859.81,Evergreen Forest,#1c5f2c,2010
Virginia,Class_42,9216.29,Evergreen Forest,#1c5f2c,2010
District of Columbia,Class_42,0.07,Evergreen Forest,#1c5f2c,2010
Alabama,Class_42,29505.3,Evergreen Forest,#1c5f2c,2010
Tennessee,Class_42,2946.01,Evergreen Forest,#1c5f2c,2010
Kentucky,Class_42,324.01,Evergreen Forest,#1c5f2c,2010
Mississippi,Class_42,23868.17,Evergreen Forest,#1c5f2c,2010
Louisiana,Class_42,25451.43,Evergreen Forest,#1c5f2c,2010
Texas,Class_42,37572.69,Evergreen Forest,#1c5f2c,2010
Oklahoma,Class_42,5295.89,Evergreen Forest,#1c5f2c,2010
Arkansas,Class_42,25074.42,Evergreen Forest,#1c5f2c,2010
West Virginia,Class_21,1769.18,"Developed, Open Space",#dec5c5,2010
Florida,Class_21,5794.89,"Developed, Open Space",#dec5c5,2010
Maryland,Class_21,1880.79,"Developed, Open Space",#dec5c5,2010
North Carolina,Class_21,7190.72,"Developed, Open Space",#dec5c5,2010
Delaware,Class_21,228.65,"Developed, Open Space",#dec5c5,2010
Georgia,Class_21,7989.89,"Developed, Open Space",#dec5c5,2010
South Carolina,Class_21,4063.76,"Developed, Open Space",#dec5c5,2010
Virginia,Class_21,4901.1,"Developed, Open Space",#dec5c5,2010
District of Columbia,Class_21,21.68,"Developed, Open Space",#dec5c5,2010
Alabama,Class_21,6582.95,"Developed, Open Space",#dec5c5,2010
Tennessee,Class_21,5725.32,"Developed, Open Space",#dec5c5,2010
Kentucky,Class_21,3833.57,"Developed, Open Space",#dec5c5,2010
Mississippi,Class_21,4921.02,"Developed, Open Space",#dec5c5,2010
Louisiana,Class_21,3211.97,"Developed, Open Space",#dec5c5,2010
Texas,Class_21,10037.71,"Developed, Open Space",#dec5c5,2010
Oklahoma,Class_21,4583.91,"Developed, Open Space",#dec5c5,2010
Arkansas,Class_21,3090.19,"Developed, Open Space",#dec5c5,2010
West Virginia,Class_43,3189.84,Mixed Forest,#b5c58f,2010
Florida,Class_43,198.39,Mixed Forest,#b5c58f,2010
Maryland,Class_43,1405.75,Mixed Forest,#b5c58f,2010
North Carolina,Class_43,11228.41,Mixed Forest,#b5c58f,2010
Delaware,Class_43,153.21,Mixed Forest,#b5c58f,2010
Georgia,Class_43,6260.55,Mixed Forest,#b5c58f,2010
South Carolina,Class_43,2615.69,Mixed Forest,#b5c58f,2010
Virginia,Class_43,14501.32,Mixed Forest,#b5c58f,2010
District of Columbia,Class_43,0.0,Mixed Forest,#b5c58f,2010
Alabama,Class_43,11266.43,Mixed Forest,#b5c58f,2010
Tennessee,Class_43,7257.7,Mixed Forest,#b5c58f,2010
Kentucky,Class_43,4224.41,Mixed Forest,#b5c58f,2010
Mississippi,Class_43,10339.81,Mixed Forest,#b5c58f,2010
Louisiana,Class_43,1269.61,Mixed Forest,#b5c58f,2010
Texas,Class_43,12696.42,Mixed Forest,#b5c58f,2010
Oklahoma,Class_43,3358.79,Mixed Forest,#b5c58f,2010
Arkansas,Class_43,6673.94,Mixed Forest,#b5c58f,2010
West Virginia,Class_11,408.27,Open Water,#466b9f,2010
Florida,Class_11,28761.93,Open Water,#466b9f,2010
Maryland,Class_11,7007.19,Open Water,#466b9f,2010
North Carolina,Class_11,13399.48,Open Water,#466b9f,2010
Delaware,Class_11,1399.5,Open Water,#466b9f,2010
Georgia,Class_11,3894.13,Open Water,#466b9f,2010
South Carolina,Class_11,4980.53,Open Water,#466b9f,2010
Virginia,Class_11,8418.45,Open Water,#466b9f,2010
District of Columbia,Class_11,17.57,Open Water,#466b9f,2010
Alabama,Class_11,4600.01,Open Water,#466b9f,2010
Tennessee,Class_11,2466.36,Open Water,#466b9f,2010
Kentucky,Class_11,1804.27,Open Water,#466b9f,2010
Mississippi,Class_11,4114.73,Open Water,#466b9f,2010
Louisiana,Class_11,22965.26,Open Water,#466b9f,2010
Texas,Class_11,16366.47,Open Water,#466b9f,2010
Oklahoma,Class_11,2978.76,Open Water,#466b9f,2010
Arkansas,Class_11,2865.26,Open Water,#466b9f,2010
West Virginia,Class_22,623.88,"Developed, Low Intensity",#d99282,2010
Florida,Class_22,9744.18,"Developed, Low Intensity",#d99282,2010
Maryland,Class_22,1696.59,"Developed, Low Intensity",#d99282,2010
North Carolina,Class_22,5144.36,"Developed, Low Intensity",#d99282,2010
Delaware,Class_22,431.4,"Developed, Low Intensity",#d99282,2010
Georgia,Class_22,5232.15,"Developed, Low Intensity",#d99282,2010
South Carolina,Class_22,2961.25,"Developed, Low Intensity",#d99282,2010
Virginia,Class_22,2791.08,"Developed, Low Intensity",#d99282,2010
District of Columbia,Class_22,33.19,"Developed, Low Intensity",#d99282,2010
Alabama,Class_22,2781.13,"Developed, Low Intensity",#d99282,2010
Tennessee,Class_22,2784.53,"Developed, Low Intensity",#d99282,2010
Kentucky,Class_22,1740.5,"Developed, Low Intensity",#d99282,2010
Mississippi,Class_22,1863.63,"Developed, Low Intensity",#d99282,2010
Louisiana,Class_22,2519.02,"Developed, Low Intensity",#d99282,2010
Texas,Class_22,12252.45,"Developed, Low Intensity",#d99282,2010
Oklahoma,Class_22,2540.25,"Developed, Low Intensity",#d99282,2010
Arkansas,Class_22,1926.75,"Developed, Low Intensity",#d99282,2010
West Virginia,Class_23,379.76,"Developed, Medium Intensity",#eb0000,2010
Florida,Class_23,5128.52,"Developed, Medium Intensity",#eb0000,2010
Maryland,Class_23,896.34,"Developed, Medium Intensity",#eb0000,2010
North Carolina,Class_23,1554.14,"Developed, Medium Intensity",#eb0000,2010
Delaware,Class_23,208.73,"Developed, Medium Intensity",#eb0000,2010
Georgia,Class_23,1586.14,"Developed, Medium Intensity",#eb0000,2010
South Carolina,Class_23,852.68,"Developed, Medium Intensity",#eb0000,2010
Virginia,Class_23,1430.45,"Developed, Medium Intensity",#eb0000,2010
District of Columbia,Class_23,71.17,"Developed, Medium Intensity",#eb0000,2010
Alabama,Class_23,960.14,"Developed, Medium Intensity",#eb0000,2010
Tennessee,Class_23,1167.98,"Developed, Medium Intensity",#eb0000,2010
Kentucky,Class_23,886.69,"Developed, Medium Intensity",#eb0000,2010
Mississippi,Class_23,555.11,"Developed, Medium Intensity",#eb0000,2010
Louisiana,Class_23,1146.17,"Developed, Medium Intensity",#eb0000,2010
Texas,Class_23,7793.89,"Developed, Medium Intensity",#eb0000,2010
Oklahoma,Class_23,1156.91,"Developed, Medium Intensity",#eb0000,2010
Arkansas,Class_23,643.23,"Developed, Medium Intensity",#eb0000,2010
West Virginia,Class_24,59.17,"Developed, High Intensity",#ab0000,2010
Florida,Class_24,611.21,"Developed, High Intensity",#ab0000,2010
Maryland,Class_24,214.81,"Developed, High Intensity",#ab0000,2010
North Carolina,Class_24,363.94,"Developed, High Intensity",#ab0000,2010
Delaware,Class_24,48.92,"Developed, High Intensity",#ab0000,2010
Georgia,Class_24,467.39,"Developed, High Intensity",#ab0000,2010
South Carolina,Class_24,226.35,"Developed, High Intensity",#ab0000,2010
Virginia,Class_24,315.72,"Developed, High Intensity",#ab0000,2010
District of Columbia,Class_24,18.52,"Developed, High Intensity",#ab0000,2010
Alabama,Class_24,209.58,"Developed, High Intensity",#ab0000,2010
Tennessee,Class_24,316.26,"Developed, High Intensity",#ab0000,2010
Kentucky,Class_24,204.98,"Developed, High Intensity",#ab0000,2010
Mississippi,Class_24,111.59,"Developed, High Intensity",#ab0000,2010
Louisiana,Class_24,251.82,"Developed, High Intensity",#ab0000,2010
Texas,Class_24,1313.56,"Developed, High Intensity",#ab0000,2010
Oklahoma,Class_24,228.01,"Developed, High Intensity",#ab0000,2010
Arkansas,Class_24,149.48,"Developed, High Intensity",#ab0000,2010
West Virginia,Class_90,69.89,Woody Wetlands,#b8d9eb,2010
Florida,Class_90,39534.73,Woody Wetlands,#b8d9eb,2010
Maryland,Class_90,2814.21,Woody Wetlands,#b8d9eb,2010
North Carolina,Class_90,19470.6,Woody Wetlands,#b8d9eb,2010
Delaware,Class_90,1002.22,Woody Wetlands,#b8d9eb,2010
Georgia,Class_90,25829.81,Woody Wetlands,#b8d9eb,2010
South Carolina,Class_90,17559.52,Woody Wetlands,#b8d9eb,2010
Virginia,Class_90,5284.39,Woody Wetlands,#b8d9eb,2010
District of Columbia,Class_90,1.89,Woody Wetlands,#b8d9eb,2010
Alabama,Class_90,16943.25,Woody Wetlands,#b8d9eb,2010
Tennessee,Class_90,3371.62,Woody Wetlands,#b8d9eb,2010
Kentucky,Class_90,1290.95,Woody Wetlands,#b8d9eb,2010
Mississippi,Class_90,22479.04,Woody Wetlands,#b8d9eb,2010
Louisiana,Class_90,28237.72,Woody Wetlands,#b8d9eb,2010
Texas,Class_90,19332.2,Woody Wetlands,#b8d9eb,2010
Oklahoma,Class_90,1316.59,Woody Wetlands,#b8d9eb,2010
Arkansas,Class_90,14149.6,Woody Wetlands,#b8d9eb,2010
West Virginia,Class_81,5525.2,Pasture/Hay,#dcd939,2011
Florida,Class_81,19680.51,Pasture/Hay,#dcd939,2011
Maryland,Class_81,2723.87,Pasture/Hay,#dcd939,2011
North Carolina,Class_81,12060.89,Pasture/Hay,#dcd939,2011
Delaware,Class_81,42.52,Pasture/Hay,#dcd939,2011
Georgia,Class_81,12661.33,Pasture/Hay,#dcd939,2011
South Carolina,Class_81,6279.16,Pasture/Hay,#dcd939,2011
Virginia,Class_81,17927.23,Pasture/Hay,#dcd939,2011
District of Columbia,Class_81,0.07,Pasture/Hay,#dcd939,2011
Alabama,Class_81,23217.29,Pasture/Hay,#dcd939,2011
Tennessee,Class_81,25543.85,Pasture/Hay,#dcd939,2011
Kentucky,Class_81,27633.0,Pasture/Hay,#dcd939,2011
Mississippi,Class_81,20187.96,Pasture/Hay,#dcd939,2011
Louisiana,Class_81,11508.91,Pasture/Hay,#dcd939,2011
Texas,Class_81,83691.14,Pasture/Hay,#dcd939,2011
Oklahoma,Class_81,22716.35,Pasture/Hay,#dcd939,2011
Arkansas,Class_81,21865.18,Pasture/Hay,#dcd939,2011
West Virginia,Class_71,570.73,Grassland/Herbaceous,#dfdfc2,2011
Florida,Class_71,3243.43,Grassland/Herbaceous,#dfdfc2,2011
Maryland,Class_71,42.63,Grassland/Herbaceous,#dfdfc2,2011
North Carolina,Class_71,2280.83,Grassland/Herbaceous,#dfdfc2,2011
Delaware,Class_71,8.28,Grassland/Herbaceous,#dfdfc2,2011
Georgia,Class_71,4891.66,Grassland/Herbaceous,#dfdfc2,2011
South Carolina,Class_71,2249.81,Grassland/Herbaceous,#dfdfc2,2011
Virginia,Class_71,2283.48,Grassland/Herbaceous,#dfdfc2,2011
District of Columbia,Class_71,0.0,Grassland/Herbaceous,#dfdfc2,2011
Alabama,Class_71,5524.17,Grassland/Herbaceous,#dfdfc2,2011
Tennessee,Class_71,903.27,Grassland/Herbaceous,#dfdfc2,2011
Kentucky,Class_71,487.2,Grassland/Herbaceous,#dfdfc2,2011
Mississippi,Class_71,3198.16,Grassland/Herbaceous,#dfdfc2,2011
Louisiana,Class_71,2821.24,Grassland/Herbaceous,#dfdfc2,2011
Texas,Class_71,80379.83,Grassland/Herbaceous,#dfdfc2,2011
Oklahoma,Class_71,70260.53,Grassland/Herbaceous,#dfdfc2,2011
Arkansas,Class_71,2760.11,Grassland/Herbaceous,#dfdfc2,2011
West Virginia,Class_82,245.61,Cultivated Crops,#ab6c28,2011
Florida,Class_82,9616.6,Cultivated Crops,#ab6c28,2011
Maryland,Class_82,5636.62,Cultivated Crops,#ab6c28,2011
North Carolina,Class_82,19651.73,Cultivated Crops,#ab6c28,2011
Delaware,Class_82,2211.71,Cultivated Crops,#ab6c28,2011
Georgia,Class_82,21025.35,Cultivated Crops,#ab6c28,2011
South Carolina,Class_82,8818.56,Cultivated Crops,#ab6c28,2011
Virginia,Class_82,5875.26,Cultivated Crops,#ab6c28,2011
District of Columbia,Class_82,0.0,Cultivated Crops,#ab6c28,2011
Alabama,Class_82,6064.56,Cultivated Crops,#ab6c28,2011
Tennessee,Class_82,11609.28,Cultivated Crops,#ab6c28,2011
Kentucky,Class_82,12432.8,Cultivated Crops,#ab6c28,2011
Mississippi,Class_82,17545.19,Cultivated Crops,#ab6c28,2011
Louisiana,Class_82,18686.58,Cultivated Crops,#ab6c28,2011
Texas,Class_82,83381.26,Cultivated Crops,#ab6c28,2011
Oklahoma,Class_82,31592.86,Cultivated Crops,#ab6c28,2011
Arkansas,Class_82,29392.02,Cultivated Crops,#ab6c28,2011
West Virginia,Class_95,32.22,Emergent Herbaceous Wetlands,#6c9fb8,2011
Florida,Class_95,14635.91,Emergent Herbaceous Wetlands,#6c9fb8,2011
Maryland,Class_95,778.52,Emergent Herbaceous Wetlands,#6c9fb8,2011
North Carolina,Class_95,1043.02,Emergent Herbaceous Wetlands,#6c9fb8,2011
Delaware,Class_95,316.97,Emergent Herbaceous Wetlands,#6c9fb8,2011
Georgia,Class_95,1833.09,Emergent Herbaceous Wetlands,#6c9fb8,2011
South Carolina,Class_95,1972.21,Emergent Herbaceous Wetlands,#6c9fb8,2011
Virginia,Class_95,786.22,Emergent Herbaceous Wetlands,#6c9fb8,2011
District of Columbia,Class_95,0.21,Emergent Herbaceous Wetlands,#6c9fb8,2011
Alabama,Class_95,205.79,Emergent Herbaceous Wetlands,#6c9fb8,2011
Tennessee,Class_95,136.03,Emergent Herbaceous Wetlands,#6c9fb8,2011
Kentucky,Class_95,139.18,Emergent Herbaceous Wetlands,#6c9fb8,2011
Mississippi,Class_95,469.26,Emergent Herbaceous Wetlands,#6c9fb8,2011
Louisiana,Class_95,12678.58,Emergent Herbaceous Wetlands,#6c9fb8,2011
Texas,Class_95,7557.17,Emergent Herbaceous Wetlands,#6c9fb8,2011
Oklahoma,Class_95,355.18,Emergent Herbaceous Wetlands,#6c9fb8,2011
Arkansas,Class_95,146.47,Emergent Herbaceous Wetlands,#6c9fb8,2011
West Virginia,Class_41,48937.82,Deciduous Forest,#68ab5f,2011
Florida,Class_41,5.04,Deciduous Forest,#68ab5f,2011
Maryland,Class_41,6281.17,Deciduous Forest,#68ab5f,2011
North Carolina,Class_41,25744.41,Deciduous Forest,#68ab5f,2011
Delaware,Class_41,192.48,Deciduous Forest,#68ab5f,2011
Georgia,Class_41,19418.27,Deciduous Forest,#68ab5f,2011
South Carolina,Class_41,6715.98,Deciduous Forest,#68ab5f,2011
Virginia,Class_41,35419.53,Deciduous Forest,#68ab5f,2011
District of Columbia,Class_41,12.63,Deciduous Forest,#68ab5f,2011
Alabama,Class_41,21310.8,Deciduous Forest,#68ab5f,2011
Tennessee,Class_41,43827.17,Deciduous Forest,#68ab5f,2011
Kentucky,Class_41,49005.74,Deciduous Forest,#68ab5f,2011
Mississippi,Class_41,11008.26,Deciduous Forest,#68ab5f,2011
Louisiana,Class_41,297.36,Deciduous Forest,#68ab5f,2011
Texas,Class_41,8405.91,Deciduous Forest,#68ab5f,2011
Oklahoma,Class_41,28001.89,Deciduous Forest,#68ab5f,2011
Arkansas,Class_41,26436.43,Deciduous Forest,#68ab5f,2011
West Virginia,Class_52,77.38,Shrub/Scrub,#ccb879,2011
Florida,Class_52,3881.04,Shrub/Scrub,#ccb879,2011
Maryland,Class_52,74.21,Shrub/Scrub,#ccb879,2011
North Carolina,Class_52,2163.53,Shrub/Scrub,#ccb879,2011
Delaware,Class_52,17.32,Shrub/Scrub,#ccb879,2011
Georgia,Class_52,3190.67,Shrub/Scrub,#ccb879,2011
South Carolina,Class_52,1508.19,Shrub/Scrub,#ccb879,2011
Virginia,Class_52,1254.98,Shrub/Scrub,#ccb879,2011
District of Columbia,Class_52,0.0,Shrub/Scrub,#ccb879,2011
Alabama,Class_52,5941.96,Shrub/Scrub,#ccb879,2011
Tennessee,Class_52,776.05,Shrub/Scrub,#ccb879,2011
Kentucky,Class_52,54.43,Shrub/Scrub,#ccb879,2011
Mississippi,Class_52,4186.83,Shrub/Scrub,#ccb879,2011
Louisiana,Class_52,2787.04,Shrub/Scrub,#ccb879,2011
Texas,Class_52,313320.83,Shrub/Scrub,#ccb879,2011
Oklahoma,Class_52,6206.76,Shrub/Scrub,#ccb879,2011
Arkansas,Class_52,2161.67,Shrub/Scrub,#ccb879,2011
West Virginia,Class_31,469.61,Barren Land,#b3ac9f,2011
Florida,Class_31,973.9,Barren Land,#b3ac9f,2011
Maryland,Class_31,125.81,Barren Land,#b3ac9f,2011
North Carolina,Class_31,383.32,Barren Land,#b3ac9f,2011
Delaware,Class_31,18.91,Barren Land,#b3ac9f,2011
Georgia,Class_31,427.3,Barren Land,#b3ac9f,2011
South Carolina,Class_31,226.66,Barren Land,#b3ac9f,2011
Virginia,Class_31,308.68,Barren Land,#b3ac9f,2011
District of Columbia,Class_31,0.0,Barren Land,#b3ac9f,2011
Alabama,Class_31,300.16,Barren Land,#b3ac9f,2011
Tennessee,Class_31,176.87,Barren Land,#b3ac9f,2011
Kentucky,Class_31,549.47,Barren Land,#b3ac9f,2011
Mississippi,Class_31,232.69,Barren Land,#b3ac9f,2011
Louisiana,Class_31,249.99,Barren Land,#b3ac9f,2011
Texas,Class_31,2132.58,Barren Land,#b3ac9f,2011
Oklahoma,Class_31,699.03,Barren Land,#b3ac9f,2011
Arkansas,Class_31,267.72,Barren Land,#b3ac9f,2011
West Virginia,Class_42,389.02,Evergreen Forest,#1c5f2c,2011
Florida,Class_42,28209.49,Evergreen Forest,#1c5f2c,2011
Maryland,Class_42,518.81,Evergreen Forest,#1c5f2c,2011
North Carolina,Class_42,17708.64,Evergreen Forest,#1c5f2c,2011
Delaware,Class_42,156.82,Evergreen Forest,#1c5f2c,2011
Georgia,Class_42,39249.97,Evergreen Forest,#1c5f2c,2011
South Carolina,Class_42,21859.07,Evergreen Forest,#1c5f2c,2011
Virginia,Class_42,9337.23,Evergreen Forest,#1c5f2c,2011
District of Columbia,Class_42,0.07,Evergreen Forest,#1c5f2c,2011
Alabama,Class_42,29955.23,Evergreen Forest,#1c5f2c,2011
Tennessee,Class_42,3015.95,Evergreen Forest,#1c5f2c,2011
Kentucky,Class_42,320.67,Evergreen Forest,#1c5f2c,2011
Mississippi,Class_42,24330.28,Evergreen Forest,#1c5f2c,2011
Louisiana,Class_42,25694.13,Evergreen Forest,#1c5f2c,2011
Texas,Class_42,38219.33,Evergreen Forest,#1c5f2c,2011
Oklahoma,Class_42,5444.88,Evergreen Forest,#1c5f2c,2011
Arkansas,Class_42,25216.95,Evergreen Forest,#1c5f2c,2011
West Virginia,Class_21,1777.53,"Developed, Open Space",#dec5c5,2011
Florida,Class_21,5791.97,"Developed, Open Space",#dec5c5,2011
Maryland,Class_21,1895.1,"Developed, Open Space",#dec5c5,2011
North Carolina,Class_21,7230.87,"Developed, Open Space",#dec5c5,2011
Delaware,Class_21,231.64,"Developed, Open Space",#dec5c5,2011
Georgia,Class_21,8039.91,"Developed, Open Space",#dec5c5,2011
South Carolina,Class_21,4082.07,"Developed, Open Space",#dec5c5,2011
Virginia,Class_21,4924.79,"Developed, Open Space",#dec5c5,2011
District of Columbia,Class_21,21.7,"Developed, Open Space",#dec5c5,2011
Alabama,Class_21,6630.96,"Developed, Open Space",#dec5c5,2011
Tennessee,Class_21,5795.75,"Developed, Open Space",#dec5c5,2011
Kentucky,Class_21,3869.92,"Developed, Open Space",#dec5c5,2011
Mississippi,Class_21,4933.45,"Developed, Open Space",#dec5c5,2011
Louisiana,Class_21,3226.16,"Developed, Open Space",#dec5c5,2011
Texas,Class_21,10059.26,"Developed, Open Space",#dec5c5,2011
Oklahoma,Class_21,4563.81,"Developed, Open Space",#dec5c5,2011
Arkansas,Class_21,3104.49,"Developed, Open Space",#dec5c5,2011
West Virginia,Class_43,3181.45,Mixed Forest,#b5c58f,2011
Florida,Class_43,199.91,Mixed Forest,#b5c58f,2011
Maryland,Class_43,1402.27,Mixed Forest,#b5c58f,2011
North Carolina,Class_43,11142.18,Mixed Forest,#b5c58f,2011
Delaware,Class_43,152.16,Mixed Forest,#b5c58f,2011
Georgia,Class_43,6200.82,Mixed Forest,#b5c58f,2011
South Carolina,Class_43,2598.32,Mixed Forest,#b5c58f,2011
Virginia,Class_43,14390.17,Mixed Forest,#b5c58f,2011
District of Columbia,Class_43,0.0,Mixed Forest,#b5c58f,2011
Alabama,Class_43,11131.59,Mixed Forest,#b5c58f,2011
Tennessee,Class_43,7243.7,Mixed Forest,#b5c58f,2011
Kentucky,Class_43,4213.47,Mixed Forest,#b5c58f,2011
Mississippi,Class_43,10258.37,Mixed Forest,#b5c58f,2011
Louisiana,Class_43,1253.12,Mixed Forest,#b5c58f,2011
Texas,Class_43,12186.3,Mixed Forest,#b5c58f,2011
Oklahoma,Class_43,3290.92,Mixed Forest,#b5c58f,2011
Arkansas,Class_43,6647.55,Mixed Forest,#b5c58f,2011
West Virginia,Class_11,411.0,Open Water,#466b9f,2011
Florida,Class_11,28670.88,Open Water,#466b9f,2011
Maryland,Class_11,7011.23,Open Water,#466b9f,2011
North Carolina,Class_11,13397.83,Open Water,#466b9f,2011
Delaware,Class_11,1400.88,Open Water,#466b9f,2011
Georgia,Class_11,3838.77,Open Water,#466b9f,2011
South Carolina,Class_11,4965.59,Open Water,#466b9f,2011
Virginia,Class_11,8428.29,Open Water,#466b9f,2011
District of Columbia,Class_11,17.78,Open Water,#466b9f,2011
Alabama,Class_11,4584.78,Open Water,#466b9f,2011
Tennessee,Class_11,2461.19,Open Water,#466b9f,2011
Kentucky,Class_11,1809.48,Open Water,#466b9f,2011
Mississippi,Class_11,4080.13,Open Water,#466b9f,2011
Louisiana,Class_11,22877.92,Open Water,#466b9f,2011
Texas,Class_11,15257.34,Open Water,#466b9f,2011
Oklahoma,Class_11,2654.78,Open Water,#466b9f,2011
Arkansas,Class_11,2859.43,Open Water,#466b9f,2011
West Virginia,Class_22,626.89,"Developed, Low Intensity",#d99282,2011
Florida,Class_22,9800.06,"Developed, Low Intensity",#d99282,2011
Maryland,Class_22,1706.88,"Developed, Low Intensity",#d99282,2011
North Carolina,Class_22,5185.8,"Developed, Low Intensity",#d99282,2011
Delaware,Class_22,437.2,"Developed, Low Intensity",#d99282,2011
Georgia,Class_22,5243.03,"Developed, Low Intensity",#d99282,2011
South Carolina,Class_22,2982.28,"Developed, Low Intensity",#d99282,2011
Virginia,Class_22,2805.23,"Developed, Low Intensity",#d99282,2011
District of Columbia,Class_22,32.82,"Developed, Low Intensity",#d99282,2011
Alabama,Class_22,2783.9,"Developed, Low Intensity",#d99282,2011
Tennessee,Class_22,2795.56,"Developed, Low Intensity",#d99282,2011
Kentucky,Class_22,1750.96,"Developed, Low Intensity",#d99282,2011
Mississippi,Class_22,1871.74,"Developed, Low Intensity",#d99282,2011
Louisiana,Class_22,2540.12,"Developed, Low Intensity",#d99282,2011
Texas,Class_22,12399.0,"Developed, Low Intensity",#d99282,2011
Oklahoma,Class_22,2551.17,"Developed, Low Intensity",#d99282,2011
Arkansas,Class_22,1933.07,"Developed, Low Intensity",#d99282,2011
West Virginia,Class_23,381.33,"Developed, Medium Intensity",#eb0000,2011
Florida,Class_23,5141.77,"Developed, Medium Intensity",#eb0000,2011
Maryland,Class_23,902.03,"Developed, Medium Intensity",#eb0000,2011
North Carolina,Class_23,1567.12,"Developed, Medium Intensity",#eb0000,2011
Delaware,Class_23,208.66,"Developed, Medium Intensity",#eb0000,2011
Georgia,Class_23,1599.12,"Developed, Medium Intensity",#eb0000,2011
South Carolina,Class_23,857.97,"Developed, Medium Intensity",#eb0000,2011
Virginia,Class_23,1441.16,"Developed, Medium Intensity",#eb0000,2011
District of Columbia,Class_23,71.31,"Developed, Medium Intensity",#eb0000,2011
Alabama,Class_23,964.65,"Developed, Medium Intensity",#eb0000,2011
Tennessee,Class_23,1177.22,"Developed, Medium Intensity",#eb0000,2011
Kentucky,Class_23,890.89,"Developed, Medium Intensity",#eb0000,2011
Mississippi,Class_23,559.27,"Developed, Medium Intensity",#eb0000,2011
Louisiana,Class_23,1159.94,"Developed, Medium Intensity",#eb0000,2011
Texas,Class_23,7886.53,"Developed, Medium Intensity",#eb0000,2011
Oklahoma,Class_23,1170.25,"Developed, Medium Intensity",#eb0000,2011
Arkansas,Class_23,652.83,"Developed, Medium Intensity",#eb0000,2011
West Virginia,Class_24,59.45,"Developed, High Intensity",#ab0000,2011
Florida,Class_24,616.02,"Developed, High Intensity",#ab0000,2011
Maryland,Class_24,215.65,"Developed, High Intensity",#ab0000,2011
North Carolina,Class_24,368.82,"Developed, High Intensity",#ab0000,2011
Delaware,Class_24,48.85,"Developed, High Intensity",#ab0000,2011
Georgia,Class_24,472.26,"Developed, High Intensity",#ab0000,2011
South Carolina,Class_24,229.71,"Developed, High Intensity",#ab0000,2011
Virginia,Class_24,317.21,"Developed, High Intensity",#ab0000,2011
District of Columbia,Class_24,18.53,"Developed, High Intensity",#ab0000,2011
Alabama,Class_24,210.92,"Developed, High Intensity",#ab0000,2011
Tennessee,Class_24,317.72,"Developed, High Intensity",#ab0000,2011
Kentucky,Class_24,206.5,"Developed, High Intensity",#ab0000,2011
Mississippi,Class_24,112.71,"Developed, High Intensity",#ab0000,2011
Louisiana,Class_24,255.47,"Developed, High Intensity",#ab0000,2011
Texas,Class_24,1330.04,"Developed, High Intensity",#ab0000,2011
Oklahoma,Class_24,230.36,"Developed, High Intensity",#ab0000,2011
Arkansas,Class_24,150.96,"Developed, High Intensity",#ab0000,2011
West Virginia,Class_90,69.68,Woody Wetlands,#b8d9eb,2011
Florida,Class_90,39613.84,Woody Wetlands,#b8d9eb,2011
Maryland,Class_90,2814.42,Woody Wetlands,#b8d9eb,2011
North Carolina,Class_90,19454.88,Woody Wetlands,#b8d9eb,2011
Delaware,Class_90,1001.31,Woody Wetlands,#b8d9eb,2011
Georgia,Class_90,25812.63,Woody Wetlands,#b8d9eb,2011
South Carolina,Class_90,17563.73,Woody Wetlands,#b8d9eb,2011
Virginia,Class_90,5284.82,Woody Wetlands,#b8d9eb,2011
District of Columbia,Class_90,1.89,Woody Wetlands,#b8d9eb,2011
Alabama,Class_90,16939.01,Woody Wetlands,#b8d9eb,2011
Tennessee,Class_90,3372.32,Woody Wetlands,#b8d9eb,2011
Kentucky,Class_90,1290.6,Woody Wetlands,#b8d9eb,2011
Mississippi,Class_90,22463.72,Woody Wetlands,#b8d9eb,2011
Louisiana,Class_90,28216.44,Woody Wetlands,#b8d9eb,2011
Texas,Class_90,19314.59,Woody Wetlands,#b8d9eb,2011
Oklahoma,Class_90,1298.24,Woody Wetlands,#b8d9eb,2011
Arkansas,Class_90,14136.16,Woody Wetlands,#b8d9eb,2011
West Virginia,Class_81,5511.93,Pasture/Hay,#dcd939,2012
Florida,Class_81,19643.51,Pasture/Hay,#dcd939,2012
Maryland,Class_81,2706.22,Pasture/Hay,#dcd939,2012
North Carolina,Class_81,12003.17,Pasture/Hay,#dcd939,2012
Delaware,Class_81,42.52,Pasture/Hay,#dcd939,2012
Georgia,Class_81,12672.27,Pasture/Hay,#dcd939,2012
South Carolina,Class_81,6259.94,Pasture/Hay,#dcd939,2012
Virginia,Class_81,17848.26,Pasture/Hay,#dcd939,2012
District of Columbia,Class_81,0.07,Pasture/Hay,#dcd939,2012
Alabama,Class_81,23038.86,Pasture/Hay,#dcd939,2012
Tennessee,Class_81,25304.05,Pasture/Hay,#dcd939,2012
Kentucky,Class_81,27099.89,Pasture/Hay,#dcd939,2012
Mississippi,Class_81,20052.19,Pasture/Hay,#dcd939,2012
Louisiana,Class_81,11498.85,Pasture/Hay,#dcd939,2012
Texas,Class_81,83285.2,Pasture/Hay,#dcd939,2012
Oklahoma,Class_81,22565.55,Pasture/Hay,#dcd939,2012
Arkansas,Class_81,21882.43,Pasture/Hay,#dcd939,2012
West Virginia,Class_71,572.87,Grassland/Herbaceous,#dfdfc2,2012
Florida,Class_71,3284.99,Grassland/Herbaceous,#dfdfc2,2012
Maryland,Class_71,42.56,Grassland/Herbaceous,#dfdfc2,2012
North Carolina,Class_71,2221.21,Grassland/Herbaceous,#dfdfc2,2012
Delaware,Class_71,8.13,Grassland/Herbaceous,#dfdfc2,2012
Georgia,Class_71,5115.5,Grassland/Herbaceous,#dfdfc2,2012
South Carolina,Class_71,2238.12,Grassland/Herbaceous,#dfdfc2,2012
Virginia,Class_71,2236.66,Grassland/Herbaceous,#dfdfc2,2012
District of Columbia,Class_71,0.0,Grassland/Herbaceous,#dfdfc2,2012
Alabama,Class_71,5347.35,Grassland/Herbaceous,#dfdfc2,2012
Tennessee,Class_71,853.12,Grassland/Herbaceous,#dfdfc2,2012
Kentucky,Class_71,481.53,Grassland/Herbaceous,#dfdfc2,2012
Mississippi,Class_71,3184.51,Grassland/Herbaceous,#dfdfc2,2012
Louisiana,Class_71,2721.47,Grassland/Herbaceous,#dfdfc2,2012
Texas,Class_71,79358.22,Grassland/Herbaceous,#dfdfc2,2012
Oklahoma,Class_71,70171.8,Grassland/Herbaceous,#dfdfc2,2012
Arkansas,Class_71,2741.87,Grassland/Herbaceous,#dfdfc2,2012
West Virginia,Class_82,250.18,Cultivated Crops,#ab6c28,2012
Florida,Class_82,9674.02,Cultivated Crops,#ab6c28,2012
Maryland,Class_82,5627.43,Cultivated Crops,#ab6c28,2012
North Carolina,Class_82,19639.46,Cultivated Crops,#ab6c28,2012
Delaware,Class_82,2202.3,Cultivated Crops,#ab6c28,2012
Georgia,Class_82,21006.15,Cultivated Crops,#ab6c28,2012
South Carolina,Class_82,8766.64,Cultivated Crops,#ab6c28,2012
Virginia,Class_82,5929.27,Cultivated Crops,#ab6c28,2012
District of Columbia,Class_82,0.0,Cultivated Crops,#ab6c28,2012
Alabama,Class_82,6139.59,Cultivated Crops,#ab6c28,2012
Tennessee,Class_82,11822.79,Cultivated Crops,#ab6c28,2012
Kentucky,Class_82,12925.98,Cultivated Crops,#ab6c28,2012
Mississippi,Class_82,17619.99,Cultivated Crops,#ab6c28,2012
Louisiana,Class_82,18627.09,Cultivated Crops,#ab6c28,2012
Texas,Class_82,83791.74,Cultivated Crops,#ab6c28,2012
Oklahoma,Class_82,31698.63,Cultivated Crops,#ab6c28,2012
Arkansas,Class_82,29380.79,Cultivated Crops,#ab6c28,2012
West Virginia,Class_95,32.64,Emergent Herbaceous Wetlands,#6c9fb8,2012
Florida,Class_95,14554.67,Emergent Herbaceous Wetlands,#6c9fb8,2012
Maryland,Class_95,781.69,Emergent Herbaceous Wetlands,#6c9fb8,2012
North Carolina,Class_95,1038.78,Emergent Herbaceous Wetlands,#6c9fb8,2012
Delaware,Class_95,315.63,Emergent Herbaceous Wetlands,#6c9fb8,2012
Georgia,Class_95,1788.1,Emergent Herbaceous Wetlands,#6c9fb8,2012
South Carolina,Class_95,1962.59,Emergent Herbaceous Wetlands,#6c9fb8,2012
Virginia,Class_95,790.38,Emergent Herbaceous Wetlands,#6c9fb8,2012
District of Columbia,Class_95,0.21,Emergent Herbaceous Wetlands,#6c9fb8,2012
Alabama,Class_95,203.98,Emergent Herbaceous Wetlands,#6c9fb8,2012
Tennessee,Class_95,139.05,Emergent Herbaceous Wetlands,#6c9fb8,2012
Kentucky,Class_95,144.73,Emergent Herbaceous Wetlands,#6c9fb8,2012
Mississippi,Class_95,481.93,Emergent Herbaceous Wetlands,#6c9fb8,2012
Louisiana,Class_95,12653.54,Emergent Herbaceous Wetlands,#6c9fb8,2012
Texas,Class_95,7427.32,Emergent Herbaceous Wetlands,#6c9fb8,2012
Oklahoma,Class_95,365.82,Emergent Herbaceous Wetlands,#6c9fb8,2012
Arkansas,Class_95,153.0,Emergent Herbaceous Wetlands,#6c9fb8,2012
West Virginia,Class_41,48940.17,Deciduous Forest,#68ab5f,2012
Florida,Class_41,5.04,Deciduous Forest,#68ab5f,2012
Maryland,Class_41,6286.38,Deciduous Forest,#68ab5f,2012
North Carolina,Class_41,25700.16,Deciduous Forest,#68ab5f,2012
Delaware,Class_41,191.73,Deciduous Forest,#68ab5f,2012
Georgia,Class_41,19428.98,Deciduous Forest,#68ab5f,2012
South Carolina,Class_41,6727.63,Deciduous Forest,#68ab5f,2012
Virginia,Class_41,35415.17,Deciduous Forest,#68ab5f,2012
District of Columbia,Class_41,12.49,Deciduous Forest,#68ab5f,2012
Alabama,Class_41,21215.86,Deciduous Forest,#68ab5f,2012
Tennessee,Class_41,43862.57,Deciduous Forest,#68ab5f,2012
Kentucky,Class_41,49035.01,Deciduous Forest,#68ab5f,2012
Mississippi,Class_41,10957.92,Deciduous Forest,#68ab5f,2012
Louisiana,Class_41,294.93,Deciduous Forest,#68ab5f,2012
Texas,Class_41,8473.77,Deciduous Forest,#68ab5f,2012
Oklahoma,Class_41,28049.19,Deciduous Forest,#68ab5f,2012
Arkansas,Class_41,26409.46,Deciduous Forest,#68ab5f,2012
West Virginia,Class_52,85.89,Shrub/Scrub,#ccb879,2012
Florida,Class_52,3721.39,Shrub/Scrub,#ccb879,2012
Maryland,Class_52,71.18,Shrub/Scrub,#ccb879,2012
North Carolina,Class_52,2185.09,Shrub/Scrub,#ccb879,2012
Delaware,Class_52,14.03,Shrub/Scrub,#ccb879,2012
Georgia,Class_52,3099.31,Shrub/Scrub,#ccb879,2012
South Carolina,Class_52,1524.92,Shrub/Scrub,#ccb879,2012
Virginia,Class_52,1371.76,Shrub/Scrub,#ccb879,2012
District of Columbia,Class_52,0.0,Shrub/Scrub,#ccb879,2012
Alabama,Class_52,5921.67,Shrub/Scrub,#ccb879,2012
Tennessee,Class_52,724.51,Shrub/Scrub,#ccb879,2012
Kentucky,Class_52,56.5,Shrub/Scrub,#ccb879,2012
Mississippi,Class_52,4149.29,Shrub/Scrub,#ccb879,2012
Louisiana,Class_52,2810.78,Shrub/Scrub,#ccb879,2012
Texas,Class_52,313812.24,Shrub/Scrub,#ccb879,2012
Oklahoma,Class_52,6272.51,Shrub/Scrub,#ccb879,2012
Arkansas,Class_52,2157.43,Shrub/Scrub,#ccb879,2012
West Virginia,Class_31,469.45,Barren Land,#b3ac9f,2012
Florida,Class_31,970.98,Barren Land,#b3ac9f,2012
Maryland,Class_31,124.73,Barren Land,#b3ac9f,2012
North Carolina,Class_31,383.7,Barren Land,#b3ac9f,2012
Delaware,Class_31,19.05,Barren Land,#b3ac9f,2012
Georgia,Class_31,431.09,Barren Land,#b3ac9f,2012
South Carolina,Class_31,228.45,Barren Land,#b3ac9f,2012
Virginia,Class_31,314.94,Barren Land,#b3ac9f,2012
District of Columbia,Class_31,0.0,Barren Land,#b3ac9f,2012
Alabama,Class_31,304.61,Barren Land,#b3ac9f,2012
Tennessee,Class_31,199.63,Barren Land,#b3ac9f,2012
Kentucky,Class_31,558.92,Barren Land,#b3ac9f,2012
Mississippi,Class_31,316.7,Barren Land,#b3ac9f,2012
Louisiana,Class_31,277.2,Barren Land,#b3ac9f,2012
Texas,Class_31,2113.32,Barren Land,#b3ac9f,2012
Oklahoma,Class_31,698.27,Barren Land,#b3ac9f,2012
Arkansas,Class_31,328.3,Barren Land,#b3ac9f,2012
West Virginia,Class_42,386.57,Evergreen Forest,#1c5f2c,2012
Florida,Class_42,28238.99,Evergreen Forest,#1c5f2c,2012
Maryland,Class_42,520.3,Evergreen Forest,#1c5f2c,2012
North Carolina,Class_42,17832.82,Evergreen Forest,#1c5f2c,2012
Delaware,Class_42,159.84,Evergreen Forest,#1c5f2c,2012
Georgia,Class_42,39102.44,Evergreen Forest,#1c5f2c,2012
South Carolina,Class_42,21894.26,Evergreen Forest,#1c5f2c,2012
Virginia,Class_42,9391.83,Evergreen Forest,#1c5f2c,2012
District of Columbia,Class_42,0.07,Evergreen Forest,#1c5f2c,2012
Alabama,Class_42,30461.29,Evergreen Forest,#1c5f2c,2012
Tennessee,Class_42,3086.3,Evergreen Forest,#1c5f2c,2012
Kentucky,Class_42,315.55,Evergreen Forest,#1c5f2c,2012
Mississippi,Class_42,24718.35,Evergreen Forest,#1c5f2c,2012
Louisiana,Class_42,25812.7,Evergreen Forest,#1c5f2c,2012
Texas,Class_42,38567.02,Evergreen Forest,#1c5f2c,2012
Oklahoma,Class_42,5485.76,Evergreen Forest,#1c5f2c,2012
Arkansas,Class_42,25319.97,Evergreen Forest,#1c5f2c,2012
West Virginia,Class_21,1789.09,"Developed, Open Space",#dec5c5,2012
Florida,Class_21,5809.69,"Developed, Open Space",#dec5c5,2012
Maryland,Class_21,1914.1,"Developed, Open Space",#dec5c5,2012
North Carolina,Class_21,7302.93,"Developed, Open Space",#dec5c5,2012
Delaware,Class_21,233.67,"Developed, Open Space",#dec5c5,2012
Georgia,Class_21,8104.77,"Developed, Open Space",#dec5c5,2012
South Carolina,Class_21,4114.51,"Developed, Open Space",#dec5c5,2012
Virginia,Class_21,4958.39,"Developed, Open Space",#dec5c5,2012
District of Columbia,Class_21,21.49,"Developed, Open Space",#dec5c5,2012
Alabama,Class_21,6668.05,"Developed, Open Space",#dec5c5,2012
Tennessee,Class_21,5865.99,"Developed, Open Space",#dec5c5,2012
Kentucky,Class_21,3919.08,"Developed, Open Space",#dec5c5,2012
Mississippi,Class_21,4949.87,"Developed, Open Space",#dec5c5,2012
Louisiana,Class_21,3237.48,"Developed, Open Space",#dec5c5,2012
Texas,Class_21,10102.72,"Developed, Open Space",#dec5c5,2012
Oklahoma,Class_21,4553.07,"Developed, Open Space",#dec5c5,2012
Arkansas,Class_21,3111.73,"Developed, Open Space",#dec5c5,2012
West Virginia,Class_43,3171.0,Mixed Forest,#b5c58f,2012
Florida,Class_43,205.24,Mixed Forest,#b5c58f,2012
Maryland,Class_43,1397.48,Mixed Forest,#b5c58f,2012
North Carolina,Class_43,11043.06,Mixed Forest,#b5c58f,2012
Delaware,Class_43,152.29,Mixed Forest,#b5c58f,2012
Georgia,Class_43,6126.79,Mixed Forest,#b5c58f,2012
South Carolina,Class_43,2573.16,Mixed Forest,#b5c58f,2012
Virginia,Class_43,14243.27,Mixed Forest,#b5c58f,2012
District of Columbia,Class_43,0.0,Mixed Forest,#b5c58f,2012
Alabama,Class_43,10970.98,Mixed Forest,#b5c58f,2012
Tennessee,Class_43,7224.62,Mixed Forest,#b5c58f,2012
Kentucky,Class_43,4199.8,Mixed Forest,#b5c58f,2012
Mississippi,Class_43,10108.28,Mixed Forest,#b5c58f,2012
Louisiana,Class_43,1245.45,Mixed Forest,#b5c58f,2012
Texas,Class_43,12048.71,Mixed Forest,#b5c58f,2012
Oklahoma,Class_43,3272.61,Mixed Forest,#b5c58f,2012
Arkansas,Class_43,6622.05,Mixed Forest,#b5c58f,2012
West Virginia,Class_11,403.29,Open Water,#466b9f,2012
Florida,Class_11,28609.28,Open Water,#466b9f,2012
Maryland,Class_11,7010.57,Open Water,#466b9f,2012
North Carolina,Class_11,13397.03,Open Water,#466b9f,2012
Delaware,Class_11,1402.0,Open Water,#466b9f,2012
Georgia,Class_11,3783.49,Open Water,#466b9f,2012
South Carolina,Class_11,4940.81,Open Water,#466b9f,2012
Virginia,Class_11,8407.24,Open Water,#466b9f,2012
District of Columbia,Class_11,17.61,Open Water,#466b9f,2012
Alabama,Class_11,4568.93,Open Water,#466b9f,2012
Tennessee,Class_11,2382.28,Open Water,#466b9f,2012
Kentucky,Class_11,1766.14,Open Water,#466b9f,2012
Mississippi,Class_11,3868.92,Open Water,#466b9f,2012
Louisiana,Class_11,22826.66,Open Water,#466b9f,2012
Texas,Class_11,15290.73,Open Water,#466b9f,2012
Oklahoma,Class_11,2623.98,Open Water,#466b9f,2012
Arkansas,Class_11,2695.54,Open Water,#466b9f,2012
West Virginia,Class_22,628.82,"Developed, Low Intensity",#d99282,2012
Florida,Class_22,9846.41,"Developed, Low Intensity",#d99282,2012
Maryland,Class_22,1711.96,"Developed, Low Intensity",#d99282,2012
North Carolina,Class_22,5211.18,"Developed, Low Intensity",#d99282,2012
Delaware,Class_22,443.77,"Developed, Low Intensity",#d99282,2012
Georgia,Class_22,5265.54,"Developed, Low Intensity",#d99282,2012
South Carolina,Class_22,2996.93,"Developed, Low Intensity",#d99282,2012
Virginia,Class_22,2813.23,"Developed, Low Intensity",#d99282,2012
District of Columbia,Class_22,32.99,"Developed, Low Intensity",#d99282,2012
Alabama,Class_22,2799.09,"Developed, Low Intensity",#d99282,2012
Tennessee,Class_22,2801.1,"Developed, Low Intensity",#d99282,2012
Kentucky,Class_22,1757.3,"Developed, Low Intensity",#d99282,2012
Mississippi,Class_22,1878.09,"Developed, Low Intensity",#d99282,2012
Louisiana,Class_22,2552.03,"Developed, Low Intensity",#d99282,2012
Texas,Class_22,12508.33,"Developed, Low Intensity",#d99282,2012
Oklahoma,Class_22,2571.21,"Developed, Low Intensity",#d99282,2012
Arkansas,Class_22,1943.18,"Developed, Low Intensity",#d99282,2012
West Virginia,Class_23,383.14,"Developed, Medium Intensity",#eb0000,2012
Florida,Class_23,5160.33,"Developed, Medium Intensity",#eb0000,2012
Maryland,Class_23,906.42,"Developed, Medium Intensity",#eb0000,2012
North Carolina,Class_23,1586.36,"Developed, Medium Intensity",#eb0000,2012
Delaware,Class_23,209.34,"Developed, Medium Intensity",#eb0000,2012
Georgia,Class_23,1614.76,"Developed, Medium Intensity",#eb0000,2012
South Carolina,Class_23,865.84,"Developed, Medium Intensity",#eb0000,2012
Virginia,Class_23,1448.45,"Developed, Medium Intensity",#eb0000,2012
District of Columbia,Class_23,71.66,"Developed, Medium Intensity",#eb0000,2012
Alabama,Class_23,971.83,"Developed, Medium Intensity",#eb0000,2012
Tennessee,Class_23,1188.17,"Developed, Medium Intensity",#eb0000,2012
Kentucky,Class_23,894.61,"Developed, Medium Intensity",#eb0000,2012
Mississippi,Class_23,563.43,"Developed, Medium Intensity",#eb0000,2012
Louisiana,Class_23,1171.3,"Developed, Medium Intensity",#eb0000,2012
Texas,Class_23,7977.45,"Developed, Medium Intensity",#eb0000,2012
Oklahoma,Class_23,1184.17,"Developed, Medium Intensity",#eb0000,2012
Arkansas,Class_23,659.62,"Developed, Medium Intensity",#eb0000,2012
West Virginia,Class_24,60.62,"Developed, High Intensity",#ab0000,2012
Florida,Class_24,617.46,"Developed, High Intensity",#ab0000,2012
Maryland,Class_24,216.97,"Developed, High Intensity",#ab0000,2012
North Carolina,Class_24,372.73,"Developed, High Intensity",#ab0000,2012
Delaware,Class_24,48.99,"Developed, High Intensity",#ab0000,2012
Georgia,Class_24,476.02,"Developed, High Intensity",#ab0000,2012
South Carolina,Class_24,232.08,"Developed, High Intensity",#ab0000,2012
Virginia,Class_24,321.09,"Developed, High Intensity",#ab0000,2012
District of Columbia,Class_24,18.53,"Developed, High Intensity",#ab0000,2012
Alabama,Class_24,213.61,"Developed, High Intensity",#ab0000,2012
Tennessee,Class_24,319.62,"Developed, High Intensity",#ab0000,2012
Kentucky,Class_24,208.74,"Developed, High Intensity",#ab0000,2012
Mississippi,Class_24,115.06,"Developed, High Intensity",#ab0000,2012
Louisiana,Class_24,257.78,"Developed, High Intensity",#ab0000,2012
Texas,Class_24,1344.34,"Developed, High Intensity",#ab0000,2012
Oklahoma,Class_24,232.62,"Developed, High Intensity",#ab0000,2012
Arkansas,Class_24,153.52,"Developed, High Intensity",#ab0000,2012
West Virginia,Class_90,69.26,Woody Wetlands,#b8d9eb,2012
Florida,Class_90,39738.36,Woody Wetlands,#b8d9eb,2012
Maryland,Class_90,2811.19,Woody Wetlands,#b8d9eb,2012
North Carolina,Class_90,19466.19,Woody Wetlands,#b8d9eb,2012
Delaware,Class_90,1002.41,Woody Wetlands,#b8d9eb,2012
Georgia,Class_90,25889.0,Woody Wetlands,#b8d9eb,2012
South Carolina,Class_90,17583.42,Woody Wetlands,#b8d9eb,2012
Virginia,Class_90,5294.33,Woody Wetlands,#b8d9eb,2012
District of Columbia,Class_90,1.89,Woody Wetlands,#b8d9eb,2012
Alabama,Class_90,16940.07,Woody Wetlands,#b8d9eb,2012
Tennessee,Class_90,3378.1,Woody Wetlands,#b8d9eb,2012
Kentucky,Class_90,1290.52,Woody Wetlands,#b8d9eb,2012
Mississippi,Class_90,22473.48,Woody Wetlands,#b8d9eb,2012
Louisiana,Class_90,28265.74,Woody Wetlands,#b8d9eb,2012
Texas,Class_90,19420.02,Woody Wetlands,#b8d9eb,2012
Oklahoma,Class_90,1291.79,Woody Wetlands,#b8d9eb,2012
Arkansas,Class_90,14172.13,Woody Wetlands,#b8d9eb,2012
West Virginia,Class_81,5497.19,Pasture/Hay,#dcd939,2013
Florida,Class_81,19509.76,Pasture/Hay,#dcd939,2013
Maryland,Class_81,2698.05,Pasture/Hay,#dcd939,2013
North Carolina,Class_81,11930.88,Pasture/Hay,#dcd939,2013
Delaware,Class_81,43.64,Pasture/Hay,#dcd939,2013
Georgia,Class_81,12694.4,Pasture/Hay,#dcd939,2013
South Carolina,Class_81,6251.41,Pasture/Hay,#dcd939,2013
Virginia,Class_81,17747.84,Pasture/Hay,#dcd939,2013
District of Columbia,Class_81,0.07,Pasture/Hay,#dcd939,2013
Alabama,Class_81,22886.63,Pasture/Hay,#dcd939,2013
Tennessee,Class_81,25114.03,Pasture/Hay,#dcd939,2013
Kentucky,Class_81,26685.36,Pasture/Hay,#dcd939,2013
Mississippi,Class_81,19886.49,Pasture/Hay,#dcd939,2013
Louisiana,Class_81,11503.73,Pasture/Hay,#dcd939,2013
Texas,Class_81,82920.38,Pasture/Hay,#dcd939,2013
Oklahoma,Class_81,22577.13,Pasture/Hay,#dcd939,2013
Arkansas,Class_81,21895.19,Pasture/Hay,#dcd939,2013
West Virginia,Class_71,554.37,Grassland/Herbaceous,#dfdfc2,2013
Florida,Class_71,3335.01,Grassland/Herbaceous,#dfdfc2,2013
Maryland,Class_71,38.72,Grassland/Herbaceous,#dfdfc2,2013
North Carolina,Class_71,2080.61,Grassland/Herbaceous,#dfdfc2,2013
Delaware,Class_71,6.07,Grassland/Herbaceous,#dfdfc2,2013
Georgia,Class_71,5044.95,Grassland/Herbaceous,#dfdfc2,2013
South Carolina,Class_71,2217.01,Grassland/Herbaceous,#dfdfc2,2013
Virginia,Class_71,2159.79,Grassland/Herbaceous,#dfdfc2,2013
District of Columbia,Class_71,0.0,Grassland/Herbaceous,#dfdfc2,2013
Alabama,Class_71,4850.33,Grassland/Herbaceous,#dfdfc2,2013
Tennessee,Class_71,718.83,Grassland/Herbaceous,#dfdfc2,2013
Kentucky,Class_71,440.69,Grassland/Herbaceous,#dfdfc2,2013
Mississippi,Class_71,2997.61,Grassland/Herbaceous,#dfdfc2,2013
Louisiana,Class_71,2644.48,Grassland/Herbaceous,#dfdfc2,2013
Texas,Class_71,78387.54,Grassland/Herbaceous,#dfdfc2,2013
Oklahoma,Class_71,69881.75,Grassland/Herbaceous,#dfdfc2,2013
Arkansas,Class_71,2369.84,Grassland/Herbaceous,#dfdfc2,2013
West Virginia,Class_82,257.85,Cultivated Crops,#ab6c28,2013
Florida,Class_82,9780.63,Cultivated Crops,#ab6c28,2013
Maryland,Class_82,5606.39,Cultivated Crops,#ab6c28,2013
North Carolina,Class_82,19635.05,Cultivated Crops,#ab6c28,2013
Delaware,Class_82,2189.71,Cultivated Crops,#ab6c28,2013
Georgia,Class_82,20960.25,Cultivated Crops,#ab6c28,2013
South Carolina,Class_82,8712.03,Cultivated Crops,#ab6c28,2013
Virginia,Class_82,5981.93,Cultivated Crops,#ab6c28,2013
District of Columbia,Class_82,0.0,Cultivated Crops,#ab6c28,2013
Alabama,Class_82,6180.66,Cultivated Crops,#ab6c28,2013
Tennessee,Class_82,11921.5,Cultivated Crops,#ab6c28,2013
Kentucky,Class_82,13274.0,Cultivated Crops,#ab6c28,2013
Mississippi,Class_82,17667.26,Cultivated Crops,#ab6c28,2013
Louisiana,Class_82,18582.96,Cultivated Crops,#ab6c28,2013
Texas,Class_82,84060.23,Cultivated Crops,#ab6c28,2013
Oklahoma,Class_82,31587.53,Cultivated Crops,#ab6c28,2013
Arkansas,Class_82,29319.44,Cultivated Crops,#ab6c28,2013
West Virginia,Class_95,32.57,Emergent Herbaceous Wetlands,#6c9fb8,2013
Florida,Class_95,14512.11,Emergent Herbaceous Wetlands,#6c9fb8,2013
Maryland,Class_95,781.86,Emergent Herbaceous Wetlands,#6c9fb8,2013
North Carolina,Class_95,1044.44,Emergent Herbaceous Wetlands,#6c9fb8,2013
Delaware,Class_95,314.3,Emergent Herbaceous Wetlands,#6c9fb8,2013
Georgia,Class_95,1782.92,Emergent Herbaceous Wetlands,#6c9fb8,2013
South Carolina,Class_95,1963.36,Emergent Herbaceous Wetlands,#6c9fb8,2013
Virginia,Class_95,792.58,Emergent Herbaceous Wetlands,#6c9fb8,2013
District of Columbia,Class_95,0.21,Emergent Herbaceous Wetlands,#6c9fb8,2013
Alabama,Class_95,205.11,Emergent Herbaceous Wetlands,#6c9fb8,2013
Tennessee,Class_95,135.63,Emergent Herbaceous Wetlands,#6c9fb8,2013
Kentucky,Class_95,140.36,Emergent Herbaceous Wetlands,#6c9fb8,2013
Mississippi,Class_95,477.32,Emergent Herbaceous Wetlands,#6c9fb8,2013
Louisiana,Class_95,12688.87,Emergent Herbaceous Wetlands,#6c9fb8,2013
Texas,Class_95,7437.22,Emergent Herbaceous Wetlands,#6c9fb8,2013
Oklahoma,Class_95,334.22,Emergent Herbaceous Wetlands,#6c9fb8,2013
Arkansas,Class_95,142.27,Emergent Herbaceous Wetlands,#6c9fb8,2013
West Virginia,Class_41,48946.47,Deciduous Forest,#68ab5f,2013
Florida,Class_41,5.12,Deciduous Forest,#68ab5f,2013
Maryland,Class_41,6290.11,Deciduous Forest,#68ab5f,2013
North Carolina,Class_41,25661.76,Deciduous Forest,#68ab5f,2013
Delaware,Class_41,191.07,Deciduous Forest,#68ab5f,2013
Georgia,Class_41,19416.86,Deciduous Forest,#68ab5f,2013
South Carolina,Class_41,6729.71,Deciduous Forest,#68ab5f,2013
Virginia,Class_41,35397.22,Deciduous Forest,#68ab5f,2013
District of Columbia,Class_41,12.5,Deciduous Forest,#68ab5f,2013
Alabama,Class_41,21153.57,Deciduous Forest,#68ab5f,2013
Tennessee,Class_41,43916.64,Deciduous Forest,#68ab5f,2013
Kentucky,Class_41,49056.6,Deciduous Forest,#68ab5f,2013
Mississippi,Class_41,10903.57,Deciduous Forest,#68ab5f,2013
Louisiana,Class_41,294.03,Deciduous Forest,#68ab5f,2013
Texas,Class_41,8520.76,Deciduous Forest,#68ab5f,2013
Oklahoma,Class_41,28171.09,Deciduous Forest,#68ab5f,2013
Arkansas,Class_41,26391.35,Deciduous Forest,#68ab5f,2013
West Virginia,Class_52,102.89,Shrub/Scrub,#ccb879,2013
Florida,Class_52,3634.24,Shrub/Scrub,#ccb879,2013
Maryland,Class_52,71.74,Shrub/Scrub,#ccb879,2013
North Carolina,Class_52,2322.9,Shrub/Scrub,#ccb879,2013
Delaware,Class_52,13.43,Shrub/Scrub,#ccb879,2013
Georgia,Class_52,3372.25,Shrub/Scrub,#ccb879,2013
South Carolina,Class_52,1616.77,Shrub/Scrub,#ccb879,2013
Virginia,Class_52,1490.41,Shrub/Scrub,#ccb879,2013
District of Columbia,Class_52,0.0,Shrub/Scrub,#ccb879,2013
Alabama,Class_52,6332.67,Shrub/Scrub,#ccb879,2013
Tennessee,Class_52,691.79,Shrub/Scrub,#ccb879,2013
Kentucky,Class_52,62.62,Shrub/Scrub,#ccb879,2013
Mississippi,Class_52,4326.5,Shrub/Scrub,#ccb879,2013
Louisiana,Class_52,2940.23,Shrub/Scrub,#ccb879,2013
Texas,Class_52,314538.8,Shrub/Scrub,#ccb879,2013
Oklahoma,Class_52,6442.28,Shrub/Scrub,#ccb879,2013
Arkansas,Class_52,2519.12,Shrub/Scrub,#ccb879,2013
West Virginia,Class_31,470.37,Barren Land,#b3ac9f,2013
Florida,Class_31,999.71,Barren Land,#b3ac9f,2013
Maryland,Class_31,123.75,Barren Land,#b3ac9f,2013
North Carolina,Class_31,380.76,Barren Land,#b3ac9f,2013
Delaware,Class_31,18.77,Barren Land,#b3ac9f,2013
Georgia,Class_31,418.14,Barren Land,#b3ac9f,2013
South Carolina,Class_31,221.41,Barren Land,#b3ac9f,2013
Virginia,Class_31,317.4,Barren Land,#b3ac9f,2013
District of Columbia,Class_31,0.0,Barren Land,#b3ac9f,2013
Alabama,Class_31,303.21,Barren Land,#b3ac9f,2013
Tennessee,Class_31,187.26,Barren Land,#b3ac9f,2013
Kentucky,Class_31,548.72,Barren Land,#b3ac9f,2013
Mississippi,Class_31,251.72,Barren Land,#b3ac9f,2013
Louisiana,Class_31,257.4,Barren Land,#b3ac9f,2013
Texas,Class_31,2108.98,Barren Land,#b3ac9f,2013
Oklahoma,Class_31,631.16,Barren Land,#b3ac9f,2013
Arkansas,Class_31,283.62,Barren Land,#b3ac9f,2013
West Virginia,Class_42,384.83,Evergreen Forest,#1c5f2c,2013
Florida,Class_42,28212.21,Evergreen Forest,#1c5f2c,2013
Maryland,Class_42,524.3,Evergreen Forest,#1c5f2c,2013
North Carolina,Class_42,17927.31,Evergreen Forest,#1c5f2c,2013
Delaware,Class_42,163.09,Evergreen Forest,#1c5f2c,2013
Georgia,Class_42,38850.99,Evergreen Forest,#1c5f2c,2013
South Carolina,Class_42,21837.18,Evergreen Forest,#1c5f2c,2013
Virginia,Class_42,9460.29,Evergreen Forest,#1c5f2c,2013
District of Columbia,Class_42,0.07,Evergreen Forest,#1c5f2c,2013
Alabama,Class_42,30838.49,Evergreen Forest,#1c5f2c,2013
Tennessee,Class_42,3184.34,Evergreen Forest,#1c5f2c,2013
Kentucky,Class_42,311.92,Evergreen Forest,#1c5f2c,2013
Mississippi,Class_42,24986.51,Evergreen Forest,#1c5f2c,2013
Louisiana,Class_42,25795.13,Evergreen Forest,#1c5f2c,2013
Texas,Class_42,38804.85,Evergreen Forest,#1c5f2c,2013
Oklahoma,Class_42,5485.94,Evergreen Forest,#1c5f2c,2013
Arkansas,Class_42,25315.46,Evergreen Forest,#1c5f2c,2013
West Virginia,Class_21,1801.96,"Developed, Open Space",#dec5c5,2013
Florida,Class_21,5848.28,"Developed, Open Space",#dec5c5,2013
Maryland,Class_21,1935.43,"Developed, Open Space",#dec5c5,2013
North Carolina,Class_21,7398.21,"Developed, Open Space",#dec5c5,2013
Delaware,Class_21,238.17,"Developed, Open Space",#dec5c5,2013
Georgia,Class_21,8153.05,"Developed, Open Space",#dec5c5,2013
South Carolina,Class_21,4136.75,"Developed, Open Space",#dec5c5,2013
Virginia,Class_21,5006.62,"Developed, Open Space",#dec5c5,2013
District of Columbia,Class_21,21.62,"Developed, Open Space",#dec5c5,2013
Alabama,Class_21,6711.74,"Developed, Open Space",#dec5c5,2013
Tennessee,Class_21,5934.66,"Developed, Open Space",#dec5c5,2013
Kentucky,Class_21,3971.16,"Developed, Open Space",#dec5c5,2013
Mississippi,Class_21,4971.29,"Developed, Open Space",#dec5c5,2013
Louisiana,Class_21,3252.97,"Developed, Open Space",#dec5c5,2013
Texas,Class_21,10089.2,"Developed, Open Space",#dec5c5,2013
Oklahoma,Class_21,4553.43,"Developed, Open Space",#dec5c5,2013
Arkansas,Class_21,3121.27,"Developed, Open Space",#dec5c5,2013
West Virginia,Class_43,3152.47,Mixed Forest,#b5c58f,2013
Florida,Class_43,211.46,Mixed Forest,#b5c58f,2013
Maryland,Class_43,1389.56,Mixed Forest,#b5c58f,2013
North Carolina,Class_43,10948.17,Mixed Forest,#b5c58f,2013
Delaware,Class_43,152.36,Mixed Forest,#b5c58f,2013
Georgia,Class_43,6067.37,Mixed Forest,#b5c58f,2013
South Carolina,Class_43,2547.63,Mixed Forest,#b5c58f,2013
Virginia,Class_43,14124.74,Mixed Forest,#b5c58f,2013
District of Columbia,Class_43,0.0,Mixed Forest,#b5c58f,2013
Alabama,Class_43,10806.82,Mixed Forest,#b5c58f,2013
Tennessee,Class_43,7199.63,Mixed Forest,#b5c58f,2013
Kentucky,Class_43,4188.85,Mixed Forest,#b5c58f,2013
Mississippi,Class_43,9969.11,Mixed Forest,#b5c58f,2013
Louisiana,Class_43,1240.36,Mixed Forest,#b5c58f,2013
Texas,Class_43,11953.73,Mixed Forest,#b5c58f,2013
Oklahoma,Class_43,3271.05,Mixed Forest,#b5c58f,2013
Arkansas,Class_43,6606.81,Mixed Forest,#b5c58f,2013
West Virginia,Class_11,408.92,Open Water,#466b9f,2013
Florida,Class_11,28594.14,Open Water,#466b9f,2013
Maryland,Class_11,7019.11,Open Water,#466b9f,2013
North Carolina,Class_11,13416.95,Open Water,#466b9f,2013
Delaware,Class_11,1404.85,Open Water,#466b9f,2013
Georgia,Class_11,3881.07,Open Water,#466b9f,2013
South Carolina,Class_11,4987.09,Open Water,#466b9f,2013
Virginia,Class_11,8423.0,Open Water,#466b9f,2013
District of Columbia,Class_11,17.33,Open Water,#466b9f,2013
Alabama,Class_11,4597.72,Open Water,#466b9f,2013
Tennessee,Class_11,2445.62,Open Water,#466b9f,2013
Kentucky,Class_11,1819.87,Open Water,#466b9f,2013
Mississippi,Class_11,4001.75,Open Water,#466b9f,2013
Louisiana,Class_11,22789.25,Open Water,#466b9f,2013
Texas,Class_11,15154.23,Open Water,#466b9f,2013
Oklahoma,Class_11,2793.74,Open Water,#466b9f,2013
Arkansas,Class_11,2827.16,Open Water,#466b9f,2013
West Virginia,Class_22,629.51,"Developed, Low Intensity",#d99282,2013
Florida,Class_22,9874.11,"Developed, Low Intensity",#d99282,2013
Maryland,Class_22,1712.55,"Developed, Low Intensity",#d99282,2013
North Carolina,Class_22,5206.55,"Developed, Low Intensity",#d99282,2013
Delaware,Class_22,447.77,"Developed, Low Intensity",#d99282,2013
Georgia,Class_22,5276.64,"Developed, Low Intensity",#d99282,2013
South Carolina,Class_22,3008.19,"Developed, Low Intensity",#d99282,2013
Virginia,Class_22,2811.54,"Developed, Low Intensity",#d99282,2013
District of Columbia,Class_22,33.13,"Developed, Low Intensity",#d99282,2013
Alabama,Class_22,2789.95,"Developed, Low Intensity",#d99282,2013
Tennessee,Class_22,2809.26,"Developed, Low Intensity",#d99282,2013
Kentucky,Class_22,1755.27,"Developed, Low Intensity",#d99282,2013
Mississippi,Class_22,1887.9,"Developed, Low Intensity",#d99282,2013
Louisiana,Class_22,2559.38,"Developed, Low Intensity",#d99282,2013
Texas,Class_22,12640.99,"Developed, Low Intensity",#d99282,2013
Oklahoma,Class_22,2589.1,"Developed, Low Intensity",#d99282,2013
Arkansas,Class_22,1951.61,"Developed, Low Intensity",#d99282,2013
West Virginia,Class_23,385.26,"Developed, Medium Intensity",#eb0000,2013
Florida,Class_23,5179.47,"Developed, Medium Intensity",#eb0000,2013
Maryland,Class_23,910.78,"Developed, Medium Intensity",#eb0000,2013
North Carolina,Class_23,1609.11,"Developed, Medium Intensity",#eb0000,2013
Delaware,Class_23,211.58,"Developed, Medium Intensity",#eb0000,2013
Georgia,Class_23,1625.07,"Developed, Medium Intensity",#eb0000,2013
South Carolina,Class_23,873.9,"Developed, Medium Intensity",#eb0000,2013
Virginia,Class_23,1457.69,"Developed, Medium Intensity",#eb0000,2013
District of Columbia,Class_23,71.45,"Developed, Medium Intensity",#eb0000,2013
Alabama,Class_23,979.77,"Developed, Medium Intensity",#eb0000,2013
Tennessee,Class_23,1196.93,"Developed, Medium Intensity",#eb0000,2013
Kentucky,Class_23,900.55,"Developed, Medium Intensity",#eb0000,2013
Mississippi,Class_23,566.16,"Developed, Medium Intensity",#eb0000,2013
Louisiana,Class_23,1182.63,"Developed, Medium Intensity",#eb0000,2013
Texas,Class_23,8141.99,"Developed, Medium Intensity",#eb0000,2013
Oklahoma,Class_23,1198.99,"Developed, Medium Intensity",#eb0000,2013
Arkansas,Class_23,665.88,"Developed, Medium Intensity",#eb0000,2013
West Virginia,Class_24,61.05,"Developed, High Intensity",#ab0000,2013
Florida,Class_24,622.42,"Developed, High Intensity",#ab0000,2013
Maryland,Class_24,217.74,"Developed, High Intensity",#ab0000,2013
North Carolina,Class_24,377.48,"Developed, High Intensity",#ab0000,2013
Delaware,Class_24,49.06,"Developed, High Intensity",#ab0000,2013
Georgia,Class_24,483.81,"Developed, High Intensity",#ab0000,2013
South Carolina,Class_24,235.2,"Developed, High Intensity",#ab0000,2013
Virginia,Class_24,323.37,"Developed, High Intensity",#ab0000,2013
District of Columbia,Class_24,18.74,"Developed, High Intensity",#ab0000,2013
Alabama,Class_24,216.93,"Developed, High Intensity",#ab0000,2013
Tennessee,Class_24,322.91,"Developed, High Intensity",#ab0000,2013
Kentucky,Class_24,210.62,"Developed, High Intensity",#ab0000,2013
Mississippi,Class_24,116.86,"Developed, High Intensity",#ab0000,2013
Louisiana,Class_24,258.17,"Developed, High Intensity",#ab0000,2013
Texas,Class_24,1364.75,"Developed, High Intensity",#ab0000,2013
Oklahoma,Class_24,235.24,"Developed, High Intensity",#ab0000,2013
Arkansas,Class_24,155.05,"Developed, High Intensity",#ab0000,2013
West Virginia,Class_90,69.19,Woody Wetlands,#b8d9eb,2013
Florida,Class_90,39761.72,Woody Wetlands,#b8d9eb,2013
Maryland,Class_90,2809.12,Woody Wetlands,#b8d9eb,2013
North Carolina,Class_90,19443.68,Woody Wetlands,#b8d9eb,2013
Delaware,Class_90,1001.83,Woody Wetlands,#b8d9eb,2013
Georgia,Class_90,25876.41,Woody Wetlands,#b8d9eb,2013
South Carolina,Class_90,17571.67,Woody Wetlands,#b8d9eb,2013
Virginia,Class_90,5289.86,Woody Wetlands,#b8d9eb,2013
District of Columbia,Class_90,1.89,Woody Wetlands,#b8d9eb,2013
Alabama,Class_90,16912.2,Woody Wetlands,#b8d9eb,2013
Tennessee,Class_90,3372.88,Woody Wetlands,#b8d9eb,2013
Kentucky,Class_90,1287.7,Woody Wetlands,#b8d9eb,2013
Mississippi,Class_90,22427.96,Woody Wetlands,#b8d9eb,2013
Louisiana,Class_90,28263.39,Woody Wetlands,#b8d9eb,2013
Texas,Class_90,19397.45,Woody Wetlands,#b8d9eb,2013
Oklahoma,Class_90,1284.34,Woody Wetlands,#b8d9eb,2013
Arkansas,Class_90,14166.99,Woody Wetlands,#b8d9eb,2013
West Virginia,Class_81,5482.83,Pasture/Hay,#dcd939,2014
Florida,Class_81,19422.92,Pasture/Hay,#dcd939,2014
Maryland,Class_81,2684.78,Pasture/Hay,#dcd939,2014
North Carolina,Class_81,11859.64,Pasture/Hay,#dcd939,2014
Delaware,Class_81,43.28,Pasture/Hay,#dcd939,2014
Georgia,Class_81,12715.08,Pasture/Hay,#dcd939,2014
South Carolina,Class_81,6236.32,Pasture/Hay,#dcd939,2014
Virginia,Class_81,17666.87,Pasture/Hay,#dcd939,2014
District of Columbia,Class_81,0.07,Pasture/Hay,#dcd939,2014
Alabama,Class_81,22737.4,Pasture/Hay,#dcd939,2014
Tennessee,Class_81,24927.32,Pasture/Hay,#dcd939,2014
Kentucky,Class_81,26241.81,Pasture/Hay,#dcd939,2014
Mississippi,Class_81,19721.9,Pasture/Hay,#dcd939,2014
Louisiana,Class_81,11487.96,Pasture/Hay,#dcd939,2014
Texas,Class_81,82716.48,Pasture/Hay,#dcd939,2014
Oklahoma,Class_81,22642.83,Pasture/Hay,#dcd939,2014
Arkansas,Class_81,21897.61,Pasture/Hay,#dcd939,2014
West Virginia,Class_71,566.72,Grassland/Herbaceous,#dfdfc2,2014
Florida,Class_71,3407.6,Grassland/Herbaceous,#dfdfc2,2014
Maryland,Class_71,35.9,Grassland/Herbaceous,#dfdfc2,2014
North Carolina,Class_71,2166.8,Grassland/Herbaceous,#dfdfc2,2014
Delaware,Class_71,5.72,Grassland/Herbaceous,#dfdfc2,2014
Georgia,Class_71,5252.14,Grassland/Herbaceous,#dfdfc2,2014
South Carolina,Class_71,2419.05,Grassland/Herbaceous,#dfdfc2,2014
Virginia,Class_71,2201.58,Grassland/Herbaceous,#dfdfc2,2014
District of Columbia,Class_71,0.0,Grassland/Herbaceous,#dfdfc2,2014
Alabama,Class_71,4808.29,Grassland/Herbaceous,#dfdfc2,2014
Tennessee,Class_71,662.45,Grassland/Herbaceous,#dfdfc2,2014
Kentucky,Class_71,428.49,Grassland/Herbaceous,#dfdfc2,2014
Mississippi,Class_71,2946.67,Grassland/Herbaceous,#dfdfc2,2014
Louisiana,Class_71,2446.28,Grassland/Herbaceous,#dfdfc2,2014
Texas,Class_71,77138.25,Grassland/Herbaceous,#dfdfc2,2014
Oklahoma,Class_71,69680.09,Grassland/Herbaceous,#dfdfc2,2014
Arkansas,Class_71,2123.43,Grassland/Herbaceous,#dfdfc2,2014
West Virginia,Class_82,261.86,Cultivated Crops,#ab6c28,2014
Florida,Class_82,9804.52,Cultivated Crops,#ab6c28,2014
Maryland,Class_82,5596.83,Cultivated Crops,#ab6c28,2014
North Carolina,Class_82,19653.49,Cultivated Crops,#ab6c28,2014
Delaware,Class_82,2178.74,Cultivated Crops,#ab6c28,2014
Georgia,Class_82,20913.27,Cultivated Crops,#ab6c28,2014
South Carolina,Class_82,8636.45,Cultivated Crops,#ab6c28,2014
Virginia,Class_82,6021.88,Cultivated Crops,#ab6c28,2014
District of Columbia,Class_82,0.0,Cultivated Crops,#ab6c28,2014
Alabama,Class_82,6219.95,Cultivated Crops,#ab6c28,2014
Tennessee,Class_82,12046.06,Cultivated Crops,#ab6c28,2014
Kentucky,Class_82,13689.35,Cultivated Crops,#ab6c28,2014
Mississippi,Class_82,17701.55,Cultivated Crops,#ab6c28,2014
Louisiana,Class_82,18505.22,Cultivated Crops,#ab6c28,2014
Texas,Class_82,83709.85,Cultivated Crops,#ab6c28,2014
Oklahoma,Class_82,31358.43,Cultivated Crops,#ab6c28,2014
Arkansas,Class_82,29260.27,Cultivated Crops,#ab6c28,2014
West Virginia,Class_95,32.51,Emergent Herbaceous Wetlands,#6c9fb8,2014
Florida,Class_95,14473.12,Emergent Herbaceous Wetlands,#6c9fb8,2014
Maryland,Class_95,786.6,Emergent Herbaceous Wetlands,#6c9fb8,2014
North Carolina,Class_95,1057.13,Emergent Herbaceous Wetlands,#6c9fb8,2014
Delaware,Class_95,315.87,Emergent Herbaceous Wetlands,#6c9fb8,2014
Georgia,Class_95,1786.63,Emergent Herbaceous Wetlands,#6c9fb8,2014
South Carolina,Class_95,1966.12,Emergent Herbaceous Wetlands,#6c9fb8,2014
Virginia,Class_95,790.06,Emergent Herbaceous Wetlands,#6c9fb8,2014
District of Columbia,Class_95,0.14,Emergent Herbaceous Wetlands,#6c9fb8,2014
Alabama,Class_95,208.64,Emergent Herbaceous Wetlands,#6c9fb8,2014
Tennessee,Class_95,135.18,Emergent Herbaceous Wetlands,#6c9fb8,2014
Kentucky,Class_95,141.5,Emergent Herbaceous Wetlands,#6c9fb8,2014
Mississippi,Class_95,474.37,Emergent Herbaceous Wetlands,#6c9fb8,2014
Louisiana,Class_95,12704.49,Emergent Herbaceous Wetlands,#6c9fb8,2014
Texas,Class_95,7479.26,Emergent Herbaceous Wetlands,#6c9fb8,2014
Oklahoma,Class_95,347.06,Emergent Herbaceous Wetlands,#6c9fb8,2014
Arkansas,Class_95,138.94,Emergent Herbaceous Wetlands,#6c9fb8,2014
West Virginia,Class_41,48940.12,Deciduous Forest,#68ab5f,2014
Florida,Class_41,4.97,Deciduous Forest,#68ab5f,2014
Maryland,Class_41,6294.36,Deciduous Forest,#68ab5f,2014
North Carolina,Class_41,25597.49,Deciduous Forest,#68ab5f,2014
Delaware,Class_41,190.63,Deciduous Forest,#68ab5f,2014
Georgia,Class_41,19369.95,Deciduous Forest,#68ab5f,2014
South Carolina,Class_41,6727.62,Deciduous Forest,#68ab5f,2014
Virginia,Class_41,35376.28,Deciduous Forest,#68ab5f,2014
District of Columbia,Class_41,12.5,Deciduous Forest,#68ab5f,2014
Alabama,Class_41,21009.02,Deciduous Forest,#68ab5f,2014
Tennessee,Class_41,43922.12,Deciduous Forest,#68ab5f,2014
Kentucky,Class_41,49074.79,Deciduous Forest,#68ab5f,2014
Mississippi,Class_41,10830.28,Deciduous Forest,#68ab5f,2014
Louisiana,Class_41,292.02,Deciduous Forest,#68ab5f,2014
Texas,Class_41,8585.55,Deciduous Forest,#68ab5f,2014
Oklahoma,Class_41,28401.72,Deciduous Forest,#68ab5f,2014
Arkansas,Class_41,26394.42,Deciduous Forest,#68ab5f,2014
West Virginia,Class_52,114.0,Shrub/Scrub,#ccb879,2014
Florida,Class_52,3661.63,Shrub/Scrub,#ccb879,2014
Maryland,Class_52,72.6,Shrub/Scrub,#ccb879,2014
North Carolina,Class_52,2389.96,Shrub/Scrub,#ccb879,2014
Delaware,Class_52,14.48,Shrub/Scrub,#ccb879,2014
Georgia,Class_52,3697.2,Shrub/Scrub,#ccb879,2014
South Carolina,Class_52,1699.82,Shrub/Scrub,#ccb879,2014
Virginia,Class_52,1637.16,Shrub/Scrub,#ccb879,2014
District of Columbia,Class_52,0.0,Shrub/Scrub,#ccb879,2014
Alabama,Class_52,6587.25,Shrub/Scrub,#ccb879,2014
Tennessee,Class_52,660.95,Shrub/Scrub,#ccb879,2014
Kentucky,Class_52,60.71,Shrub/Scrub,#ccb879,2014
Mississippi,Class_52,4433.61,Shrub/Scrub,#ccb879,2014
Louisiana,Class_52,3136.45,Shrub/Scrub,#ccb879,2014
Texas,Class_52,315738.86,Shrub/Scrub,#ccb879,2014
Oklahoma,Class_52,6574.67,Shrub/Scrub,#ccb879,2014
Arkansas,Class_52,2831.41,Shrub/Scrub,#ccb879,2014
West Virginia,Class_31,468.84,Barren Land,#b3ac9f,2014
Florida,Class_31,966.85,Barren Land,#b3ac9f,2014
Maryland,Class_31,124.45,Barren Land,#b3ac9f,2014
North Carolina,Class_31,379.96,Barren Land,#b3ac9f,2014
Delaware,Class_31,18.85,Barren Land,#b3ac9f,2014
Georgia,Class_31,421.4,Barren Land,#b3ac9f,2014
South Carolina,Class_31,219.49,Barren Land,#b3ac9f,2014
Virginia,Class_31,316.85,Barren Land,#b3ac9f,2014
District of Columbia,Class_31,0.0,Barren Land,#b3ac9f,2014
Alabama,Class_31,306.78,Barren Land,#b3ac9f,2014
Tennessee,Class_31,190.02,Barren Land,#b3ac9f,2014
Kentucky,Class_31,547.08,Barren Land,#b3ac9f,2014
Mississippi,Class_31,236.03,Barren Land,#b3ac9f,2014
Louisiana,Class_31,254.48,Barren Land,#b3ac9f,2014
Texas,Class_31,2124.81,Barren Land,#b3ac9f,2014
Oklahoma,Class_31,640.3,Barren Land,#b3ac9f,2014
Arkansas,Class_31,271.89,Barren Land,#b3ac9f,2014
West Virginia,Class_42,383.24,Evergreen Forest,#1c5f2c,2014
Florida,Class_42,28070.74,Evergreen Forest,#1c5f2c,2014
Maryland,Class_42,526.36,Evergreen Forest,#1c5f2c,2014
North Carolina,Class_42,17908.38,Evergreen Forest,#1c5f2c,2014
Delaware,Class_42,164.71,Evergreen Forest,#1c5f2c,2014
Georgia,Class_42,38413.13,Evergreen Forest,#1c5f2c,2014
South Carolina,Class_42,21639.39,Evergreen Forest,#1c5f2c,2014
Virginia,Class_42,9450.66,Evergreen Forest,#1c5f2c,2014
District of Columbia,Class_42,0.07,Evergreen Forest,#1c5f2c,2014
Alabama,Class_42,31033.1,Evergreen Forest,#1c5f2c,2014
Tennessee,Class_42,3266.78,Evergreen Forest,#1c5f2c,2014
Kentucky,Class_42,304.74,Evergreen Forest,#1c5f2c,2014
Mississippi,Class_42,25274.34,Evergreen Forest,#1c5f2c,2014
Louisiana,Class_42,25829.62,Evergreen Forest,#1c5f2c,2014
Texas,Class_42,38984.79,Evergreen Forest,#1c5f2c,2014
Oklahoma,Class_42,5477.74,Evergreen Forest,#1c5f2c,2014
Arkansas,Class_42,25290.89,Evergreen Forest,#1c5f2c,2014
West Virginia,Class_21,1811.0,"Developed, Open Space",#dec5c5,2014
Florida,Class_21,5889.22,"Developed, Open Space",#dec5c5,2014
Maryland,Class_21,1950.42,"Developed, Open Space",#dec5c5,2014
North Carolina,Class_21,7469.37,"Developed, Open Space",#dec5c5,2014
Delaware,Class_21,242.78,"Developed, Open Space",#dec5c5,2014
Georgia,Class_21,8215.95,"Developed, Open Space",#dec5c5,2014
South Carolina,Class_21,4170.86,"Developed, Open Space",#dec5c5,2014
Virginia,Class_21,5045.67,"Developed, Open Space",#dec5c5,2014
District of Columbia,Class_21,21.48,"Developed, Open Space",#dec5c5,2014
Alabama,Class_21,6740.28,"Developed, Open Space",#dec5c5,2014
Tennessee,Class_21,5999.85,"Developed, Open Space",#dec5c5,2014
Kentucky,Class_21,4010.92,"Developed, Open Space",#dec5c5,2014
Mississippi,Class_21,4988.97,"Developed, Open Space",#dec5c5,2014
Louisiana,Class_21,3286.24,"Developed, Open Space",#dec5c5,2014
Texas,Class_21,10225.89,"Developed, Open Space",#dec5c5,2014
Oklahoma,Class_21,4576.95,"Developed, Open Space",#dec5c5,2014
Arkansas,Class_21,3122.13,"Developed, Open Space",#dec5c5,2014
West Virginia,Class_43,3136.04,Mixed Forest,#b5c58f,2014
Florida,Class_43,214.85,Mixed Forest,#b5c58f,2014
Maryland,Class_43,1383.8,Mixed Forest,#b5c58f,2014
North Carolina,Class_43,10833.72,Mixed Forest,#b5c58f,2014
Delaware,Class_43,150.96,Mixed Forest,#b5c58f,2014
Georgia,Class_43,5984.28,Mixed Forest,#b5c58f,2014
South Carolina,Class_43,2508.99,Mixed Forest,#b5c58f,2014
Virginia,Class_43,13953.34,Mixed Forest,#b5c58f,2014
District of Columbia,Class_43,0.0,Mixed Forest,#b5c58f,2014
Alabama,Class_43,10631.64,Mixed Forest,#b5c58f,2014
Tennessee,Class_43,7167.6,Mixed Forest,#b5c58f,2014
Kentucky,Class_43,4160.02,Mixed Forest,#b5c58f,2014
Mississippi,Class_43,9828.43,Mixed Forest,#b5c58f,2014
Louisiana,Class_43,1230.35,Mixed Forest,#b5c58f,2014
Texas,Class_43,11871.48,Mixed Forest,#b5c58f,2014
Oklahoma,Class_43,3273.52,Mixed Forest,#b5c58f,2014
Arkansas,Class_43,6588.34,Mixed Forest,#b5c58f,2014
West Virginia,Class_11,409.5,Open Water,#466b9f,2014
Florida,Class_11,28676.52,Open Water,#466b9f,2014
Maryland,Class_11,7015.05,Open Water,#466b9f,2014
North Carolina,Class_11,13419.51,Open Water,#466b9f,2014
Delaware,Class_11,1403.52,Open Water,#466b9f,2014
Georgia,Class_11,3892.31,Open Water,#466b9f,2014
South Carolina,Class_11,4992.13,Open Water,#466b9f,2014
Virginia,Class_11,8428.06,Open Water,#466b9f,2014
District of Columbia,Class_11,17.56,Open Water,#466b9f,2014
Alabama,Class_11,4607.9,Open Water,#466b9f,2014
Tennessee,Class_11,2454.08,Open Water,#466b9f,2014
Kentucky,Class_11,1829.26,Open Water,#466b9f,2014
Mississippi,Class_11,4036.99,Open Water,#466b9f,2014
Louisiana,Class_11,22801.92,Open Water,#466b9f,2014
Texas,Class_11,15166.84,Open Water,#466b9f,2014
Oklahoma,Class_11,2722.18,Open Water,#466b9f,2014
Arkansas,Class_11,2856.02,Open Water,#466b9f,2014
West Virginia,Class_22,629.99,"Developed, Low Intensity",#d99282,2014
Florida,Class_22,9898.49,"Developed, Low Intensity",#d99282,2014
Maryland,Class_22,1713.6,"Developed, Low Intensity",#d99282,2014
North Carolina,Class_22,5219.86,"Developed, Low Intensity",#d99282,2014
Delaware,Class_22,451.41,"Developed, Low Intensity",#d99282,2014
Georgia,Class_22,5285.99,"Developed, Low Intensity",#d99282,2014
South Carolina,Class_22,3009.12,"Developed, Low Intensity",#d99282,2014
Virginia,Class_22,2814.93,"Developed, Low Intensity",#d99282,2014
District of Columbia,Class_22,32.43,"Developed, Low Intensity",#d99282,2014
Alabama,Class_22,2792.92,"Developed, Low Intensity",#d99282,2014
Tennessee,Class_22,2816.94,"Developed, Low Intensity",#d99282,2014
Kentucky,Class_22,1760.97,"Developed, Low Intensity",#d99282,2014
Mississippi,Class_22,1892.67,"Developed, Low Intensity",#d99282,2014
Louisiana,Class_22,2563.88,"Developed, Low Intensity",#d99282,2014
Texas,Class_22,12736.67,"Developed, Low Intensity",#d99282,2014
Oklahoma,Class_22,2597.79,"Developed, Low Intensity",#d99282,2014
Arkansas,Class_22,1958.44,"Developed, Low Intensity",#d99282,2014
West Virginia,Class_23,387.93,"Developed, Medium Intensity",#eb0000,2014
Florida,Class_23,5205.66,"Developed, Medium Intensity",#eb0000,2014
Maryland,Class_23,915.95,"Developed, Medium Intensity",#eb0000,2014
North Carolina,Class_23,1632.24,"Developed, Medium Intensity",#eb0000,2014
Delaware,Class_23,213.59,"Developed, Medium Intensity",#eb0000,2014
Georgia,Class_23,1634.49,"Developed, Medium Intensity",#eb0000,2014
South Carolina,Class_23,883.45,"Developed, Medium Intensity",#eb0000,2014
Virginia,Class_23,1470.64,"Developed, Medium Intensity",#eb0000,2014
District of Columbia,Class_23,71.99,"Developed, Medium Intensity",#eb0000,2014
Alabama,Class_23,982.44,"Developed, Medium Intensity",#eb0000,2014
Tennessee,Class_23,1207.52,"Developed, Medium Intensity",#eb0000,2014
Kentucky,Class_23,906.82,"Developed, Medium Intensity",#eb0000,2014
Mississippi,Class_23,570.59,"Developed, Medium Intensity",#eb0000,2014
Louisiana,Class_23,1193.69,"Developed, Medium Intensity",#eb0000,2014
Texas,Class_23,8272.25,"Developed, Medium Intensity",#eb0000,2014
Oklahoma,Class_23,1214.37,"Developed, Medium Intensity",#eb0000,2014
Arkansas,Class_23,673.56,"Developed, Medium Intensity",#eb0000,2014
West Virginia,Class_24,60.91,"Developed, High Intensity",#ab0000,2014
Florida,Class_24,626.63,"Developed, High Intensity",#ab0000,2014
Maryland,Class_24,219.97,"Developed, High Intensity",#ab0000,2014
North Carolina,Class_24,384.33,"Developed, High Intensity",#ab0000,2014
Delaware,Class_24,49.61,"Developed, High Intensity",#ab0000,2014
Georgia,Class_24,488.89,"Developed, High Intensity",#ab0000,2014
South Carolina,Class_24,238.5,"Developed, High Intensity",#ab0000,2014
Virginia,Class_24,325.98,"Developed, High Intensity",#ab0000,2014
District of Columbia,Class_24,18.88,"Developed, High Intensity",#ab0000,2014
Alabama,Class_24,219.34,"Developed, High Intensity",#ab0000,2014
Tennessee,Class_24,326.23,"Developed, High Intensity",#ab0000,2014
Kentucky,Class_24,213.55,"Developed, High Intensity",#ab0000,2014
Mississippi,Class_24,119.21,"Developed, High Intensity",#ab0000,2014
Louisiana,Class_24,261.09,"Developed, High Intensity",#ab0000,2014
Texas,Class_24,1388.95,"Developed, High Intensity",#ab0000,2014
Oklahoma,Class_24,239.11,"Developed, High Intensity",#ab0000,2014
Arkansas,Class_24,158.67,"Developed, High Intensity",#ab0000,2014
West Virginia,Class_90,69.46,Woody Wetlands,#b8d9eb,2014
Florida,Class_90,39756.66,Woody Wetlands,#b8d9eb,2014
Maryland,Class_90,2808.55,Woody Wetlands,#b8d9eb,2014
North Carolina,Class_90,19412.0,Woody Wetlands,#b8d9eb,2014
Delaware,Class_90,1001.55,Woody Wetlands,#b8d9eb,2014
Georgia,Class_90,25833.48,Woody Wetlands,#b8d9eb,2014
South Carolina,Class_90,17561.99,Woody Wetlands,#b8d9eb,2014
Virginia,Class_90,5284.31,Woody Wetlands,#b8d9eb,2014
District of Columbia,Class_90,1.89,Woody Wetlands,#b8d9eb,2014
Alabama,Class_90,16880.82,Woody Wetlands,#b8d9eb,2014
Tennessee,Class_90,3368.79,Woody Wetlands,#b8d9eb,2014
Kentucky,Class_90,1284.28,Woody Wetlands,#b8d9eb,2014
Mississippi,Class_90,22382.41,Woody Wetlands,#b8d9eb,2014
Louisiana,Class_90,28259.33,Woody Wetlands,#b8d9eb,2014
Texas,Class_90,19381.19,Woody Wetlands,#b8d9eb,2014
Oklahoma,Class_90,1290.25,Woody Wetlands,#b8d9eb,2014
Arkansas,Class_90,14165.03,Woody Wetlands,#b8d9eb,2014
West Virginia,Class_81,5476.04,Pasture/Hay,#dcd939,2015
Florida,Class_81,19434.5,Pasture/Hay,#dcd939,2015
Maryland,Class_81,2681.53,Pasture/Hay,#dcd939,2015
North Carolina,Class_81,11855.16,Pasture/Hay,#dcd939,2015
Delaware,Class_81,45.09,Pasture/Hay,#dcd939,2015
Georgia,Class_81,12736.98,Pasture/Hay,#dcd939,2015
South Carolina,Class_81,6223.14,Pasture/Hay,#dcd939,2015
Virginia,Class_81,17636.65,Pasture/Hay,#dcd939,2015
District of Columbia,Class_81,0.07,Pasture/Hay,#dcd939,2015
Alabama,Class_81,22654.96,Pasture/Hay,#dcd939,2015
Tennessee,Class_81,24814.36,Pasture/Hay,#dcd939,2015
Kentucky,Class_81,26093.24,Pasture/Hay,#dcd939,2015
Mississippi,Class_81,19618.56,Pasture/Hay,#dcd939,2015
Louisiana,Class_81,11475.2,Pasture/Hay,#dcd939,2015
Texas,Class_81,82389.22,Pasture/Hay,#dcd939,2015
Oklahoma,Class_81,22651.12,Pasture/Hay,#dcd939,2015
Arkansas,Class_81,21902.79,Pasture/Hay,#dcd939,2015
West Virginia,Class_71,551.82,Grassland/Herbaceous,#dfdfc2,2015
Florida,Class_71,3543.51,Grassland/Herbaceous,#dfdfc2,2015
Maryland,Class_71,36.06,Grassland/Herbaceous,#dfdfc2,2015
North Carolina,Class_71,2412.21,Grassland/Herbaceous,#dfdfc2,2015
Delaware,Class_71,7.62,Grassland/Herbaceous,#dfdfc2,2015
Georgia,Class_71,5635.16,Grassland/Herbaceous,#dfdfc2,2015
South Carolina,Class_71,2718.08,Grassland/Herbaceous,#dfdfc2,2015
Virginia,Class_71,2330.05,Grassland/Herbaceous,#dfdfc2,2015
District of Columbia,Class_71,0.0,Grassland/Herbaceous,#dfdfc2,2015
Alabama,Class_71,4991.8,Grassland/Herbaceous,#dfdfc2,2015
Tennessee,Class_71,632.4,Grassland/Herbaceous,#dfdfc2,2015
Kentucky,Class_71,402.56,Grassland/Herbaceous,#dfdfc2,2015
Mississippi,Class_71,3086.67,Grassland/Herbaceous,#dfdfc2,2015
Louisiana,Class_71,2551.39,Grassland/Herbaceous,#dfdfc2,2015
Texas,Class_71,76565.57,Grassland/Herbaceous,#dfdfc2,2015
Oklahoma,Class_71,69681.93,Grassland/Herbaceous,#dfdfc2,2015
Arkansas,Class_71,2355.37,Grassland/Herbaceous,#dfdfc2,2015
West Virginia,Class_82,261.36,Cultivated Crops,#ab6c28,2015
Florida,Class_82,9780.27,Cultivated Crops,#ab6c28,2015
Maryland,Class_82,5573.51,Cultivated Crops,#ab6c28,2015
North Carolina,Class_82,19580.28,Cultivated Crops,#ab6c28,2015
Delaware,Class_82,2164.53,Cultivated Crops,#ab6c28,2015
Georgia,Class_82,20854.22,Cultivated Crops,#ab6c28,2015
South Carolina,Class_82,8565.84,Cultivated Crops,#ab6c28,2015
Virginia,Class_82,6006.8,Cultivated Crops,#ab6c28,2015
District of Columbia,Class_82,0.0,Cultivated Crops,#ab6c28,2015
Alabama,Class_82,6212.66,Cultivated Crops,#ab6c28,2015
Tennessee,Class_82,12105.1,Cultivated Crops,#ab6c28,2015
Kentucky,Class_82,13806.86,Cultivated Crops,#ab6c28,2015
Mississippi,Class_82,17697.68,Cultivated Crops,#ab6c28,2015
Louisiana,Class_82,18442.78,Cultivated Crops,#ab6c28,2015
Texas,Class_82,82610.79,Cultivated Crops,#ab6c28,2015
Oklahoma,Class_82,30994.52,Cultivated Crops,#ab6c28,2015
Arkansas,Class_82,29232.78,Cultivated Crops,#ab6c28,2015
West Virginia,Class_95,32.44,Emergent Herbaceous Wetlands,#6c9fb8,2015
Florida,Class_95,14499.9,Emergent Herbaceous Wetlands,#6c9fb8,2015
Maryland,Class_95,788.57,Emergent Herbaceous Wetlands,#6c9fb8,2015
North Carolina,Class_95,1063.38,Emergent Herbaceous Wetlands,#6c9fb8,2015
Delaware,Class_95,316.19,Emergent Herbaceous Wetlands,#6c9fb8,2015
Georgia,Class_95,1787.25,Emergent Herbaceous Wetlands,#6c9fb8,2015
South Carolina,Class_95,1970.02,Emergent Herbaceous Wetlands,#6c9fb8,2015
Virginia,Class_95,788.86,Emergent Herbaceous Wetlands,#6c9fb8,2015
District of Columbia,Class_95,0.14,Emergent Herbaceous Wetlands,#6c9fb8,2015
Alabama,Class_95,212.94,Emergent Herbaceous Wetlands,#6c9fb8,2015
Tennessee,Class_95,138.71,Emergent Herbaceous Wetlands,#6c9fb8,2015
Kentucky,Class_95,140.16,Emergent Herbaceous Wetlands,#6c9fb8,2015
Mississippi,Class_95,478.91,Emergent Herbaceous Wetlands,#6c9fb8,2015
Louisiana,Class_95,12739.68,Emergent Herbaceous Wetlands,#6c9fb8,2015
Texas,Class_95,7213.85,Emergent Herbaceous Wetlands,#6c9fb8,2015
Oklahoma,Class_95,311.29,Emergent Herbaceous Wetlands,#6c9fb8,2015
Arkansas,Class_95,129.63,Emergent Herbaceous Wetlands,#6c9fb8,2015
West Virginia,Class_41,48948.21,Deciduous Forest,#68ab5f,2015
Florida,Class_41,5.28,Deciduous Forest,#68ab5f,2015
Maryland,Class_41,6293.44,Deciduous Forest,#68ab5f,2015
North Carolina,Class_41,25551.22,Deciduous Forest,#68ab5f,2015
Delaware,Class_41,189.55,Deciduous Forest,#68ab5f,2015
Georgia,Class_41,19339.78,Deciduous Forest,#68ab5f,2015
South Carolina,Class_41,6724.7,Deciduous Forest,#68ab5f,2015
Virginia,Class_41,35357.96,Deciduous Forest,#68ab5f,2015
District of Columbia,Class_41,12.5,Deciduous Forest,#68ab5f,2015
Alabama,Class_41,20950.64,Deciduous Forest,#68ab5f,2015
Tennessee,Class_41,43931.88,Deciduous Forest,#68ab5f,2015
Kentucky,Class_41,49090.72,Deciduous Forest,#68ab5f,2015
Mississippi,Class_41,10785.45,Deciduous Forest,#68ab5f,2015
Louisiana,Class_41,290.33,Deciduous Forest,#68ab5f,2015
Texas,Class_41,8672.56,Deciduous Forest,#68ab5f,2015
Oklahoma,Class_41,28496.09,Deciduous Forest,#68ab5f,2015
Arkansas,Class_41,26369.01,Deciduous Forest,#68ab5f,2015
West Virginia,Class_52,126.8,Shrub/Scrub,#ccb879,2015
Florida,Class_52,3670.44,Shrub/Scrub,#ccb879,2015
Maryland,Class_52,71.95,Shrub/Scrub,#ccb879,2015
North Carolina,Class_52,2327.39,Shrub/Scrub,#ccb879,2015
Delaware,Class_52,13.01,Shrub/Scrub,#ccb879,2015
Georgia,Class_52,3807.27,Shrub/Scrub,#ccb879,2015
South Carolina,Class_52,1652.92,Shrub/Scrub,#ccb879,2015
Virginia,Class_52,1653.54,Shrub/Scrub,#ccb879,2015
District of Columbia,Class_52,0.0,Shrub/Scrub,#ccb879,2015
Alabama,Class_52,6369.52,Shrub/Scrub,#ccb879,2015
Tennessee,Class_52,639.41,Shrub/Scrub,#ccb879,2015
Kentucky,Class_52,63.7,Shrub/Scrub,#ccb879,2015
Mississippi,Class_52,4367.02,Shrub/Scrub,#ccb879,2015
Louisiana,Class_52,3147.56,Shrub/Scrub,#ccb879,2015
Texas,Class_52,316381.84,Shrub/Scrub,#ccb879,2015
Oklahoma,Class_52,6532.57,Shrub/Scrub,#ccb879,2015
Arkansas,Class_52,2745.69,Shrub/Scrub,#ccb879,2015
West Virginia,Class_31,471.21,Barren Land,#b3ac9f,2015
Florida,Class_31,966.63,Barren Land,#b3ac9f,2015
Maryland,Class_31,125.54,Barren Land,#b3ac9f,2015
North Carolina,Class_31,381.64,Barren Land,#b3ac9f,2015
Delaware,Class_31,18.84,Barren Land,#b3ac9f,2015
Georgia,Class_31,423.43,Barren Land,#b3ac9f,2015
South Carolina,Class_31,226.23,Barren Land,#b3ac9f,2015
Virginia,Class_31,320.15,Barren Land,#b3ac9f,2015
District of Columbia,Class_31,0.0,Barren Land,#b3ac9f,2015
Alabama,Class_31,309.74,Barren Land,#b3ac9f,2015
Tennessee,Class_31,186.26,Barren Land,#b3ac9f,2015
Kentucky,Class_31,548.84,Barren Land,#b3ac9f,2015
Mississippi,Class_31,231.79,Barren Land,#b3ac9f,2015
Louisiana,Class_31,257.81,Barren Land,#b3ac9f,2015
Texas,Class_31,1941.22,Barren Land,#b3ac9f,2015
Oklahoma,Class_31,549.34,Barren Land,#b3ac9f,2015
Arkansas,Class_31,253.48,Barren Land,#b3ac9f,2015
West Virginia,Class_42,383.6,Evergreen Forest,#1c5f2c,2015
Florida,Class_42,27819.23,Evergreen Forest,#1c5f2c,2015
Maryland,Class_42,525.9,Evergreen Forest,#1c5f2c,2015
North Carolina,Class_42,17848.51,Evergreen Forest,#1c5f2c,2015
Delaware,Class_42,165.37,Evergreen Forest,#1c5f2c,2015
Georgia,Class_42,37946.68,Evergreen Forest,#1c5f2c,2015
South Carolina,Class_42,21435.87,Evergreen Forest,#1c5f2c,2015
Virginia,Class_42,9456.0,Evergreen Forest,#1c5f2c,2015
District of Columbia,Class_42,0.07,Evergreen Forest,#1c5f2c,2015
Alabama,Class_42,31354.65,Evergreen Forest,#1c5f2c,2015
Tennessee,Class_42,3310.32,Evergreen Forest,#1c5f2c,2015
Kentucky,Class_42,303.31,Evergreen Forest,#1c5f2c,2015
Mississippi,Class_42,25501.29,Evergreen Forest,#1c5f2c,2015
Louisiana,Class_42,25759.19,Evergreen Forest,#1c5f2c,2015
Texas,Class_42,39215.29,Evergreen Forest,#1c5f2c,2015
Oklahoma,Class_42,5494.74,Evergreen Forest,#1c5f2c,2015
Arkansas,Class_42,25173.59,Evergreen Forest,#1c5f2c,2015
West Virginia,Class_21,1820.81,"Developed, Open Space",#dec5c5,2015
Florida,Class_21,5959.62,"Developed, Open Space",#dec5c5,2015
Maryland,Class_21,1973.24,"Developed, Open Space",#dec5c5,2015
North Carolina,Class_21,7547.67,"Developed, Open Space",#dec5c5,2015
Delaware,Class_21,248.92,"Developed, Open Space",#dec5c5,2015
Georgia,Class_21,8290.29,"Developed, Open Space",#dec5c5,2015
South Carolina,Class_21,4220.12,"Developed, Open Space",#dec5c5,2015
Virginia,Class_21,5090.37,"Developed, Open Space",#dec5c5,2015
District of Columbia,Class_21,21.55,"Developed, Open Space",#dec5c5,2015
Alabama,Class_21,6765.05,"Developed, Open Space",#dec5c5,2015
Tennessee,Class_21,6059.17,"Developed, Open Space",#dec5c5,2015
Kentucky,Class_21,4040.34,"Developed, Open Space",#dec5c5,2015
Mississippi,Class_21,5001.65,"Developed, Open Space",#dec5c5,2015
Louisiana,Class_21,3307.36,"Developed, Open Space",#dec5c5,2015
Texas,Class_21,10305.83,"Developed, Open Space",#dec5c5,2015
Oklahoma,Class_21,4583.87,"Developed, Open Space",#dec5c5,2015
Arkansas,Class_21,3138.91,"Developed, Open Space",#dec5c5,2015
West Virginia,Class_43,3123.36,Mixed Forest,#b5c58f,2015
Florida,Class_43,219.09,Mixed Forest,#b5c58f,2015
Maryland,Class_43,1383.21,Mixed Forest,#b5c58f,2015
North Carolina,Class_43,10705.16,Mixed Forest,#b5c58f,2015
Delaware,Class_43,149.49,Mixed Forest,#b5c58f,2015
Georgia,Class_43,5912.3,Mixed Forest,#b5c58f,2015
South Carolina,Class_43,2473.44,Mixed Forest,#b5c58f,2015
Virginia,Class_43,13798.78,Mixed Forest,#b5c58f,2015
District of Columbia,Class_43,0.0,Mixed Forest,#b5c58f,2015
Alabama,Class_43,10485.04,Mixed Forest,#b5c58f,2015
Tennessee,Class_43,7144.77,Mixed Forest,#b5c58f,2015
Kentucky,Class_43,4147.46,Mixed Forest,#b5c58f,2015
Mississippi,Class_43,9689.73,Mixed Forest,#b5c58f,2015
Louisiana,Class_43,1218.93,Mixed Forest,#b5c58f,2015
Texas,Class_43,11786.13,Mixed Forest,#b5c58f,2015
Oklahoma,Class_43,3288.78,Mixed Forest,#b5c58f,2015
Arkansas,Class_43,6553.21,Mixed Forest,#b5c58f,2015
West Virginia,Class_11,407.74,Open Water,#466b9f,2015
Florida,Class_11,28681.61,Open Water,#466b9f,2015
Maryland,Class_11,7013.02,Open Water,#466b9f,2015
North Carolina,Class_11,13422.34,Open Water,#466b9f,2015
Delaware,Class_11,1403.17,Open Water,#466b9f,2015
Georgia,Class_11,3897.76,Open Water,#466b9f,2015
South Carolina,Class_11,4987.9,Open Water,#466b9f,2015
Virginia,Class_11,8431.15,Open Water,#466b9f,2015
District of Columbia,Class_11,17.53,Open Water,#466b9f,2015
Alabama,Class_11,4594.5,Open Water,#466b9f,2015
Tennessee,Class_11,2448.43,Open Water,#466b9f,2015
Kentucky,Class_11,1834.81,Open Water,#466b9f,2015
Mississippi,Class_11,4038.83,Open Water,#466b9f,2015
Louisiana,Class_11,22791.96,Open Water,#466b9f,2015
Texas,Class_11,16454.85,Open Water,#466b9f,2015
Oklahoma,Class_11,3095.42,Open Water,#466b9f,2015
Arkansas,Class_11,2922.83,Open Water,#466b9f,2015
West Virginia,Class_22,630.3,"Developed, Low Intensity",#d99282,2015
Florida,Class_22,9926.36,"Developed, Low Intensity",#d99282,2015
Maryland,Class_22,1709.11,"Developed, Low Intensity",#d99282,2015
North Carolina,Class_22,5242.44,"Developed, Low Intensity",#d99282,2015
Delaware,Class_22,454.98,"Developed, Low Intensity",#d99282,2015
Georgia,Class_22,5292.94,"Developed, Low Intensity",#d99282,2015
South Carolina,Class_22,3020.18,"Developed, Low Intensity",#d99282,2015
Virginia,Class_22,2816.62,"Developed, Low Intensity",#d99282,2015
District of Columbia,Class_22,32.57,"Developed, Low Intensity",#d99282,2015
Alabama,Class_22,2798.92,"Developed, Low Intensity",#d99282,2015
Tennessee,Class_22,2827.3,"Developed, Low Intensity",#d99282,2015
Kentucky,Class_22,1766.53,"Developed, Low Intensity",#d99282,2015
Mississippi,Class_22,1899.41,"Developed, Low Intensity",#d99282,2015
Louisiana,Class_22,2575.69,"Developed, Low Intensity",#d99282,2015
Texas,Class_22,12811.25,"Developed, Low Intensity",#d99282,2015
Oklahoma,Class_22,2605.83,"Developed, Low Intensity",#d99282,2015
Arkansas,Class_22,1964.02,"Developed, Low Intensity",#d99282,2015
West Virginia,Class_23,389.82,"Developed, Medium Intensity",#eb0000,2015
Florida,Class_23,5236.6,"Developed, Medium Intensity",#eb0000,2015
Maryland,Class_23,924.2,"Developed, Medium Intensity",#eb0000,2015
North Carolina,Class_23,1652.98,"Developed, Medium Intensity",#eb0000,2015
Delaware,Class_23,217.37,"Developed, Medium Intensity",#eb0000,2015
Georgia,Class_23,1644.92,"Developed, Medium Intensity",#eb0000,2015
South Carolina,Class_23,891.86,"Developed, Medium Intensity",#eb0000,2015
Virginia,Class_23,1483.73,"Developed, Medium Intensity",#eb0000,2015
District of Columbia,Class_23,71.88,"Developed, Medium Intensity",#eb0000,2015
Alabama,Class_23,990.38,"Developed, Medium Intensity",#eb0000,2015
Tennessee,Class_23,1217.13,"Developed, Medium Intensity",#eb0000,2015
Kentucky,Class_23,914.65,"Developed, Medium Intensity",#eb0000,2015
Mississippi,Class_23,575.83,"Developed, Medium Intensity",#eb0000,2015
Louisiana,Class_23,1206.77,"Developed, Medium Intensity",#eb0000,2015
Texas,Class_23,8424.92,"Developed, Medium Intensity",#eb0000,2015
Oklahoma,Class_23,1226.13,"Developed, Medium Intensity",#eb0000,2015
Arkansas,Class_23,680.41,"Developed, Medium Intensity",#eb0000,2015
West Virginia,Class_24,61.9,"Developed, High Intensity",#ab0000,2015
Florida,Class_24,632.75,"Developed, High Intensity",#ab0000,2015
Maryland,Class_24,222.2,"Developed, High Intensity",#ab0000,2015
North Carolina,Class_24,390.76,"Developed, High Intensity",#ab0000,2015
Delaware,Class_24,50.03,"Developed, High Intensity",#ab0000,2015
Georgia,Class_24,497.96,"Developed, High Intensity",#ab0000,2015
South Carolina,Class_24,241.19,"Developed, High Intensity",#ab0000,2015
Virginia,Class_24,328.93,"Developed, High Intensity",#ab0000,2015
District of Columbia,Class_24,18.81,"Developed, High Intensity",#ab0000,2015
Alabama,Class_24,221.91,"Developed, High Intensity",#ab0000,2015
Tennessee,Class_24,330.87,"Developed, High Intensity",#ab0000,2015
Kentucky,Class_24,217.13,"Developed, High Intensity",#ab0000,2015
Mississippi,Class_24,120.58,"Developed, High Intensity",#ab0000,2015
Louisiana,Class_24,264.13,"Developed, High Intensity",#ab0000,2015
Texas,Class_24,1417.54,"Developed, High Intensity",#ab0000,2015
Oklahoma,Class_24,242.47,"Developed, High Intensity",#ab0000,2015
Arkansas,Class_24,160.07,"Developed, High Intensity",#ab0000,2015
West Virginia,Class_90,69.52,Woody Wetlands,#b8d9eb,2015
Florida,Class_90,39704.59,Woody Wetlands,#b8d9eb,2015
Maryland,Class_90,2807.73,Woody Wetlands,#b8d9eb,2015
North Carolina,Class_90,19402.73,Woody Wetlands,#b8d9eb,2015
Delaware,Class_90,1001.54,Woody Wetlands,#b8d9eb,2015
Georgia,Class_90,25837.27,Woody Wetlands,#b8d9eb,2015
South Carolina,Class_90,17557.81,Woody Wetlands,#b8d9eb,2015
Virginia,Class_90,5284.69,Woody Wetlands,#b8d9eb,2015
District of Columbia,Class_90,1.89,Woody Wetlands,#b8d9eb,2015
Alabama,Class_90,16853.05,Woody Wetlands,#b8d9eb,2015
Tennessee,Class_90,3365.8,Woody Wetlands,#b8d9eb,2015
Kentucky,Class_90,1283.97,Woody Wetlands,#b8d9eb,2015
Mississippi,Class_90,22344.62,Woody Wetlands,#b8d9eb,2015
Louisiana,Class_90,28224.19,Woody Wetlands,#b8d9eb,2015
Texas,Class_90,19330.25,Woody Wetlands,#b8d9eb,2015
Oklahoma,Class_90,1282.89,Woody Wetlands,#b8d9eb,2015
Arkansas,Class_90,14149.27,Woody Wetlands,#b8d9eb,2015
West Virginia,Class_81,5465.34,Pasture/Hay,#dcd939,2016
Florida,Class_81,19444.25,Pasture/Hay,#dcd939,2016
Maryland,Class_81,2662.23,Pasture/Hay,#dcd939,2016
North Carolina,Class_81,11859.18,Pasture/Hay,#dcd939,2016
Delaware,Class_81,46.13,Pasture/Hay,#dcd939,2016
Georgia,Class_81,12755.72,Pasture/Hay,#dcd939,2016
South Carolina,Class_81,6224.85,Pasture/Hay,#dcd939,2016
Virginia,Class_81,17585.3,Pasture/Hay,#dcd939,2016
District of Columbia,Class_81,0.07,Pasture/Hay,#dcd939,2016
Alabama,Class_81,22586.34,Pasture/Hay,#dcd939,2016
Tennessee,Class_81,24743.61,Pasture/Hay,#dcd939,2016
Kentucky,Class_81,25978.56,Pasture/Hay,#dcd939,2016
Mississippi,Class_81,19501.56,Pasture/Hay,#dcd939,2016
Louisiana,Class_81,11457.82,Pasture/Hay,#dcd939,2016
Texas,Class_81,82343.45,Pasture/Hay,#dcd939,2016
Oklahoma,Class_81,22661.71,Pasture/Hay,#dcd939,2016
Arkansas,Class_81,21907.93,Pasture/Hay,#dcd939,2016
West Virginia,Class_71,550.53,Grassland/Herbaceous,#dfdfc2,2016
Florida,Class_71,3681.7,Grassland/Herbaceous,#dfdfc2,2016
Maryland,Class_71,36.4,Grassland/Herbaceous,#dfdfc2,2016
North Carolina,Class_71,2488.32,Grassland/Herbaceous,#dfdfc2,2016
Delaware,Class_71,8.06,Grassland/Herbaceous,#dfdfc2,2016
Georgia,Class_71,6104.01,Grassland/Herbaceous,#dfdfc2,2016
South Carolina,Class_71,2937.99,Grassland/Herbaceous,#dfdfc2,2016
Virginia,Class_71,2370.77,Grassland/Herbaceous,#dfdfc2,2016
District of Columbia,Class_71,0.0,Grassland/Herbaceous,#dfdfc2,2016
Alabama,Class_71,5258.43,Grassland/Herbaceous,#dfdfc2,2016
Tennessee,Class_71,650.46,Grassland/Herbaceous,#dfdfc2,2016
Kentucky,Class_71,385.85,Grassland/Herbaceous,#dfdfc2,2016
Mississippi,Class_71,3326.34,Grassland/Herbaceous,#dfdfc2,2016
Louisiana,Class_71,2681.74,Grassland/Herbaceous,#dfdfc2,2016
Texas,Class_71,76488.51,Grassland/Herbaceous,#dfdfc2,2016
Oklahoma,Class_71,69833.99,Grassland/Herbaceous,#dfdfc2,2016
Arkansas,Class_71,2434.07,Grassland/Herbaceous,#dfdfc2,2016
West Virginia,Class_82,261.97,Cultivated Crops,#ab6c28,2016
Florida,Class_82,9693.08,Cultivated Crops,#ab6c28,2016
Maryland,Class_82,5562.82,Cultivated Crops,#ab6c28,2016
North Carolina,Class_82,19508.99,Cultivated Crops,#ab6c28,2016
Delaware,Class_82,2150.58,Cultivated Crops,#ab6c28,2016
Georgia,Class_82,20821.67,Cultivated Crops,#ab6c28,2016
South Carolina,Class_82,8475.54,Cultivated Crops,#ab6c28,2016
Virginia,Class_82,6019.99,Cultivated Crops,#ab6c28,2016
District of Columbia,Class_82,0.0,Cultivated Crops,#ab6c28,2016
Alabama,Class_82,6203.15,Cultivated Crops,#ab6c28,2016
Tennessee,Class_82,12126.42,Cultivated Crops,#ab6c28,2016
Kentucky,Class_82,13894.62,Cultivated Crops,#ab6c28,2016
Mississippi,Class_82,17716.96,Cultivated Crops,#ab6c28,2016
Louisiana,Class_82,18382.45,Cultivated Crops,#ab6c28,2016
Texas,Class_82,82248.57,Cultivated Crops,#ab6c28,2016
Oklahoma,Class_82,30761.13,Cultivated Crops,#ab6c28,2016
Arkansas,Class_82,29200.34,Cultivated Crops,#ab6c28,2016
West Virginia,Class_95,32.58,Emergent Herbaceous Wetlands,#6c9fb8,2016
Florida,Class_95,14476.72,Emergent Herbaceous Wetlands,#6c9fb8,2016
Maryland,Class_95,782.65,Emergent Herbaceous Wetlands,#6c9fb8,2016
North Carolina,Class_95,1065.82,Emergent Herbaceous Wetlands,#6c9fb8,2016
Delaware,Class_95,317.31,Emergent Herbaceous Wetlands,#6c9fb8,2016
Georgia,Class_95,1792.15,Emergent Herbaceous Wetlands,#6c9fb8,2016
South Carolina,Class_95,1973.14,Emergent Herbaceous Wetlands,#6c9fb8,2016
Virginia,Class_95,787.13,Emergent Herbaceous Wetlands,#6c9fb8,2016
District of Columbia,Class_95,0.14,Emergent Herbaceous Wetlands,#6c9fb8,2016
Alabama,Class_95,216.9,Emergent Herbaceous Wetlands,#6c9fb8,2016
Tennessee,Class_95,139.15,Emergent Herbaceous Wetlands,#6c9fb8,2016
Kentucky,Class_95,138.45,Emergent Herbaceous Wetlands,#6c9fb8,2016
Mississippi,Class_95,489.72,Emergent Herbaceous Wetlands,#6c9fb8,2016
Louisiana,Class_95,12744.5,Emergent Herbaceous Wetlands,#6c9fb8,2016
Texas,Class_95,7255.6,Emergent Herbaceous Wetlands,#6c9fb8,2016
Oklahoma,Class_95,315.69,Emergent Herbaceous Wetlands,#6c9fb8,2016
Arkansas,Class_95,143.11,Emergent Herbaceous Wetlands,#6c9fb8,2016
West Virginia,Class_41,48950.99,Deciduous Forest,#68ab5f,2016
Florida,Class_41,5.44,Deciduous Forest,#68ab5f,2016
Maryland,Class_41,6297.32,Deciduous Forest,#68ab5f,2016
North Carolina,Class_41,25543.77,Deciduous Forest,#68ab5f,2016
Delaware,Class_41,189.27,Deciduous Forest,#68ab5f,2016
Georgia,Class_41,19378.05,Deciduous Forest,#68ab5f,2016
South Carolina,Class_41,6742.37,Deciduous Forest,#68ab5f,2016
Virginia,Class_41,35351.32,Deciduous Forest,#68ab5f,2016
District of Columbia,Class_41,12.42,Deciduous Forest,#68ab5f,2016
Alabama,Class_41,20909.91,Deciduous Forest,#68ab5f,2016
Tennessee,Class_41,43926.22,Deciduous Forest,#68ab5f,2016
Kentucky,Class_41,49088.24,Deciduous Forest,#68ab5f,2016
Mississippi,Class_41,10737.11,Deciduous Forest,#68ab5f,2016
Louisiana,Class_41,288.08,Deciduous Forest,#68ab5f,2016
Texas,Class_41,8697.42,Deciduous Forest,#68ab5f,2016
Oklahoma,Class_41,28540.32,Deciduous Forest,#68ab5f,2016
Arkansas,Class_41,26376.95,Deciduous Forest,#68ab5f,2016
West Virginia,Class_52,133.86,Shrub/Scrub,#ccb879,2016
Florida,Class_52,3610.27,Shrub/Scrub,#ccb879,2016
Maryland,Class_52,67.31,Shrub/Scrub,#ccb879,2016
North Carolina,Class_52,2353.82,Shrub/Scrub,#ccb879,2016
Delaware,Class_52,12.31,Shrub/Scrub,#ccb879,2016
Georgia,Class_52,3665.44,Shrub/Scrub,#ccb879,2016
South Carolina,Class_52,1661.06,Shrub/Scrub,#ccb879,2016
Virginia,Class_52,1771.37,Shrub/Scrub,#ccb879,2016
District of Columbia,Class_52,0.0,Shrub/Scrub,#ccb879,2016
Alabama,Class_52,6112.19,Shrub/Scrub,#ccb879,2016
Tennessee,Class_52,594.0,Shrub/Scrub,#ccb879,2016
Kentucky,Class_52,64.14,Shrub/Scrub,#ccb879,2016
Mississippi,Class_52,4201.78,Shrub/Scrub,#ccb879,2016
Louisiana,Class_52,3118.83,Shrub/Scrub,#ccb879,2016
Texas,Class_52,316563.92,Shrub/Scrub,#ccb879,2016
Oklahoma,Class_52,6519.31,Shrub/Scrub,#ccb879,2016
Arkansas,Class_52,2681.48,Shrub/Scrub,#ccb879,2016
West Virginia,Class_31,469.26,Barren Land,#b3ac9f,2016
Florida,Class_31,972.41,Barren Land,#b3ac9f,2016
Maryland,Class_31,128.91,Barren Land,#b3ac9f,2016
North Carolina,Class_31,385.99,Barren Land,#b3ac9f,2016
Delaware,Class_31,19.4,Barren Land,#b3ac9f,2016
Georgia,Class_31,431.24,Barren Land,#b3ac9f,2016
South Carolina,Class_31,231.05,Barren Land,#b3ac9f,2016
Virginia,Class_31,322.36,Barren Land,#b3ac9f,2016
District of Columbia,Class_31,0.0,Barren Land,#b3ac9f,2016
Alabama,Class_31,307.55,Barren Land,#b3ac9f,2016
Tennessee,Class_31,206.84,Barren Land,#b3ac9f,2016
Kentucky,Class_31,550.35,Barren Land,#b3ac9f,2016
Mississippi,Class_31,251.14,Barren Land,#b3ac9f,2016
Louisiana,Class_31,268.49,Barren Land,#b3ac9f,2016
Texas,Class_31,1984.47,Barren Land,#b3ac9f,2016
Oklahoma,Class_31,575.37,Barren Land,#b3ac9f,2016
Arkansas,Class_31,273.26,Barren Land,#b3ac9f,2016
West Virginia,Class_42,382.2,Evergreen Forest,#1c5f2c,2016
Florida,Class_42,27659.8,Evergreen Forest,#1c5f2c,2016
Maryland,Class_42,529.47,Evergreen Forest,#1c5f2c,2016
North Carolina,Class_42,17800.21,Evergreen Forest,#1c5f2c,2016
Delaware,Class_42,167.16,Evergreen Forest,#1c5f2c,2016
Georgia,Class_42,37591.81,Evergreen Forest,#1c5f2c,2016
South Carolina,Class_42,21242.07,Evergreen Forest,#1c5f2c,2016
Virginia,Class_42,9445.72,Evergreen Forest,#1c5f2c,2016
District of Columbia,Class_42,0.07,Evergreen Forest,#1c5f2c,2016
Alabama,Class_42,31579.66,Evergreen Forest,#1c5f2c,2016
Tennessee,Class_42,3332.63,Evergreen Forest,#1c5f2c,2016
Kentucky,Class_42,302.81,Evergreen Forest,#1c5f2c,2016
Mississippi,Class_42,25661.7,Evergreen Forest,#1c5f2c,2016
Louisiana,Class_42,25696.26,Evergreen Forest,#1c5f2c,2016
Texas,Class_42,39255.75,Evergreen Forest,#1c5f2c,2016
Oklahoma,Class_42,5525.3,Evergreen Forest,#1c5f2c,2016
Arkansas,Class_42,25184.59,Evergreen Forest,#1c5f2c,2016
West Virginia,Class_21,1832.36,"Developed, Open Space",#dec5c5,2016
Florida,Class_21,6002.98,"Developed, Open Space",#dec5c5,2016
Maryland,Class_21,1992.03,"Developed, Open Space",#dec5c5,2016
North Carolina,Class_21,7616.84,"Developed, Open Space",#dec5c5,2016
Delaware,Class_21,252.61,"Developed, Open Space",#dec5c5,2016
Georgia,Class_21,8358.36,"Developed, Open Space",#dec5c5,2016
South Carolina,Class_21,4254.5,"Developed, Open Space",#dec5c5,2016
Virginia,Class_21,5120.38,"Developed, Open Space",#dec5c5,2016
District of Columbia,Class_21,21.35,"Developed, Open Space",#dec5c5,2016
Alabama,Class_21,6801.67,"Developed, Open Space",#dec5c5,2016
Tennessee,Class_21,6128.21,"Developed, Open Space",#dec5c5,2016
Kentucky,Class_21,4082.7,"Developed, Open Space",#dec5c5,2016
Mississippi,Class_21,5018.81,"Developed, Open Space",#dec5c5,2016
Louisiana,Class_21,3333.15,"Developed, Open Space",#dec5c5,2016
Texas,Class_21,10391.02,"Developed, Open Space",#dec5c5,2016
Oklahoma,Class_21,4592.05,"Developed, Open Space",#dec5c5,2016
Arkansas,Class_21,3159.09,"Developed, Open Space",#dec5c5,2016
West Virginia,Class_43,3113.85,Mixed Forest,#b5c58f,2016
Florida,Class_43,220.51,Mixed Forest,#b5c58f,2016
Maryland,Class_43,1379.87,Mixed Forest,#b5c58f,2016
North Carolina,Class_43,10584.97,Mixed Forest,#b5c58f,2016
Delaware,Class_43,148.79,Mixed Forest,#b5c58f,2016
Georgia,Class_43,5840.49,Mixed Forest,#b5c58f,2016
South Carolina,Class_43,2440.5,Mixed Forest,#b5c58f,2016
Virginia,Class_43,13648.28,Mixed Forest,#b5c58f,2016
District of Columbia,Class_43,0.0,Mixed Forest,#b5c58f,2016
Alabama,Class_43,10338.42,Mixed Forest,#b5c58f,2016
Tennessee,Class_43,7124.52,Mixed Forest,#b5c58f,2016
Kentucky,Class_43,4133.57,Mixed Forest,#b5c58f,2016
Mississippi,Class_43,9589.25,Mixed Forest,#b5c58f,2016
Louisiana,Class_43,1205.06,Mixed Forest,#b5c58f,2016
Texas,Class_43,11689.39,Mixed Forest,#b5c58f,2016
Oklahoma,Class_43,3279.11,Mixed Forest,#b5c58f,2016
Arkansas,Class_43,6522.86,Mixed Forest,#b5c58f,2016
West Virginia,Class_11,408.53,Open Water,#466b9f,2016
Florida,Class_11,28795.2,Open Water,#466b9f,2016
Maryland,Class_11,7016.29,Open Water,#466b9f,2016
North Carolina,Class_11,13425.63,Open Water,#466b9f,2016
Delaware,Class_11,1400.97,Open Water,#466b9f,2016
Georgia,Class_11,3882.54,Open Water,#466b9f,2016
South Carolina,Class_11,4978.23,Open Water,#466b9f,2016
Virginia,Class_11,8427.77,Open Water,#466b9f,2016
District of Columbia,Class_11,17.53,Open Water,#466b9f,2016
Alabama,Class_11,4586.65,Open Water,#466b9f,2016
Tennessee,Class_11,2417.76,Open Water,#466b9f,2016
Kentucky,Class_11,1842.52,Open Water,#466b9f,2016
Mississippi,Class_11,4000.35,Open Water,#466b9f,2016
Louisiana,Class_11,22781.78,Open Water,#466b9f,2016
Texas,Class_11,16395.35,Open Water,#466b9f,2016
Oklahoma,Class_11,3047.28,Open Water,#466b9f,2016
Arkansas,Class_11,2883.16,Open Water,#466b9f,2016
West Virginia,Class_22,629.79,"Developed, Low Intensity",#d99282,2016
Florida,Class_22,9948.65,"Developed, Low Intensity",#d99282,2016
Maryland,Class_22,1706.69,"Developed, Low Intensity",#d99282,2016
North Carolina,Class_22,5275.67,"Developed, Low Intensity",#d99282,2016
Delaware,Class_22,457.85,"Developed, Low Intensity",#d99282,2016
Georgia,Class_22,5305.99,"Developed, Low Intensity",#d99282,2016
South Carolina,Class_22,3037.49,"Developed, Low Intensity",#d99282,2016
Virginia,Class_22,2826.23,"Developed, Low Intensity",#d99282,2016
District of Columbia,Class_22,32.64,"Developed, Low Intensity",#d99282,2016
Alabama,Class_22,2803.85,"Developed, Low Intensity",#d99282,2016
Tennessee,Class_22,2832.81,"Developed, Low Intensity",#d99282,2016
Kentucky,Class_22,1768.41,"Developed, Low Intensity",#d99282,2016
Mississippi,Class_22,1905.14,"Developed, Low Intensity",#d99282,2016
Louisiana,Class_22,2585.03,"Developed, Low Intensity",#d99282,2016
Texas,Class_22,12867.21,"Developed, Low Intensity",#d99282,2016
Oklahoma,Class_22,2620.35,"Developed, Low Intensity",#d99282,2016
Arkansas,Class_22,1967.63,"Developed, Low Intensity",#d99282,2016
West Virginia,Class_23,391.41,"Developed, Medium Intensity",#eb0000,2016
Florida,Class_23,5294.85,"Developed, Medium Intensity",#eb0000,2016
Maryland,Class_23,933.09,"Developed, Medium Intensity",#eb0000,2016
North Carolina,Class_23,1681.43,"Developed, Medium Intensity",#eb0000,2016
Delaware,Class_23,221.37,"Developed, Medium Intensity",#eb0000,2016
Georgia,Class_23,1668.12,"Developed, Medium Intensity",#eb0000,2016
South Carolina,Class_23,905.81,"Developed, Medium Intensity",#eb0000,2016
Virginia,Class_23,1492.54,"Developed, Medium Intensity",#eb0000,2016
District of Columbia,Class_23,71.95,"Developed, Medium Intensity",#eb0000,2016
Alabama,Class_23,996.91,"Developed, Medium Intensity",#eb0000,2016
Tennessee,Class_23,1229.39,"Developed, Medium Intensity",#eb0000,2016
Kentucky,Class_23,919.88,"Developed, Medium Intensity",#eb0000,2016
Mississippi,Class_23,580.65,"Developed, Medium Intensity",#eb0000,2016
Louisiana,Class_23,1222.97,"Developed, Medium Intensity",#eb0000,2016
Texas,Class_23,8593.12,"Developed, Medium Intensity",#eb0000,2016
Oklahoma,Class_23,1237.48,"Developed, Medium Intensity",#eb0000,2016
Arkansas,Class_23,690.92,"Developed, Medium Intensity",#eb0000,2016
West Virginia,Class_24,62.87,"Developed, High Intensity",#ab0000,2016
Florida,Class_24,641.09,"Developed, High Intensity",#ab0000,2016
Maryland,Class_24,224.51,"Developed, High Intensity",#ab0000,2016
North Carolina,Class_24,395.58,"Developed, High Intensity",#ab0000,2016
Delaware,Class_24,50.18,"Developed, High Intensity",#ab0000,2016
Georgia,Class_24,505.9,"Developed, High Intensity",#ab0000,2016
South Carolina,Class_24,246.17,"Developed, High Intensity",#ab0000,2016
Virginia,Class_24,332.46,"Developed, High Intensity",#ab0000,2016
District of Columbia,Class_24,18.88,"Developed, High Intensity",#ab0000,2016
Alabama,Class_24,225.05,"Developed, High Intensity",#ab0000,2016
Tennessee,Class_24,333.75,"Developed, High Intensity",#ab0000,2016
Kentucky,Class_24,219.9,"Developed, High Intensity",#ab0000,2016
Mississippi,Class_24,122.87,"Developed, High Intensity",#ab0000,2016
Louisiana,Class_24,270.43,"Developed, High Intensity",#ab0000,2016
Texas,Class_24,1451.18,"Developed, High Intensity",#ab0000,2016
Oklahoma,Class_24,246.99,"Developed, High Intensity",#ab0000,2016
Arkansas,Class_24,163.95,"Developed, High Intensity",#ab0000,2016
West Virginia,Class_90,69.38,Woody Wetlands,#b8d9eb,2016
Florida,Class_90,39633.43,Woody Wetlands,#b8d9eb,2016
Maryland,Class_90,2809.6,Woody Wetlands,#b8d9eb,2016
North Carolina,Class_90,19397.65,Woody Wetlands,#b8d9eb,2016
Delaware,Class_90,1003.71,Woody Wetlands,#b8d9eb,2016
Georgia,Class_90,25802.69,Woody Wetlands,#b8d9eb,2016
South Carolina,Class_90,17558.53,Woody Wetlands,#b8d9eb,2016
Virginia,Class_90,5282.65,Woody Wetlands,#b8d9eb,2016
District of Columbia,Class_90,1.96,Woody Wetlands,#b8d9eb,2016
Alabama,Class_90,16839.11,Woody Wetlands,#b8d9eb,2016
Tennessee,Class_90,3366.14,Woody Wetlands,#b8d9eb,2016
Kentucky,Class_90,1284.3,Woody Wetlands,#b8d9eb,2016
Mississippi,Class_90,22334.61,Woody Wetlands,#b8d9eb,2016
Louisiana,Class_90,28216.41,Woody Wetlands,#b8d9eb,2016
Texas,Class_90,19296.16,Woody Wetlands,#b8d9eb,2016
Oklahoma,Class_90,1280.92,Woody Wetlands,#b8d9eb,2016
Arkansas,Class_90,14141.71,Woody Wetlands,#b8d9eb,2016
West Virginia,Class_81,5457.22,Pasture/Hay,#dcd939,2017
Florida,Class_81,19541.73,Pasture/Hay,#dcd939,2017
Maryland,Class_81,2653.52,Pasture/Hay,#dcd939,2017
North Carolina,Class_81,11864.04,Pasture/Hay,#dcd939,2017
Delaware,Class_81,46.83,Pasture/Hay,#dcd939,2017
Georgia,Class_81,12792.07,Pasture/Hay,#dcd939,2017
South Carolina,Class_81,6222.13,Pasture/Hay,#dcd939,2017
Virginia,Class_81,17547.28,Pasture/Hay,#dcd939,2017
District of Columbia,Class_81,0.07,Pasture/Hay,#dcd939,2017
Alabama,Class_81,22557.71,Pasture/Hay,#dcd939,2017
Tennessee,Class_81,24691.97,Pasture/Hay,#dcd939,2017
Kentucky,Class_81,25896.71,Pasture/Hay,#dcd939,2017
Mississippi,Class_81,19432.26,Pasture/Hay,#dcd939,2017
Louisiana,Class_81,11442.29,Pasture/Hay,#dcd939,2017
Texas,Class_81,82314.78,Pasture/Hay,#dcd939,2017
Oklahoma,Class_81,22688.63,Pasture/Hay,#dcd939,2017
Arkansas,Class_81,21927.02,Pasture/Hay,#dcd939,2017
West Virginia,Class_71,552.11,Grassland/Herbaceous,#dfdfc2,2017
Florida,Class_71,3676.7,Grassland/Herbaceous,#dfdfc2,2017
Maryland,Class_71,38.12,Grassland/Herbaceous,#dfdfc2,2017
North Carolina,Class_71,2543.84,Grassland/Herbaceous,#dfdfc2,2017
Delaware,Class_71,7.59,Grassland/Herbaceous,#dfdfc2,2017
Georgia,Class_71,6278.9,Grassland/Herbaceous,#dfdfc2,2017
South Carolina,Class_71,3024.08,Grassland/Herbaceous,#dfdfc2,2017
Virginia,Class_71,2516.67,Grassland/Herbaceous,#dfdfc2,2017
District of Columbia,Class_71,0.0,Grassland/Herbaceous,#dfdfc2,2017
Alabama,Class_71,5266.32,Grassland/Herbaceous,#dfdfc2,2017
Tennessee,Class_71,665.04,Grassland/Herbaceous,#dfdfc2,2017
Kentucky,Class_71,366.45,Grassland/Herbaceous,#dfdfc2,2017
Mississippi,Class_71,3379.53,Grassland/Herbaceous,#dfdfc2,2017
Louisiana,Class_71,2725.68,Grassland/Herbaceous,#dfdfc2,2017
Texas,Class_71,75945.72,Grassland/Herbaceous,#dfdfc2,2017
Oklahoma,Class_71,69870.71,Grassland/Herbaceous,#dfdfc2,2017
Arkansas,Class_71,2470.62,Grassland/Herbaceous,#dfdfc2,2017
West Virginia,Class_82,264.49,Cultivated Crops,#ab6c28,2017
Florida,Class_82,9582.79,Cultivated Crops,#ab6c28,2017
Maryland,Class_82,5541.92,Cultivated Crops,#ab6c28,2017
North Carolina,Class_82,19454.82,Cultivated Crops,#ab6c28,2017
Delaware,Class_82,2135.64,Cultivated Crops,#ab6c28,2017
Georgia,Class_82,20766.67,Cultivated Crops,#ab6c28,2017
South Carolina,Class_82,8402.39,Cultivated Crops,#ab6c28,2017
Virginia,Class_82,6023.65,Cultivated Crops,#ab6c28,2017
District of Columbia,Class_82,0.0,Cultivated Crops,#ab6c28,2017
Alabama,Class_82,6183.45,Cultivated Crops,#ab6c28,2017
Tennessee,Class_82,12129.23,Cultivated Crops,#ab6c28,2017
Kentucky,Class_82,13960.04,Cultivated Crops,#ab6c28,2017
Mississippi,Class_82,17722.47,Cultivated Crops,#ab6c28,2017
Louisiana,Class_82,18333.27,Cultivated Crops,#ab6c28,2017
Texas,Class_82,82003.86,Cultivated Crops,#ab6c28,2017
Oklahoma,Class_82,30546.37,Cultivated Crops,#ab6c28,2017
Arkansas,Class_82,29148.03,Cultivated Crops,#ab6c28,2017
West Virginia,Class_95,32.58,Emergent Herbaceous Wetlands,#6c9fb8,2017
Florida,Class_95,14578.63,Emergent Herbaceous Wetlands,#6c9fb8,2017
Maryland,Class_95,778.55,Emergent Herbaceous Wetlands,#6c9fb8,2017
North Carolina,Class_95,1079.71,Emergent Herbaceous Wetlands,#6c9fb8,2017
Delaware,Class_95,316.06,Emergent Herbaceous Wetlands,#6c9fb8,2017
Georgia,Class_95,1786.02,Emergent Herbaceous Wetlands,#6c9fb8,2017
South Carolina,Class_95,1983.08,Emergent Herbaceous Wetlands,#6c9fb8,2017
Virginia,Class_95,784.44,Emergent Herbaceous Wetlands,#6c9fb8,2017
District of Columbia,Class_95,0.14,Emergent Herbaceous Wetlands,#6c9fb8,2017
Alabama,Class_95,219.15,Emergent Herbaceous Wetlands,#6c9fb8,2017
Tennessee,Class_95,139.11,Emergent Herbaceous Wetlands,#6c9fb8,2017
Kentucky,Class_95,140.82,Emergent Herbaceous Wetlands,#6c9fb8,2017
Mississippi,Class_95,495.18,Emergent Herbaceous Wetlands,#6c9fb8,2017
Louisiana,Class_95,12743.4,Emergent Herbaceous Wetlands,#6c9fb8,2017
Texas,Class_95,7332.12,Emergent Herbaceous Wetlands,#6c9fb8,2017
Oklahoma,Class_95,320.57,Emergent Herbaceous Wetlands,#6c9fb8,2017
Arkansas,Class_95,137.74,Emergent Herbaceous Wetlands,#6c9fb8,2017
West Virginia,Class_41,48953.35,Deciduous Forest,#68ab5f,2017
Florida,Class_41,4.89,Deciduous Forest,#68ab5f,2017
Maryland,Class_41,6298.8,Deciduous Forest,#68ab5f,2017
North Carolina,Class_41,25525.58,Deciduous Forest,#68ab5f,2017
Delaware,Class_41,189.76,Deciduous Forest,#68ab5f,2017
Georgia,Class_41,19411.46,Deciduous Forest,#68ab5f,2017
South Carolina,Class_41,6761.28,Deciduous Forest,#68ab5f,2017
Virginia,Class_41,35337.78,Deciduous Forest,#68ab5f,2017
District of Columbia,Class_41,12.42,Deciduous Forest,#68ab5f,2017
Alabama,Class_41,20914.63,Deciduous Forest,#68ab5f,2017
Tennessee,Class_41,43924.57,Deciduous Forest,#68ab5f,2017
Kentucky,Class_41,49089.43,Deciduous Forest,#68ab5f,2017
Mississippi,Class_41,10725.59,Deciduous Forest,#68ab5f,2017
Louisiana,Class_41,288.02,Deciduous Forest,#68ab5f,2017
Texas,Class_41,8752.1,Deciduous Forest,#68ab5f,2017
Oklahoma,Class_41,28594.85,Deciduous Forest,#68ab5f,2017
Arkansas,Class_41,26363.87,Deciduous Forest,#68ab5f,2017
West Virginia,Class_52,133.41,Shrub/Scrub,#ccb879,2017
Florida,Class_52,3548.28,Shrub/Scrub,#ccb879,2017
Maryland,Class_52,66.26,Shrub/Scrub,#ccb879,2017
North Carolina,Class_52,2431.26,Shrub/Scrub,#ccb879,2017
Delaware,Class_52,10.06,Shrub/Scrub,#ccb879,2017
Georgia,Class_52,3728.64,Shrub/Scrub,#ccb879,2017
South Carolina,Class_52,1776.89,Shrub/Scrub,#ccb879,2017
Virginia,Class_52,1788.1,Shrub/Scrub,#ccb879,2017
District of Columbia,Class_52,0.0,Shrub/Scrub,#ccb879,2017
Alabama,Class_52,6031.09,Shrub/Scrub,#ccb879,2017
Tennessee,Class_52,554.85,Shrub/Scrub,#ccb879,2017
Kentucky,Class_52,62.32,Shrub/Scrub,#ccb879,2017
Mississippi,Class_52,4133.14,Shrub/Scrub,#ccb879,2017
Louisiana,Class_52,3101.49,Shrub/Scrub,#ccb879,2017
Texas,Class_52,316824.46,Shrub/Scrub,#ccb879,2017
Oklahoma,Class_52,6540.01,Shrub/Scrub,#ccb879,2017
Arkansas,Class_52,2537.72,Shrub/Scrub,#ccb879,2017
West Virginia,Class_31,469.79,Barren Land,#b3ac9f,2017
Florida,Class_31,978.31,Barren Land,#b3ac9f,2017
Maryland,Class_31,129.62,Barren Land,#b3ac9f,2017
North Carolina,Class_31,390.02,Barren Land,#b3ac9f,2017
Delaware,Class_31,19.12,Barren Land,#b3ac9f,2017
Georgia,Class_31,437.02,Barren Land,#b3ac9f,2017
South Carolina,Class_31,230.77,Barren Land,#b3ac9f,2017
Virginia,Class_31,323.92,Barren Land,#b3ac9f,2017
District of Columbia,Class_31,0.0,Barren Land,#b3ac9f,2017
Alabama,Class_31,312.62,Barren Land,#b3ac9f,2017
Tennessee,Class_31,183.33,Barren Land,#b3ac9f,2017
Kentucky,Class_31,551.43,Barren Land,#b3ac9f,2017
Mississippi,Class_31,250.24,Barren Land,#b3ac9f,2017
Louisiana,Class_31,270.37,Barren Land,#b3ac9f,2017
Texas,Class_31,2041.74,Barren Land,#b3ac9f,2017
Oklahoma,Class_31,589.43,Barren Land,#b3ac9f,2017
Arkansas,Class_31,272.46,Barren Land,#b3ac9f,2017
West Virginia,Class_42,380.11,Evergreen Forest,#1c5f2c,2017
Florida,Class_42,27594.28,Evergreen Forest,#1c5f2c,2017
Maryland,Class_42,531.31,Evergreen Forest,#1c5f2c,2017
North Carolina,Class_42,17745.45,Evergreen Forest,#1c5f2c,2017
Delaware,Class_42,169.62,Evergreen Forest,#1c5f2c,2017
Georgia,Class_42,37297.06,Evergreen Forest,#1c5f2c,2017
South Carolina,Class_42,21059.97,Evergreen Forest,#1c5f2c,2017
Virginia,Class_42,9423.79,Evergreen Forest,#1c5f2c,2017
District of Columbia,Class_42,0.07,Evergreen Forest,#1c5f2c,2017
Alabama,Class_42,31778.61,Evergreen Forest,#1c5f2c,2017
Tennessee,Class_42,3354.84,Evergreen Forest,#1c5f2c,2017
Kentucky,Class_42,302.26,Evergreen Forest,#1c5f2c,2017
Mississippi,Class_42,25848.29,Evergreen Forest,#1c5f2c,2017
Louisiana,Class_42,25707.33,Evergreen Forest,#1c5f2c,2017
Texas,Class_42,39522.77,Evergreen Forest,#1c5f2c,2017
Oklahoma,Class_42,5562.39,Evergreen Forest,#1c5f2c,2017
Arkansas,Class_42,25316.56,Evergreen Forest,#1c5f2c,2017
West Virginia,Class_21,1842.8,"Developed, Open Space",#dec5c5,2017
Florida,Class_21,6074.96,"Developed, Open Space",#dec5c5,2017
Maryland,Class_21,2009.7,"Developed, Open Space",#dec5c5,2017
North Carolina,Class_21,7685.89,"Developed, Open Space",#dec5c5,2017
Delaware,Class_21,258.1,"Developed, Open Space",#dec5c5,2017
Georgia,Class_21,8435.15,"Developed, Open Space",#dec5c5,2017
South Carolina,Class_21,4300.45,"Developed, Open Space",#dec5c5,2017
Virginia,Class_21,5142.06,"Developed, Open Space",#dec5c5,2017
District of Columbia,Class_21,21.16,"Developed, Open Space",#dec5c5,2017
Alabama,Class_21,6839.69,"Developed, Open Space",#dec5c5,2017
Tennessee,Class_21,6186.83,"Developed, Open Space",#dec5c5,2017
Kentucky,Class_21,4116.48,"Developed, Open Space",#dec5c5,2017
Mississippi,Class_21,5045.91,"Developed, Open Space",#dec5c5,2017
Louisiana,Class_21,3356.09,"Developed, Open Space",#dec5c5,2017
Texas,Class_21,10543.32,"Developed, Open Space",#dec5c5,2017
Oklahoma,Class_21,4605.22,"Developed, Open Space",#dec5c5,2017
Arkansas,Class_21,3180.24,"Developed, Open Space",#dec5c5,2017
West Virginia,Class_43,3101.04,Mixed Forest,#b5c58f,2017
Florida,Class_43,217.47,Mixed Forest,#b5c58f,2017
Maryland,Class_43,1374.27,Mixed Forest,#b5c58f,2017
North Carolina,Class_43,10438.49,Mixed Forest,#b5c58f,2017
Delaware,Class_43,147.35,Mixed Forest,#b5c58f,2017
Georgia,Class_43,5750.36,Mixed Forest,#b5c58f,2017
South Carolina,Class_43,2391.96,Mixed Forest,#b5c58f,2017
Virginia,Class_43,13496.68,Mixed Forest,#b5c58f,2017
District of Columbia,Class_43,0.0,Mixed Forest,#b5c58f,2017
Alabama,Class_43,10209.84,Mixed Forest,#b5c58f,2017
Tennessee,Class_43,7077.66,Mixed Forest,#b5c58f,2017
Kentucky,Class_43,4125.01,Mixed Forest,#b5c58f,2017
Mississippi,Class_43,9474.38,Mixed Forest,#b5c58f,2017
Louisiana,Class_43,1189.8,Mixed Forest,#b5c58f,2017
Texas,Class_43,11578.46,Mixed Forest,#b5c58f,2017
Oklahoma,Class_43,3263.45,Mixed Forest,#b5c58f,2017
Arkansas,Class_43,6479.65,Mixed Forest,#b5c58f,2017
West Virginia,Class_11,412.37,Open Water,#466b9f,2017
Florida,Class_11,28763.68,Open Water,#466b9f,2017
Maryland,Class_11,7022.53,Open Water,#466b9f,2017
North Carolina,Class_11,13436.02,Open Water,#466b9f,2017
Delaware,Class_11,1402.57,Open Water,#466b9f,2017
Georgia,Class_11,3896.31,Open Water,#466b9f,2017
South Carolina,Class_11,4984.6,Open Water,#466b9f,2017
Virginia,Class_11,8437.58,Open Water,#466b9f,2017
District of Columbia,Class_11,17.48,Open Water,#466b9f,2017
Alabama,Class_11,4587.37,Open Water,#466b9f,2017
Tennessee,Class_11,2460.98,Open Water,#466b9f,2017
Kentucky,Class_11,1844.07,Open Water,#466b9f,2017
Mississippi,Class_11,4003.93,Open Water,#466b9f,2017
Louisiana,Class_11,22790.31,Open Water,#466b9f,2017
Texas,Class_11,16242.02,Open Water,#466b9f,2017
Oklahoma,Class_11,3046.09,Open Water,#466b9f,2017
Arkansas,Class_11,2925.22,Open Water,#466b9f,2017
West Virginia,Class_22,629.72,"Developed, Low Intensity",#d99282,2017
Florida,Class_22,9975.87,"Developed, Low Intensity",#d99282,2017
Maryland,Class_22,1706.97,"Developed, Low Intensity",#d99282,2017
North Carolina,Class_22,5298.11,"Developed, Low Intensity",#d99282,2017
Delaware,Class_22,462.99,"Developed, Low Intensity",#d99282,2017
Georgia,Class_22,5307.1,"Developed, Low Intensity",#d99282,2017
South Carolina,Class_22,3056.51,"Developed, Low Intensity",#d99282,2017
Virginia,Class_22,2836.39,"Developed, Low Intensity",#d99282,2017
District of Columbia,Class_22,32.77,"Developed, Low Intensity",#d99282,2017
Alabama,Class_22,2809.66,"Developed, Low Intensity",#d99282,2017
Tennessee,Class_22,2839.95,"Developed, Low Intensity",#d99282,2017
Kentucky,Class_22,1771.35,"Developed, Low Intensity",#d99282,2017
Mississippi,Class_22,1918.3,"Developed, Low Intensity",#d99282,2017
Louisiana,Class_22,2591.92,"Developed, Low Intensity",#d99282,2017
Texas,Class_22,12925.81,"Developed, Low Intensity",#d99282,2017
Oklahoma,Class_22,2628.38,"Developed, Low Intensity",#d99282,2017
Arkansas,Class_22,1972.17,"Developed, Low Intensity",#d99282,2017
West Virginia,Class_23,393.12,"Developed, Medium Intensity",#eb0000,2017
Florida,Class_23,5351.94,"Developed, Medium Intensity",#eb0000,2017
Maryland,Class_23,940.39,"Developed, Medium Intensity",#eb0000,2017
North Carolina,Class_23,1717.11,"Developed, Medium Intensity",#eb0000,2017
Delaware,Class_23,224.11,"Developed, Medium Intensity",#eb0000,2017
Georgia,Class_23,1693.97,"Developed, Medium Intensity",#eb0000,2017
South Carolina,Class_23,922.84,"Developed, Medium Intensity",#eb0000,2017
Virginia,Class_23,1507.51,"Developed, Medium Intensity",#eb0000,2017
District of Columbia,Class_23,71.98,"Developed, Medium Intensity",#eb0000,2017
Alabama,Class_23,1004.48,"Developed, Medium Intensity",#eb0000,2017
Tennessee,Class_23,1241.46,"Developed, Medium Intensity",#eb0000,2017
Kentucky,Class_23,924.21,"Developed, Medium Intensity",#eb0000,2017
Mississippi,Class_23,582.97,"Developed, Medium Intensity",#eb0000,2017
Louisiana,Class_23,1237.3,"Developed, Medium Intensity",#eb0000,2017
Texas,Class_23,8758.17,"Developed, Medium Intensity",#eb0000,2017
Oklahoma,Class_23,1251.5,"Developed, Medium Intensity",#eb0000,2017
Arkansas,Class_23,703.72,"Developed, Medium Intensity",#eb0000,2017
West Virginia,Class_24,63.65,"Developed, High Intensity",#ab0000,2017
Florida,Class_24,646.48,"Developed, High Intensity",#ab0000,2017
Maryland,Class_24,227.5,"Developed, High Intensity",#ab0000,2017
North Carolina,Class_24,404.94,"Developed, High Intensity",#ab0000,2017
Delaware,Class_24,50.94,"Developed, High Intensity",#ab0000,2017
Georgia,Class_24,519.71,"Developed, High Intensity",#ab0000,2017
South Carolina,Class_24,251.89,"Developed, High Intensity",#ab0000,2017
Virginia,Class_24,337.85,"Developed, High Intensity",#ab0000,2017
District of Columbia,Class_24,19.02,"Developed, High Intensity",#ab0000,2017
Alabama,Class_24,228.13,"Developed, High Intensity",#ab0000,2017
Tennessee,Class_24,338.29,"Developed, High Intensity",#ab0000,2017
Kentucky,Class_24,225.24,"Developed, High Intensity",#ab0000,2017
Mississippi,Class_24,124.63,"Developed, High Intensity",#ab0000,2017
Louisiana,Class_24,273.45,"Developed, High Intensity",#ab0000,2017
Texas,Class_24,1480.45,"Developed, High Intensity",#ab0000,2017
Oklahoma,Class_24,249.65,"Developed, High Intensity",#ab0000,2017
Arkansas,Class_24,166.01,"Developed, High Intensity",#ab0000,2017
West Virginia,Class_90,69.18,Woody Wetlands,#b8d9eb,2017
Florida,Class_90,39544.39,Woody Wetlands,#b8d9eb,2017
Maryland,Class_90,2809.75,Woody Wetlands,#b8d9eb,2017
North Carolina,Class_90,19368.59,Woody Wetlands,#b8d9eb,2017
Delaware,Class_90,1004.97,Woody Wetlands,#b8d9eb,2017
Georgia,Class_90,25803.76,Woody Wetlands,#b8d9eb,2017
South Carolina,Class_90,17540.47,Woody Wetlands,#b8d9eb,2017
Virginia,Class_90,5280.57,Woody Wetlands,#b8d9eb,2017
District of Columbia,Class_90,1.89,Woody Wetlands,#b8d9eb,2017
Alabama,Class_90,16823.03,Woody Wetlands,#b8d9eb,2017
Tennessee,Class_90,3363.79,Woody Wetlands,#b8d9eb,2017
Kentucky,Class_90,1278.47,Woody Wetlands,#b8d9eb,2017
Mississippi,Class_90,22301.22,Woody Wetlands,#b8d9eb,2017
Louisiana,Class_90,28202.29,Woody Wetlands,#b8d9eb,2017
Texas,Class_90,19255.33,Woody Wetlands,#b8d9eb,2017
Oklahoma,Class_90,1279.76,Woody Wetlands,#b8d9eb,2017
Arkansas,Class_90,14130.02,Woody Wetlands,#b8d9eb,2017
West Virginia,Class_81,5448.93,Pasture/Hay,#dcd939,2018
Florida,Class_81,19588.85,Pasture/Hay,#dcd939,2018
Maryland,Class_81,2641.06,Pasture/Hay,#dcd939,2018
North Carolina,Class_81,11860.71,Pasture/Hay,#dcd939,2018
Delaware,Class_81,46.69,Pasture/Hay,#dcd939,2018
Georgia,Class_81,12819.2,Pasture/Hay,#dcd939,2018
South Carolina,Class_81,6205.72,Pasture/Hay,#dcd939,2018
Virginia,Class_81,17520.21,Pasture/Hay,#dcd939,2018
District of Columbia,Class_81,0.07,Pasture/Hay,#dcd939,2018
Alabama,Class_81,22524.21,Pasture/Hay,#dcd939,2018
Tennessee,Class_81,24652.53,Pasture/Hay,#dcd939,2018
Kentucky,Class_81,25860.9,Pasture/Hay,#dcd939,2018
Mississippi,Class_81,19342.29,Pasture/Hay,#dcd939,2018
Louisiana,Class_81,11388.25,Pasture/Hay,#dcd939,2018
Texas,Class_81,82263.84,Pasture/Hay,#dcd939,2018
Oklahoma,Class_81,22714.24,Pasture/Hay,#dcd939,2018
Arkansas,Class_81,21937.46,Pasture/Hay,#dcd939,2018
West Virginia,Class_71,574.62,Grassland/Herbaceous,#dfdfc2,2018
Florida,Class_71,3635.59,Grassland/Herbaceous,#dfdfc2,2018
Maryland,Class_71,42.41,Grassland/Herbaceous,#dfdfc2,2018
North Carolina,Class_71,2672.79,Grassland/Herbaceous,#dfdfc2,2018
Delaware,Class_71,5.13,Grassland/Herbaceous,#dfdfc2,2018
Georgia,Class_71,6189.09,Grassland/Herbaceous,#dfdfc2,2018
South Carolina,Class_71,3180.22,Grassland/Herbaceous,#dfdfc2,2018
Virginia,Class_71,2726.59,Grassland/Herbaceous,#dfdfc2,2018
District of Columbia,Class_71,0.0,Grassland/Herbaceous,#dfdfc2,2018
Alabama,Class_71,5366.54,Grassland/Herbaceous,#dfdfc2,2018
Tennessee,Class_71,698.92,Grassland/Herbaceous,#dfdfc2,2018
Kentucky,Class_71,346.33,Grassland/Herbaceous,#dfdfc2,2018
Mississippi,Class_71,3529.29,Grassland/Herbaceous,#dfdfc2,2018
Louisiana,Class_71,2979.51,Grassland/Herbaceous,#dfdfc2,2018
Texas,Class_71,75755.9,Grassland/Herbaceous,#dfdfc2,2018
Oklahoma,Class_71,70076.37,Grassland/Herbaceous,#dfdfc2,2018
Arkansas,Class_71,2650.74,Grassland/Herbaceous,#dfdfc2,2018
West Virginia,Class_82,264.31,Cultivated Crops,#ab6c28,2018
Florida,Class_82,9488.51,Cultivated Crops,#ab6c28,2018
Maryland,Class_82,5531.18,Cultivated Crops,#ab6c28,2018
North Carolina,Class_82,19368.21,Cultivated Crops,#ab6c28,2018
Delaware,Class_82,2122.98,Cultivated Crops,#ab6c28,2018
Georgia,Class_82,20661.46,Cultivated Crops,#ab6c28,2018
South Carolina,Class_82,8344.5,Cultivated Crops,#ab6c28,2018
Virginia,Class_82,6015.97,Cultivated Crops,#ab6c28,2018
District of Columbia,Class_82,0.0,Cultivated Crops,#ab6c28,2018
Alabama,Class_82,6149.02,Cultivated Crops,#ab6c28,2018
Tennessee,Class_82,12117.26,Cultivated Crops,#ab6c28,2018
Kentucky,Class_82,13973.06,Cultivated Crops,#ab6c28,2018
Mississippi,Class_82,17726.17,Cultivated Crops,#ab6c28,2018
Louisiana,Class_82,18346.25,Cultivated Crops,#ab6c28,2018
Texas,Class_82,81893.86,Cultivated Crops,#ab6c28,2018
Oklahoma,Class_82,30383.78,Cultivated Crops,#ab6c28,2018
Arkansas,Class_82,29120.88,Cultivated Crops,#ab6c28,2018
West Virginia,Class_95,32.72,Emergent Herbaceous Wetlands,#6c9fb8,2018
Florida,Class_95,14643.96,Emergent Herbaceous Wetlands,#6c9fb8,2018
Maryland,Class_95,780.22,Emergent Herbaceous Wetlands,#6c9fb8,2018
North Carolina,Class_95,1105.97,Emergent Herbaceous Wetlands,#6c9fb8,2018
Delaware,Class_95,315.86,Emergent Herbaceous Wetlands,#6c9fb8,2018
Georgia,Class_95,1793.88,Emergent Herbaceous Wetlands,#6c9fb8,2018
South Carolina,Class_95,1996.6,Emergent Herbaceous Wetlands,#6c9fb8,2018
Virginia,Class_95,785.9,Emergent Herbaceous Wetlands,#6c9fb8,2018
District of Columbia,Class_95,0.13,Emergent Herbaceous Wetlands,#6c9fb8,2018
Alabama,Class_95,222.4,Emergent Herbaceous Wetlands,#6c9fb8,2018
Tennessee,Class_95,139.99,Emergent Herbaceous Wetlands,#6c9fb8,2018
Kentucky,Class_95,145.2,Emergent Herbaceous Wetlands,#6c9fb8,2018
Mississippi,Class_95,496.41,Emergent Herbaceous Wetlands,#6c9fb8,2018
Louisiana,Class_95,12773.92,Emergent Herbaceous Wetlands,#6c9fb8,2018
Texas,Class_95,7395.0,Emergent Herbaceous Wetlands,#6c9fb8,2018
Oklahoma,Class_95,331.19,Emergent Herbaceous Wetlands,#6c9fb8,2018
Arkansas,Class_95,147.87,Emergent Herbaceous Wetlands,#6c9fb8,2018
West Virginia,Class_41,48942.56,Deciduous Forest,#68ab5f,2018
Florida,Class_41,4.65,Deciduous Forest,#68ab5f,2018
Maryland,Class_41,6294.1,Deciduous Forest,#68ab5f,2018
North Carolina,Class_41,25527.48,Deciduous Forest,#68ab5f,2018
Delaware,Class_41,190.18,Deciduous Forest,#68ab5f,2018
Georgia,Class_41,19419.86,Deciduous Forest,#68ab5f,2018
South Carolina,Class_41,6773.65,Deciduous Forest,#68ab5f,2018
Virginia,Class_41,35329.93,Deciduous Forest,#68ab5f,2018
District of Columbia,Class_41,12.49,Deciduous Forest,#68ab5f,2018
Alabama,Class_41,20898.66,Deciduous Forest,#68ab5f,2018
Tennessee,Class_41,43901.04,Deciduous Forest,#68ab5f,2018
Kentucky,Class_41,49078.45,Deciduous Forest,#68ab5f,2018
Mississippi,Class_41,10704.12,Deciduous Forest,#68ab5f,2018
Louisiana,Class_41,285.91,Deciduous Forest,#68ab5f,2018
Texas,Class_41,8730.94,Deciduous Forest,#68ab5f,2018
Oklahoma,Class_41,28593.54,Deciduous Forest,#68ab5f,2018
Arkansas,Class_41,26367.22,Deciduous Forest,#68ab5f,2018
West Virginia,Class_52,133.7,Shrub/Scrub,#ccb879,2018
Florida,Class_52,3561.21,Shrub/Scrub,#ccb879,2018
Maryland,Class_52,65.21,Shrub/Scrub,#ccb879,2018
North Carolina,Class_52,2485.17,Shrub/Scrub,#ccb879,2018
Delaware,Class_52,10.2,Shrub/Scrub,#ccb879,2018
Georgia,Class_52,4224.94,Shrub/Scrub,#ccb879,2018
South Carolina,Class_52,1890.24,Shrub/Scrub,#ccb879,2018
Virginia,Class_52,1786.46,Shrub/Scrub,#ccb879,2018
District of Columbia,Class_52,0.0,Shrub/Scrub,#ccb879,2018
Alabama,Class_52,5956.26,Shrub/Scrub,#ccb879,2018
Tennessee,Class_52,512.87,Shrub/Scrub,#ccb879,2018
Kentucky,Class_52,72.44,Shrub/Scrub,#ccb879,2018
Mississippi,Class_52,4142.76,Shrub/Scrub,#ccb879,2018
Louisiana,Class_52,2896.09,Shrub/Scrub,#ccb879,2018
Texas,Class_52,316946.34,Shrub/Scrub,#ccb879,2018
Oklahoma,Class_52,6517.42,Shrub/Scrub,#ccb879,2018
Arkansas,Class_52,2359.06,Shrub/Scrub,#ccb879,2018
West Virginia,Class_31,470.36,Barren Land,#b3ac9f,2018
Florida,Class_31,979.52,Barren Land,#b3ac9f,2018
Maryland,Class_31,129.09,Barren Land,#b3ac9f,2018
North Carolina,Class_31,396.83,Barren Land,#b3ac9f,2018
Delaware,Class_31,19.82,Barren Land,#b3ac9f,2018
Georgia,Class_31,437.91,Barren Land,#b3ac9f,2018
South Carolina,Class_31,233.31,Barren Land,#b3ac9f,2018
Virginia,Class_31,326.52,Barren Land,#b3ac9f,2018
District of Columbia,Class_31,0.0,Barren Land,#b3ac9f,2018
Alabama,Class_31,320.19,Barren Land,#b3ac9f,2018
Tennessee,Class_31,176.87,Barren Land,#b3ac9f,2018
Kentucky,Class_31,550.63,Barren Land,#b3ac9f,2018
Mississippi,Class_31,237.02,Barren Land,#b3ac9f,2018
Louisiana,Class_31,280.37,Barren Land,#b3ac9f,2018
Texas,Class_31,2095.82,Barren Land,#b3ac9f,2018
Oklahoma,Class_31,607.69,Barren Land,#b3ac9f,2018
Arkansas,Class_31,289.16,Barren Land,#b3ac9f,2018
West Virginia,Class_42,378.02,Evergreen Forest,#1c5f2c,2018
Florida,Class_42,27451.85,Evergreen Forest,#1c5f2c,2018
Maryland,Class_42,530.65,Evergreen Forest,#1c5f2c,2018
North Carolina,Class_42,17635.08,Evergreen Forest,#1c5f2c,2018
Delaware,Class_42,171.48,Evergreen Forest,#1c5f2c,2018
Georgia,Class_42,36896.26,Evergreen Forest,#1c5f2c,2018
South Carolina,Class_42,20811.66,Evergreen Forest,#1c5f2c,2018
Virginia,Class_42,9356.53,Evergreen Forest,#1c5f2c,2018
District of Columbia,Class_42,0.07,Evergreen Forest,#1c5f2c,2018
Alabama,Class_42,31917.2,Evergreen Forest,#1c5f2c,2018
Tennessee,Class_42,3363.74,Evergreen Forest,#1c5f2c,2018
Kentucky,Class_42,300.06,Evergreen Forest,#1c5f2c,2018
Mississippi,Class_42,25874.56,Evergreen Forest,#1c5f2c,2018
Louisiana,Class_42,25720.18,Evergreen Forest,#1c5f2c,2018
Texas,Class_42,39662.04,Evergreen Forest,#1c5f2c,2018
Oklahoma,Class_42,5517.26,Evergreen Forest,#1c5f2c,2018
Arkansas,Class_42,25363.63,Evergreen Forest,#1c5f2c,2018
West Virginia,Class_21,1850.85,"Developed, Open Space",#dec5c5,2018
Florida,Class_21,6156.65,"Developed, Open Space",#dec5c5,2018
Maryland,Class_21,2030.54,"Developed, Open Space",#dec5c5,2018
North Carolina,Class_21,7777.24,"Developed, Open Space",#dec5c5,2018
Delaware,Class_21,265.79,"Developed, Open Space",#dec5c5,2018
Georgia,Class_21,8521.07,"Developed, Open Space",#dec5c5,2018
South Carolina,Class_21,4334.59,"Developed, Open Space",#dec5c5,2018
Virginia,Class_21,5180.71,"Developed, Open Space",#dec5c5,2018
District of Columbia,Class_21,21.16,"Developed, Open Space",#dec5c5,2018
Alabama,Class_21,6864.51,"Developed, Open Space",#dec5c5,2018
Tennessee,Class_21,6255.14,"Developed, Open Space",#dec5c5,2018
Kentucky,Class_21,4157.93,"Developed, Open Space",#dec5c5,2018
Mississippi,Class_21,5058.6,"Developed, Open Space",#dec5c5,2018
Louisiana,Class_21,3383.97,"Developed, Open Space",#dec5c5,2018
Texas,Class_21,10710.24,"Developed, Open Space",#dec5c5,2018
Oklahoma,Class_21,4619.35,"Developed, Open Space",#dec5c5,2018
Arkansas,Class_21,3198.32,"Developed, Open Space",#dec5c5,2018
West Virginia,Class_43,3086.56,Mixed Forest,#b5c58f,2018
Florida,Class_43,220.1,Mixed Forest,#b5c58f,2018
Maryland,Class_43,1370.05,Mixed Forest,#b5c58f,2018
North Carolina,Class_43,10298.3,Mixed Forest,#b5c58f,2018
Delaware,Class_43,147.0,Mixed Forest,#b5c58f,2018
Georgia,Class_43,5663.37,Mixed Forest,#b5c58f,2018
South Carolina,Class_43,2349.51,Mixed Forest,#b5c58f,2018
Virginia,Class_43,13329.91,Mixed Forest,#b5c58f,2018
District of Columbia,Class_43,0.0,Mixed Forest,#b5c58f,2018
Alabama,Class_43,10083.62,Mixed Forest,#b5c58f,2018
Tennessee,Class_43,7048.2,Mixed Forest,#b5c58f,2018
Kentucky,Class_43,4115.56,Mixed Forest,#b5c58f,2018
Mississippi,Class_43,9354.29,Mixed Forest,#b5c58f,2018
Louisiana,Class_43,1168.55,Mixed Forest,#b5c58f,2018
Texas,Class_43,11412.45,Mixed Forest,#b5c58f,2018
Oklahoma,Class_43,3237.91,Mixed Forest,#b5c58f,2018
Arkansas,Class_43,6428.12,Mixed Forest,#b5c58f,2018
West Virginia,Class_11,412.7,Open Water,#466b9f,2018
Florida,Class_11,28844.2,Open Water,#466b9f,2018
Maryland,Class_11,7020.55,Open Water,#466b9f,2018
North Carolina,Class_11,13427.62,Open Water,#466b9f,2018
Delaware,Class_11,1402.28,Open Water,#466b9f,2018
Georgia,Class_11,3927.72,Open Water,#466b9f,2018
South Carolina,Class_11,4999.67,Open Water,#466b9f,2018
Virginia,Class_11,8434.8,Open Water,#466b9f,2018
District of Columbia,Class_11,17.47,Open Water,#466b9f,2018
Alabama,Class_11,4604.95,Open Water,#466b9f,2018
Tennessee,Class_11,2475.79,Open Water,#466b9f,2018
Kentucky,Class_11,1852.36,Open Water,#466b9f,2018
Mississippi,Class_11,4063.02,Open Water,#466b9f,2018
Louisiana,Class_11,22726.13,Open Water,#466b9f,2018
Texas,Class_11,16017.87,Open Water,#466b9f,2018
Oklahoma,Class_11,3001.51,Open Water,#466b9f,2018
Arkansas,Class_11,2886.27,Open Water,#466b9f,2018
West Virginia,Class_22,630.72,"Developed, Low Intensity",#d99282,2018
Florida,Class_22,10001.01,"Developed, Low Intensity",#d99282,2018
Maryland,Class_22,1705.31,"Developed, Low Intensity",#d99282,2018
North Carolina,Class_22,5322.45,"Developed, Low Intensity",#d99282,2018
Delaware,Class_22,462.47,"Developed, Low Intensity",#d99282,2018
Georgia,Class_22,5309.56,"Developed, Low Intensity",#d99282,2018
South Carolina,Class_22,3071.27,"Developed, Low Intensity",#d99282,2018
Virginia,Class_22,2844.26,"Developed, Low Intensity",#d99282,2018
District of Columbia,Class_22,32.7,"Developed, Low Intensity",#d99282,2018
Alabama,Class_22,2817.91,"Developed, Low Intensity",#d99282,2018
Tennessee,Class_22,2849.46,"Developed, Low Intensity",#d99282,2018
Kentucky,Class_22,1771.67,"Developed, Low Intensity",#d99282,2018
Mississippi,Class_22,1928.49,"Developed, Low Intensity",#d99282,2018
Louisiana,Class_22,2601.09,"Developed, Low Intensity",#d99282,2018
Texas,Class_22,12984.53,"Developed, Low Intensity",#d99282,2018
Oklahoma,Class_22,2641.11,"Developed, Low Intensity",#d99282,2018
Arkansas,Class_22,1979.12,"Developed, Low Intensity",#d99282,2018
West Virginia,Class_23,395.12,"Developed, Medium Intensity",#eb0000,2018
Florida,Class_23,5418.14,"Developed, Medium Intensity",#eb0000,2018
Maryland,Class_23,947.67,"Developed, Medium Intensity",#eb0000,2018
North Carolina,Class_23,1745.14,"Developed, Medium Intensity",#eb0000,2018
Delaware,Class_23,228.66,"Developed, Medium Intensity",#eb0000,2018
Georgia,Class_23,1713.89,"Developed, Medium Intensity",#eb0000,2018
South Carolina,Class_23,944.89,"Developed, Medium Intensity",#eb0000,2018
Virginia,Class_23,1517.74,"Developed, Medium Intensity",#eb0000,2018
District of Columbia,Class_23,72.07,"Developed, Medium Intensity",#eb0000,2018
Alabama,Class_23,1009.65,"Developed, Medium Intensity",#eb0000,2018
Tennessee,Class_23,1255.07,"Developed, Medium Intensity",#eb0000,2018
Kentucky,Class_23,927.77,"Developed, Medium Intensity",#eb0000,2018
Mississippi,Class_23,585.15,"Developed, Medium Intensity",#eb0000,2018
Louisiana,Class_23,1246.09,"Developed, Medium Intensity",#eb0000,2018
Texas,Class_23,8921.67,"Developed, Medium Intensity",#eb0000,2018
Oklahoma,Class_23,1266.38,"Developed, Medium Intensity",#eb0000,2018
Arkansas,Class_23,713.28,"Developed, Medium Intensity",#eb0000,2018
West Virginia,Class_24,64.62,"Developed, High Intensity",#ab0000,2018
Florida,Class_24,658.65,"Developed, High Intensity",#ab0000,2018
Maryland,Class_24,229.8,"Developed, High Intensity",#ab0000,2018
North Carolina,Class_24,412.77,"Developed, High Intensity",#ab0000,2018
Delaware,Class_24,51.5,"Developed, High Intensity",#ab0000,2018
Georgia,Class_24,529.54,"Developed, High Intensity",#ab0000,2018
South Carolina,Class_24,257.38,"Developed, High Intensity",#ab0000,2018
Virginia,Class_24,341.82,"Developed, High Intensity",#ab0000,2018
District of Columbia,Class_24,18.95,"Developed, High Intensity",#ab0000,2018
Alabama,Class_24,232.35,"Developed, High Intensity",#ab0000,2018
Tennessee,Class_24,342.82,"Developed, High Intensity",#ab0000,2018
Kentucky,Class_24,227.74,"Developed, High Intensity",#ab0000,2018
Mississippi,Class_24,127.86,"Developed, High Intensity",#ab0000,2018
Louisiana,Class_24,275.51,"Developed, High Intensity",#ab0000,2018
Texas,Class_24,1514.08,"Developed, High Intensity",#ab0000,2018
Oklahoma,Class_24,252.4,"Developed, High Intensity",#ab0000,2018
Arkansas,Class_24,169.88,"Developed, High Intensity",#ab0000,2018
West Virginia,Class_90,69.12,Woody Wetlands,#b8d9eb,2018
Florida,Class_90,39427.5,Woody Wetlands,#b8d9eb,2018
Maryland,Class_90,2811.38,Woody Wetlands,#b8d9eb,2018
North Carolina,Class_90,19348.1,Woody Wetlands,#b8d9eb,2018
Delaware,Class_90,1005.65,Woody Wetlands,#b8d9eb,2018
Georgia,Class_90,25796.43,Woody Wetlands,#b8d9eb,2018
South Carolina,Class_90,17516.09,Woody Wetlands,#b8d9eb,2018
Virginia,Class_90,5286.91,Woody Wetlands,#b8d9eb,2018
District of Columbia,Class_90,1.9,Woody Wetlands,#b8d9eb,2018
Alabama,Class_90,16798.3,Woody Wetlands,#b8d9eb,2018
Tennessee,Class_90,3362.2,Woody Wetlands,#b8d9eb,2018
Kentucky,Class_90,1274.21,Woody Wetlands,#b8d9eb,2018
Mississippi,Class_90,22267.98,Woody Wetlands,#b8d9eb,2018
Louisiana,Class_90,28181.18,Woody Wetlands,#b8d9eb,2018
Texas,Class_90,19216.55,Woody Wetlands,#b8d9eb,2018
Oklahoma,Class_90,1276.84,Woody Wetlands,#b8d9eb,2018
Arkansas,Class_90,14120.04,Woody Wetlands,#b8d9eb,2018
West Virginia,Class_81,5438.82,Pasture/Hay,#dcd939,2019
Florida,Class_81,19600.7,Pasture/Hay,#dcd939,2019
Maryland,Class_81,2641.6,Pasture/Hay,#dcd939,2019
North Carolina,Class_81,11879.19,Pasture/Hay,#dcd939,2019
Delaware,Class_81,48.54,Pasture/Hay,#dcd939,2019
Georgia,Class_81,12787.89,Pasture/Hay,#dcd939,2019
South Carolina,Class_81,6196.29,Pasture/Hay,#dcd939,2019
Virginia,Class_81,17494.48,Pasture/Hay,#dcd939,2019
District of Columbia,Class_81,0.07,Pasture/Hay,#dcd939,2019
Alabama,Class_81,22473.11,Pasture/Hay,#dcd939,2019
Tennessee,Class_81,24602.17,Pasture/Hay,#dcd939,2019
Kentucky,Class_81,25763.95,Pasture/Hay,#dcd939,2019
Mississippi,Class_81,19299.59,Pasture/Hay,#dcd939,2019
Louisiana,Class_81,11380.78,Pasture/Hay,#dcd939,2019
Texas,Class_81,82164.96,Pasture/Hay,#dcd939,2019
Oklahoma,Class_81,22738.47,Pasture/Hay,#dcd939,2019
Arkansas,Class_81,21952.48,Pasture/Hay,#dcd939,2019
West Virginia,Class_71,561.94,Grassland/Herbaceous,#dfdfc2,2019
Florida,Class_71,3912.76,Grassland/Herbaceous,#dfdfc2,2019
Maryland,Class_71,42.42,Grassland/Herbaceous,#dfdfc2,2019
North Carolina,Class_71,2772.12,Grassland/Herbaceous,#dfdfc2,2019
Delaware,Class_71,4.04,Grassland/Herbaceous,#dfdfc2,2019
Georgia,Class_71,6395.96,Grassland/Herbaceous,#dfdfc2,2019
South Carolina,Class_71,3393.34,Grassland/Herbaceous,#dfdfc2,2019
Virginia,Class_71,2829.56,Grassland/Herbaceous,#dfdfc2,2019
District of Columbia,Class_71,0.0,Grassland/Herbaceous,#dfdfc2,2019
Alabama,Class_71,5636.21,Grassland/Herbaceous,#dfdfc2,2019
Tennessee,Class_71,726.15,Grassland/Herbaceous,#dfdfc2,2019
Kentucky,Class_71,311.32,Grassland/Herbaceous,#dfdfc2,2019
Mississippi,Class_71,3762.87,Grassland/Herbaceous,#dfdfc2,2019
Louisiana,Class_71,3000.87,Grassland/Herbaceous,#dfdfc2,2019
Texas,Class_71,75429.38,Grassland/Herbaceous,#dfdfc2,2019
Oklahoma,Class_71,69913.98,Grassland/Herbaceous,#dfdfc2,2019
Arkansas,Class_71,2580.74,Grassland/Herbaceous,#dfdfc2,2019
West Virginia,Class_82,262.58,Cultivated Crops,#ab6c28,2019
Florida,Class_82,9420.29,Cultivated Crops,#ab6c28,2019
Maryland,Class_82,5497.38,Cultivated Crops,#ab6c28,2019
North Carolina,Class_82,19264.33,Cultivated Crops,#ab6c28,2019
Delaware,Class_82,2105.7,Cultivated Crops,#ab6c28,2019
Georgia,Class_82,20591.38,Cultivated Crops,#ab6c28,2019
South Carolina,Class_82,8251.4,Cultivated Crops,#ab6c28,2019
Virginia,Class_82,5987.56,Cultivated Crops,#ab6c28,2019
District of Columbia,Class_82,0.0,Cultivated Crops,#ab6c28,2019
Alabama,Class_82,6122.84,Cultivated Crops,#ab6c28,2019
Tennessee,Class_82,12102.62,Cultivated Crops,#ab6c28,2019
Kentucky,Class_82,14031.96,Cultivated Crops,#ab6c28,2019
Mississippi,Class_82,17705.93,Cultivated Crops,#ab6c28,2019
Louisiana,Class_82,18257.16,Cultivated Crops,#ab6c28,2019
Texas,Class_82,81494.87,Cultivated Crops,#ab6c28,2019
Oklahoma,Class_82,30238.71,Cultivated Crops,#ab6c28,2019
Arkansas,Class_82,29069.71,Cultivated Crops,#ab6c28,2019
West Virginia,Class_95,32.72,Emergent Herbaceous Wetlands,#6c9fb8,2019
Florida,Class_95,14669.79,Emergent Herbaceous Wetlands,#6c9fb8,2019
Maryland,Class_95,778.77,Emergent Herbaceous Wetlands,#6c9fb8,2019
North Carolina,Class_95,1128.56,Emergent Herbaceous Wetlands,#6c9fb8,2019
Delaware,Class_95,316.41,Emergent Herbaceous Wetlands,#6c9fb8,2019
Georgia,Class_95,1790.12,Emergent Herbaceous Wetlands,#6c9fb8,2019
South Carolina,Class_95,2011.69,Emergent Herbaceous Wetlands,#6c9fb8,2019
Virginia,Class_95,788.09,Emergent Herbaceous Wetlands,#6c9fb8,2019
District of Columbia,Class_95,0.2,Emergent Herbaceous Wetlands,#6c9fb8,2019
Alabama,Class_95,232.4,Emergent Herbaceous Wetlands,#6c9fb8,2019
Tennessee,Class_95,142.2,Emergent Herbaceous Wetlands,#6c9fb8,2019
Kentucky,Class_95,146.73,Emergent Herbaceous Wetlands,#6c9fb8,2019
Mississippi,Class_95,499.34,Emergent Herbaceous Wetlands,#6c9fb8,2019
Louisiana,Class_95,12779.74,Emergent Herbaceous Wetlands,#6c9fb8,2019
Texas,Class_95,7235.17,Emergent Herbaceous Wetlands,#6c9fb8,2019
Oklahoma,Class_95,312.75,Emergent Herbaceous Wetlands,#6c9fb8,2019
Arkansas,Class_95,136.13,Emergent Herbaceous Wetlands,#6c9fb8,2019
West Virginia,Class_41,48951.34,Deciduous Forest,#68ab5f,2019
Florida,Class_41,4.35,Deciduous Forest,#68ab5f,2019
Maryland,Class_41,6296.13,Deciduous Forest,#68ab5f,2019
North Carolina,Class_41,25538.06,Deciduous Forest,#68ab5f,2019
Delaware,Class_41,190.06,Deciduous Forest,#68ab5f,2019
Georgia,Class_41,19410.92,Deciduous Forest,#68ab5f,2019
South Carolina,Class_41,6768.94,Deciduous Forest,#68ab5f,2019
Virginia,Class_41,35336.96,Deciduous Forest,#68ab5f,2019
District of Columbia,Class_41,12.63,Deciduous Forest,#68ab5f,2019
Alabama,Class_41,20865.45,Deciduous Forest,#68ab5f,2019
Tennessee,Class_41,43895.75,Deciduous Forest,#68ab5f,2019
Kentucky,Class_41,49085.93,Deciduous Forest,#68ab5f,2019
Mississippi,Class_41,10683.16,Deciduous Forest,#68ab5f,2019
Louisiana,Class_41,284.09,Deciduous Forest,#68ab5f,2019
Texas,Class_41,8779.85,Deciduous Forest,#68ab5f,2019
Oklahoma,Class_41,28671.06,Deciduous Forest,#68ab5f,2019
Arkansas,Class_41,26374.01,Deciduous Forest,#68ab5f,2019
West Virginia,Class_52,148.79,Shrub/Scrub,#ccb879,2019
Florida,Class_52,3644.36,Shrub/Scrub,#ccb879,2019
Maryland,Class_52,64.71,Shrub/Scrub,#ccb879,2019
North Carolina,Class_52,2584.89,Shrub/Scrub,#ccb879,2019
Delaware,Class_52,12.09,Shrub/Scrub,#ccb879,2019
Georgia,Class_52,4555.97,Shrub/Scrub,#ccb879,2019
South Carolina,Class_52,2012.33,Shrub/Scrub,#ccb879,2019
Virginia,Class_52,1877.98,Shrub/Scrub,#ccb879,2019
District of Columbia,Class_52,0.0,Shrub/Scrub,#ccb879,2019
Alabama,Class_52,5857.49,Shrub/Scrub,#ccb879,2019
Tennessee,Class_52,491.32,Shrub/Scrub,#ccb879,2019
Kentucky,Class_52,92.23,Shrub/Scrub,#ccb879,2019
Mississippi,Class_52,4037.49,Shrub/Scrub,#ccb879,2019
Louisiana,Class_52,2958.57,Shrub/Scrub,#ccb879,2019
Texas,Class_52,317019.47,Shrub/Scrub,#ccb879,2019
Oklahoma,Class_52,6603.89,Shrub/Scrub,#ccb879,2019
Arkansas,Class_52,2558.29,Shrub/Scrub,#ccb879,2019
West Virginia,Class_31,473.42,Barren Land,#b3ac9f,2019
Florida,Class_31,996.68,Barren Land,#b3ac9f,2019
Maryland,Class_31,130.41,Barren Land,#b3ac9f,2019
North Carolina,Class_31,400.22,Barren Land,#b3ac9f,2019
Delaware,Class_31,19.75,Barren Land,#b3ac9f,2019
Georgia,Class_31,444.35,Barren Land,#b3ac9f,2019
South Carolina,Class_31,240.93,Barren Land,#b3ac9f,2019
Virginia,Class_31,329.62,Barren Land,#b3ac9f,2019
District of Columbia,Class_31,0.0,Barren Land,#b3ac9f,2019
Alabama,Class_31,324.69,Barren Land,#b3ac9f,2019
Tennessee,Class_31,184.66,Barren Land,#b3ac9f,2019
Kentucky,Class_31,555.98,Barren Land,#b3ac9f,2019
Mississippi,Class_31,232.53,Barren Land,#b3ac9f,2019
Louisiana,Class_31,276.24,Barren Land,#b3ac9f,2019
Texas,Class_31,2074.54,Barren Land,#b3ac9f,2019
Oklahoma,Class_31,605.5,Barren Land,#b3ac9f,2019
Arkansas,Class_31,262.0,Barren Land,#b3ac9f,2019
West Virginia,Class_42,375.24,Evergreen Forest,#1c5f2c,2019
Florida,Class_42,26964.8,Evergreen Forest,#1c5f2c,2019
Maryland,Class_42,530.54,Evergreen Forest,#1c5f2c,2019
North Carolina,Class_42,17485.72,Evergreen Forest,#1c5f2c,2019
Delaware,Class_42,171.02,Evergreen Forest,#1c5f2c,2019
Georgia,Class_42,36457.35,Evergreen Forest,#1c5f2c,2019
South Carolina,Class_42,20543.58,Evergreen Forest,#1c5f2c,2019
Virginia,Class_42,9281.6,Evergreen Forest,#1c5f2c,2019
District of Columbia,Class_42,0.07,Evergreen Forest,#1c5f2c,2019
Alabama,Class_42,31976.16,Evergreen Forest,#1c5f2c,2019
Tennessee,Class_42,3357.26,Evergreen Forest,#1c5f2c,2019
Kentucky,Class_42,299.42,Evergreen Forest,#1c5f2c,2019
Mississippi,Class_42,25936.82,Evergreen Forest,#1c5f2c,2019
Louisiana,Class_42,25670.93,Evergreen Forest,#1c5f2c,2019
Texas,Class_42,39848.5,Evergreen Forest,#1c5f2c,2019
Oklahoma,Class_42,5525.68,Evergreen Forest,#1c5f2c,2019
Arkansas,Class_42,25245.41,Evergreen Forest,#1c5f2c,2019
West Virginia,Class_21,1859.4,"Developed, Open Space",#dec5c5,2019
Florida,Class_21,6236.31,"Developed, Open Space",#dec5c5,2019
Maryland,Class_21,2051.48,"Developed, Open Space",#dec5c5,2019
North Carolina,Class_21,7858.76,"Developed, Open Space",#dec5c5,2019
Delaware,Class_21,272.24,"Developed, Open Space",#dec5c5,2019
Georgia,Class_21,8593.1,"Developed, Open Space",#dec5c5,2019
South Carolina,Class_21,4367.88,"Developed, Open Space",#dec5c5,2019
Virginia,Class_21,5217.39,"Developed, Open Space",#dec5c5,2019
District of Columbia,Class_21,21.15,"Developed, Open Space",#dec5c5,2019
Alabama,Class_21,6879.59,"Developed, Open Space",#dec5c5,2019
Tennessee,Class_21,6309.57,"Developed, Open Space",#dec5c5,2019
Kentucky,Class_21,4194.26,"Developed, Open Space",#dec5c5,2019
Mississippi,Class_21,5063.52,"Developed, Open Space",#dec5c5,2019
Louisiana,Class_21,3407.0,"Developed, Open Space",#dec5c5,2019
Texas,Class_21,10842.13,"Developed, Open Space",#dec5c5,2019
Oklahoma,Class_21,4632.54,"Developed, Open Space",#dec5c5,2019
Arkansas,Class_21,3208.83,"Developed, Open Space",#dec5c5,2019
West Virginia,Class_43,3076.17,Mixed Forest,#b5c58f,2019
Florida,Class_43,212.92,Mixed Forest,#b5c58f,2019
Maryland,Class_43,1367.11,Mixed Forest,#b5c58f,2019
North Carolina,Class_43,10176.92,Mixed Forest,#b5c58f,2019
Delaware,Class_43,147.51,Mixed Forest,#b5c58f,2019
Georgia,Class_43,5586.46,Mixed Forest,#b5c58f,2019
South Carolina,Class_43,2305.45,Mixed Forest,#b5c58f,2019
Virginia,Class_43,13197.5,Mixed Forest,#b5c58f,2019
District of Columbia,Class_43,0.0,Mixed Forest,#b5c58f,2019
Alabama,Class_43,9933.74,Mixed Forest,#b5c58f,2019
Tennessee,Class_43,7028.82,Mixed Forest,#b5c58f,2019
Kentucky,Class_43,4106.52,Mixed Forest,#b5c58f,2019
Mississippi,Class_43,9233.37,Mixed Forest,#b5c58f,2019
Louisiana,Class_43,1158.41,Mixed Forest,#b5c58f,2019
Texas,Class_43,11309.06,Mixed Forest,#b5c58f,2019
Oklahoma,Class_43,3226.7,Mixed Forest,#b5c58f,2019
Arkansas,Class_43,6394.38,Mixed Forest,#b5c58f,2019
West Virginia,Class_11,411.12,Open Water,#466b9f,2019
Florida,Class_11,28850.27,Open Water,#466b9f,2019
Maryland,Class_11,7024.95,Open Water,#466b9f,2019
North Carolina,Class_11,13437.32,Open Water,#466b9f,2019
Delaware,Class_11,1402.33,Open Water,#466b9f,2019
Georgia,Class_11,3925.59,Open Water,#466b9f,2019
South Carolina,Class_11,5005.99,Open Water,#466b9f,2019
Virginia,Class_11,8436.95,Open Water,#466b9f,2019
District of Columbia,Class_11,17.04,Open Water,#466b9f,2019
Alabama,Class_11,4597.5,Open Water,#466b9f,2019
Tennessee,Class_11,2469.75,Open Water,#466b9f,2019
Kentucky,Class_11,1848.29,Open Water,#466b9f,2019
Mississippi,Class_11,4105.37,Open Water,#466b9f,2019
Louisiana,Class_11,22786.45,Open Water,#466b9f,2019
Texas,Class_11,16447.46,Open Water,#466b9f,2019
Oklahoma,Class_11,3108.57,Open Water,#466b9f,2019
Arkansas,Class_11,2964.87,Open Water,#466b9f,2019
West Virginia,Class_22,631.7,"Developed, Low Intensity",#d99282,2019
Florida,Class_22,10033.01,"Developed, Low Intensity",#d99282,2019
Maryland,Class_22,1704.64,"Developed, Low Intensity",#d99282,2019
North Carolina,Class_22,5347.99,"Developed, Low Intensity",#d99282,2019
Delaware,Class_22,465.19,"Developed, Low Intensity",#d99282,2019
Georgia,Class_22,5325.66,"Developed, Low Intensity",#d99282,2019
South Carolina,Class_22,3092.18,"Developed, Low Intensity",#d99282,2019
Virginia,Class_22,2843.86,"Developed, Low Intensity",#d99282,2019
District of Columbia,Class_22,32.61,"Developed, Low Intensity",#d99282,2019
Alabama,Class_22,2832.81,"Developed, Low Intensity",#d99282,2019
Tennessee,Class_22,2861.04,"Developed, Low Intensity",#d99282,2019
Kentucky,Class_22,1780.42,"Developed, Low Intensity",#d99282,2019
Mississippi,Class_22,1937.54,"Developed, Low Intensity",#d99282,2019
Louisiana,Class_22,2610.85,"Developed, Low Intensity",#d99282,2019
Texas,Class_22,13047.54,"Developed, Low Intensity",#d99282,2019
Oklahoma,Class_22,2651.75,"Developed, Low Intensity",#d99282,2019
Arkansas,Class_22,1983.59,"Developed, Low Intensity",#d99282,2019
West Virginia,Class_23,397.11,"Developed, Medium Intensity",#eb0000,2019
Florida,Class_23,5481.53,"Developed, Medium Intensity",#eb0000,2019
Maryland,Class_23,953.65,"Developed, Medium Intensity",#eb0000,2019
North Carolina,Class_23,1775.7,"Developed, Medium Intensity",#eb0000,2019
Delaware,Class_23,231.57,"Developed, Medium Intensity",#eb0000,2019
Georgia,Class_23,1733.62,"Developed, Medium Intensity",#eb0000,2019
South Carolina,Class_23,964.62,"Developed, Medium Intensity",#eb0000,2019
Virginia,Class_23,1531.18,"Developed, Medium Intensity",#eb0000,2019
District of Columbia,Class_23,72.17,"Developed, Medium Intensity",#eb0000,2019
Alabama,Class_23,1021.35,"Developed, Medium Intensity",#eb0000,2019
Tennessee,Class_23,1273.02,"Developed, Medium Intensity",#eb0000,2019
Kentucky,Class_23,937.06,"Developed, Medium Intensity",#eb0000,2019
Mississippi,Class_23,589.94,"Developed, Medium Intensity",#eb0000,2019
Louisiana,Class_23,1253.52,"Developed, Medium Intensity",#eb0000,2019
Texas,Class_23,9088.68,"Developed, Medium Intensity",#eb0000,2019
Oklahoma,Class_23,1279.1,"Developed, Medium Intensity",#eb0000,2019
Arkansas,Class_23,723.42,"Developed, Medium Intensity",#eb0000,2019
West Virginia,Class_24,65.45,"Developed, High Intensity",#ab0000,2019
Florida,Class_24,671.84,"Developed, High Intensity",#ab0000,2019
Maryland,Class_24,232.85,"Developed, High Intensity",#ab0000,2019
North Carolina,Class_24,419.16,"Developed, High Intensity",#ab0000,2019
Delaware,Class_24,52.2,"Developed, High Intensity",#ab0000,2019
Georgia,Class_24,542.04,"Developed, High Intensity",#ab0000,2019
South Carolina,Class_24,262.05,"Developed, High Intensity",#ab0000,2019
Virginia,Class_24,346.3,"Developed, High Intensity",#ab0000,2019
District of Columbia,Class_24,19.08,"Developed, High Intensity",#ab0000,2019
Alabama,Class_24,235.82,"Developed, High Intensity",#ab0000,2019
Tennessee,Class_24,346.92,"Developed, High Intensity",#ab0000,2019
Kentucky,Class_24,229.94,"Developed, High Intensity",#ab0000,2019
Mississippi,Class_24,130.85,"Developed, High Intensity",#ab0000,2019
Louisiana,Class_24,280.13,"Developed, High Intensity",#ab0000,2019
Texas,Class_24,1547.72,"Developed, High Intensity",#ab0000,2019
Oklahoma,Class_24,258.24,"Developed, High Intensity",#ab0000,2019
Arkansas,Class_24,171.58,"Developed, High Intensity",#ab0000,2019
West Virginia,Class_90,69.12,Woody Wetlands,#b8d9eb,2019
Florida,Class_90,39380.75,Woody Wetlands,#b8d9eb,2019
Maryland,Class_90,2812.57,Woody Wetlands,#b8d9eb,2019
North Carolina,Class_90,19314.93,Woody Wetlands,#b8d9eb,2019
Delaware,Class_90,1007.04,Woody Wetlands,#b8d9eb,2019
Georgia,Class_90,25763.78,Woody Wetlands,#b8d9eb,2019
South Carolina,Class_90,17492.65,Woody Wetlands,#b8d9eb,2019
Virginia,Class_90,5285.26,Woody Wetlands,#b8d9eb,2019
District of Columbia,Class_90,1.97,Woody Wetlands,#b8d9eb,2019
Alabama,Class_90,16776.59,Woody Wetlands,#b8d9eb,2019
Tennessee,Class_90,3360.64,Woody Wetlands,#b8d9eb,2019
Kentucky,Class_90,1270.32,Woody Wetlands,#b8d9eb,2019
Mississippi,Class_90,22219.7,Woody Wetlands,#b8d9eb,2019
Louisiana,Class_90,28148.26,Woody Wetlands,#b8d9eb,2019
Texas,Class_90,19191.81,Woody Wetlands,#b8d9eb,2019
Oklahoma,Class_90,1270.05,Woody Wetlands,#b8d9eb,2019
Arkansas,Class_90,14105.62,Woody Wetlands,#b8d9eb,2019
West Virginia,Class_81,5428.7,Pasture/Hay,#dcd939,2020
Florida,Class_81,19631.47,Pasture/Hay,#dcd939,2020
Maryland,Class_81,2636.78,Pasture/Hay,#dcd939,2020
North Carolina,Class_81,11875.75,Pasture/Hay,#dcd939,2020
Delaware,Class_81,49.38,Pasture/Hay,#dcd939,2020
Georgia,Class_81,12794.11,Pasture/Hay,#dcd939,2020
South Carolina,Class_81,6199.82,Pasture/Hay,#dcd939,2020
Virginia,Class_81,17471.6,Pasture/Hay,#dcd939,2020
District of Columbia,Class_81,0.07,Pasture/Hay,#dcd939,2020
Alabama,Class_81,22429.49,Pasture/Hay,#dcd939,2020
Tennessee,Class_81,24535.52,Pasture/Hay,#dcd939,2020
Kentucky,Class_81,25691.86,Pasture/Hay,#dcd939,2020
Mississippi,Class_81,19252.41,Pasture/Hay,#dcd939,2020
Louisiana,Class_81,11347.36,Pasture/Hay,#dcd939,2020
Texas,Class_81,82142.03,Pasture/Hay,#dcd939,2020
Oklahoma,Class_81,22757.46,Pasture/Hay,#dcd939,2020
Arkansas,Class_81,21956.55,Pasture/Hay,#dcd939,2020
West Virginia,Class_71,550.28,Grassland/Herbaceous,#dfdfc2,2020
Florida,Class_71,3870.61,Grassland/Herbaceous,#dfdfc2,2020
Maryland,Class_71,42.6,Grassland/Herbaceous,#dfdfc2,2020
North Carolina,Class_71,2820.06,Grassland/Herbaceous,#dfdfc2,2020
Delaware,Class_71,4.72,Grassland/Herbaceous,#dfdfc2,2020
Georgia,Class_71,6590.28,Grassland/Herbaceous,#dfdfc2,2020
South Carolina,Class_71,3425.06,Grassland/Herbaceous,#dfdfc2,2020
Virginia,Class_71,2874.22,Grassland/Herbaceous,#dfdfc2,2020
District of Columbia,Class_71,0.0,Grassland/Herbaceous,#dfdfc2,2020
Alabama,Class_71,5713.87,Grassland/Herbaceous,#dfdfc2,2020
Tennessee,Class_71,740.05,Grassland/Herbaceous,#dfdfc2,2020
Kentucky,Class_71,276.13,Grassland/Herbaceous,#dfdfc2,2020
Mississippi,Class_71,3771.73,Grassland/Herbaceous,#dfdfc2,2020
Louisiana,Class_71,2947.06,Grassland/Herbaceous,#dfdfc2,2020
Texas,Class_71,75300.91,Grassland/Herbaceous,#dfdfc2,2020
Oklahoma,Class_71,70029.6,Grassland/Herbaceous,#dfdfc2,2020
Arkansas,Class_71,2566.96,Grassland/Herbaceous,#dfdfc2,2020
West Virginia,Class_82,262.43,Cultivated Crops,#ab6c28,2020
Florida,Class_82,9331.78,Cultivated Crops,#ab6c28,2020
Maryland,Class_82,5473.46,Cultivated Crops,#ab6c28,2020
North Carolina,Class_82,19183.7,Cultivated Crops,#ab6c28,2020
Delaware,Class_82,2090.56,Cultivated Crops,#ab6c28,2020
Georgia,Class_82,20499.46,Cultivated Crops,#ab6c28,2020
South Carolina,Class_82,8156.71,Cultivated Crops,#ab6c28,2020
Virginia,Class_82,5975.72,Cultivated Crops,#ab6c28,2020
District of Columbia,Class_82,0.0,Cultivated Crops,#ab6c28,2020
Alabama,Class_82,6115.5,Cultivated Crops,#ab6c28,2020
Tennessee,Class_82,12121.93,Cultivated Crops,#ab6c28,2020
Kentucky,Class_82,14073.38,Cultivated Crops,#ab6c28,2020
Mississippi,Class_82,17719.52,Cultivated Crops,#ab6c28,2020
Louisiana,Class_82,18243.6,Cultivated Crops,#ab6c28,2020
Texas,Class_82,81497.88,Cultivated Crops,#ab6c28,2020
Oklahoma,Class_82,30088.16,Cultivated Crops,#ab6c28,2020
Arkansas,Class_82,29040.54,Cultivated Crops,#ab6c28,2020
West Virginia,Class_95,32.79,Emergent Herbaceous Wetlands,#6c9fb8,2020
Florida,Class_95,14723.03,Emergent Herbaceous Wetlands,#6c9fb8,2020
Maryland,Class_95,779.67,Emergent Herbaceous Wetlands,#6c9fb8,2020
North Carolina,Class_95,1161.37,Emergent Herbaceous Wetlands,#6c9fb8,2020
Delaware,Class_95,316.13,Emergent Herbaceous Wetlands,#6c9fb8,2020
Georgia,Class_95,1810.19,Emergent Herbaceous Wetlands,#6c9fb8,2020
South Carolina,Class_95,2041.4,Emergent Herbaceous Wetlands,#6c9fb8,2020
Virginia,Class_95,794.31,Emergent Herbaceous Wetlands,#6c9fb8,2020
District of Columbia,Class_95,0.2,Emergent Herbaceous Wetlands,#6c9fb8,2020
Alabama,Class_95,246.37,Emergent Herbaceous Wetlands,#6c9fb8,2020
Tennessee,Class_95,142.66,Emergent Herbaceous Wetlands,#6c9fb8,2020
Kentucky,Class_95,143.73,Emergent Herbaceous Wetlands,#6c9fb8,2020
Mississippi,Class_95,517.06,Emergent Herbaceous Wetlands,#6c9fb8,2020
Louisiana,Class_95,12782.86,Emergent Herbaceous Wetlands,#6c9fb8,2020
Texas,Class_95,7251.91,Emergent Herbaceous Wetlands,#6c9fb8,2020
Oklahoma,Class_95,326.56,Emergent Herbaceous Wetlands,#6c9fb8,2020
Arkansas,Class_95,150.09,Emergent Herbaceous Wetlands,#6c9fb8,2020
West Virginia,Class_41,48959.77,Deciduous Forest,#68ab5f,2020
Florida,Class_41,4.51,Deciduous Forest,#68ab5f,2020
Maryland,Class_41,6295.96,Deciduous Forest,#68ab5f,2020
North Carolina,Class_41,25558.53,Deciduous Forest,#68ab5f,2020
Delaware,Class_41,190.35,Deciduous Forest,#68ab5f,2020
Georgia,Class_41,19424.85,Deciduous Forest,#68ab5f,2020
South Carolina,Class_41,6781.31,Deciduous Forest,#68ab5f,2020
Virginia,Class_41,35353.42,Deciduous Forest,#68ab5f,2020
District of Columbia,Class_41,12.63,Deciduous Forest,#68ab5f,2020
Alabama,Class_41,20925.28,Deciduous Forest,#68ab5f,2020
Tennessee,Class_41,43893.51,Deciduous Forest,#68ab5f,2020
Kentucky,Class_41,49084.8,Deciduous Forest,#68ab5f,2020
Mississippi,Class_41,10690.4,Deciduous Forest,#68ab5f,2020
Louisiana,Class_41,280.27,Deciduous Forest,#68ab5f,2020
Texas,Class_41,8787.19,Deciduous Forest,#68ab5f,2020
Oklahoma,Class_41,28718.31,Deciduous Forest,#68ab5f,2020
Arkansas,Class_41,26395.04,Deciduous Forest,#68ab5f,2020
West Virginia,Class_52,159.53,Shrub/Scrub,#ccb879,2020
Florida,Class_52,3661.73,Shrub/Scrub,#ccb879,2020
Maryland,Class_52,64.15,Shrub/Scrub,#ccb879,2020
North Carolina,Class_52,2619.62,Shrub/Scrub,#ccb879,2020
Delaware,Class_52,12.3,Shrub/Scrub,#ccb879,2020
Georgia,Class_52,4668.53,Shrub/Scrub,#ccb879,2020
South Carolina,Class_52,2151.1,Shrub/Scrub,#ccb879,2020
Virginia,Class_52,1909.34,Shrub/Scrub,#ccb879,2020
District of Columbia,Class_52,0.0,Shrub/Scrub,#ccb879,2020
Alabama,Class_52,5938.69,Shrub/Scrub,#ccb879,2020
Tennessee,Class_52,488.99,Shrub/Scrub,#ccb879,2020
Kentucky,Class_52,112.94,Shrub/Scrub,#ccb879,2020
Mississippi,Class_52,4236.68,Shrub/Scrub,#ccb879,2020
Louisiana,Class_52,3093.09,Shrub/Scrub,#ccb879,2020
Texas,Class_52,316821.44,Shrub/Scrub,#ccb879,2020
Oklahoma,Class_52,6547.74,Shrub/Scrub,#ccb879,2020
Arkansas,Class_52,2658.77,Shrub/Scrub,#ccb879,2020
West Virginia,Class_31,478.81,Barren Land,#b3ac9f,2020
Florida,Class_31,1021.8,Barren Land,#b3ac9f,2020
Maryland,Class_31,131.25,Barren Land,#b3ac9f,2020
North Carolina,Class_31,417.82,Barren Land,#b3ac9f,2020
Delaware,Class_31,19.96,Barren Land,#b3ac9f,2020
Georgia,Class_31,450.02,Barren Land,#b3ac9f,2020
South Carolina,Class_31,246.19,Barren Land,#b3ac9f,2020
Virginia,Class_31,333.91,Barren Land,#b3ac9f,2020
District of Columbia,Class_31,0.0,Barren Land,#b3ac9f,2020
Alabama,Class_31,330.84,Barren Land,#b3ac9f,2020
Tennessee,Class_31,187.96,Barren Land,#b3ac9f,2020
Kentucky,Class_31,559.47,Barren Land,#b3ac9f,2020
Mississippi,Class_31,246.09,Barren Land,#b3ac9f,2020
Louisiana,Class_31,283.62,Barren Land,#b3ac9f,2020
Texas,Class_31,2094.57,Barren Land,#b3ac9f,2020
Oklahoma,Class_31,643.88,Barren Land,#b3ac9f,2020
Arkansas,Class_31,276.25,Barren Land,#b3ac9f,2020
West Virginia,Class_42,372.58,Evergreen Forest,#1c5f2c,2020
Florida,Class_42,26883.98,Evergreen Forest,#1c5f2c,2020
Maryland,Class_42,531.25,Evergreen Forest,#1c5f2c,2020
North Carolina,Class_42,17446.5,Evergreen Forest,#1c5f2c,2020
Delaware,Class_42,170.46,Evergreen Forest,#1c5f2c,2020
Georgia,Class_42,36165.15,Evergreen Forest,#1c5f2c,2020
South Carolina,Class_42,20412.57,Evergreen Forest,#1c5f2c,2020
Virginia,Class_42,9306.43,Evergreen Forest,#1c5f2c,2020
District of Columbia,Class_42,0.07,Evergreen Forest,#1c5f2c,2020
Alabama,Class_42,31891.29,Evergreen Forest,#1c5f2c,2020
Tennessee,Class_42,3326.07,Evergreen Forest,#1c5f2c,2020
Kentucky,Class_42,295.49,Evergreen Forest,#1c5f2c,2020
Mississippi,Class_42,25822.74,Evergreen Forest,#1c5f2c,2020
Louisiana,Class_42,25611.56,Evergreen Forest,#1c5f2c,2020
Texas,Class_42,39956.9,Evergreen Forest,#1c5f2c,2020
Oklahoma,Class_42,5562.88,Evergreen Forest,#1c5f2c,2020
Arkansas,Class_42,25158.82,Evergreen Forest,#1c5f2c,2020
West Virginia,Class_21,1870.36,"Developed, Open Space",#dec5c5,2020
Florida,Class_21,6280.61,"Developed, Open Space",#dec5c5,2020
Maryland,Class_21,2078.33,"Developed, Open Space",#dec5c5,2020
North Carolina,Class_21,7924.83,"Developed, Open Space",#dec5c5,2020
Delaware,Class_21,280.19,"Developed, Open Space",#dec5c5,2020
Georgia,Class_21,8664.48,"Developed, Open Space",#dec5c5,2020
South Carolina,Class_21,4394.87,"Developed, Open Space",#dec5c5,2020
Virginia,Class_21,5254.13,"Developed, Open Space",#dec5c5,2020
District of Columbia,Class_21,21.06,"Developed, Open Space",#dec5c5,2020
Alabama,Class_21,6912.43,"Developed, Open Space",#dec5c5,2020
Tennessee,Class_21,6365.39,"Developed, Open Space",#dec5c5,2020
Kentucky,Class_21,4239.96,"Developed, Open Space",#dec5c5,2020
Mississippi,Class_21,5088.31,"Developed, Open Space",#dec5c5,2020
Louisiana,Class_21,3437.17,"Developed, Open Space",#dec5c5,2020
Texas,Class_21,10952.14,"Developed, Open Space",#dec5c5,2020
Oklahoma,Class_21,4656.72,"Developed, Open Space",#dec5c5,2020
Arkansas,Class_21,3226.37,"Developed, Open Space",#dec5c5,2020
West Virginia,Class_43,3065.09,Mixed Forest,#b5c58f,2020
Florida,Class_43,218.47,Mixed Forest,#b5c58f,2020
Maryland,Class_43,1365.07,Mixed Forest,#b5c58f,2020
North Carolina,Class_43,10056.73,Mixed Forest,#b5c58f,2020
Delaware,Class_43,147.38,Mixed Forest,#b5c58f,2020
Georgia,Class_43,5511.23,Mixed Forest,#b5c58f,2020
South Carolina,Class_43,2270.56,Mixed Forest,#b5c58f,2020
Virginia,Class_43,13054.7,Mixed Forest,#b5c58f,2020
District of Columbia,Class_43,0.0,Mixed Forest,#b5c58f,2020
Alabama,Class_43,9795.32,Mixed Forest,#b5c58f,2020
Tennessee,Class_43,6999.23,Mixed Forest,#b5c58f,2020
Kentucky,Class_43,4093.72,Mixed Forest,#b5c58f,2020
Mississippi,Class_43,9141.22,Mixed Forest,#b5c58f,2020
Louisiana,Class_43,1140.39,Mixed Forest,#b5c58f,2020
Texas,Class_43,11216.01,Mixed Forest,#b5c58f,2020
Oklahoma,Class_43,3213.74,Mixed Forest,#b5c58f,2020
Arkansas,Class_43,6357.87,Mixed Forest,#b5c58f,2020
West Virginia,Class_11,408.76,Open Water,#466b9f,2020
Florida,Class_11,28823.49,Open Water,#466b9f,2020
Maryland,Class_11,7024.28,Open Water,#466b9f,2020
North Carolina,Class_11,13424.08,Open Water,#466b9f,2020
Delaware,Class_11,1401.88,Open Water,#466b9f,2020
Georgia,Class_11,3928.1,Open Water,#466b9f,2020
South Carolina,Class_11,5011.76,Open Water,#466b9f,2020
Virginia,Class_11,8437.43,Open Water,#466b9f,2020
District of Columbia,Class_11,16.99,Open Water,#466b9f,2020
Alabama,Class_11,4604.73,Open Water,#466b9f,2020
Tennessee,Class_11,2471.59,Open Water,#466b9f,2020
Kentucky,Class_11,1849.6,Open Water,#466b9f,2020
Mississippi,Class_11,4092.7,Open Water,#466b9f,2020
Louisiana,Class_11,22793.16,Open Water,#466b9f,2020
Texas,Class_11,16373.7,Open Water,#466b9f,2020
Oklahoma,Class_11,3018.89,Open Water,#466b9f,2020
Arkansas,Class_11,2939.37,Open Water,#466b9f,2020
West Virginia,Class_22,632.19,"Developed, Low Intensity",#d99282,2020
Florida,Class_22,10066.33,"Developed, Low Intensity",#d99282,2020
Maryland,Class_22,1696.02,"Developed, Low Intensity",#d99282,2020
North Carolina,Class_22,5376.21,"Developed, Low Intensity",#d99282,2020
Delaware,Class_22,465.99,"Developed, Low Intensity",#d99282,2020
Georgia,Class_22,5348.55,"Developed, Low Intensity",#d99282,2020
South Carolina,Class_22,3110.55,"Developed, Low Intensity",#d99282,2020
Virginia,Class_22,2851.63,"Developed, Low Intensity",#d99282,2020
District of Columbia,Class_22,32.67,"Developed, Low Intensity",#d99282,2020
Alabama,Class_22,2841.04,"Developed, Low Intensity",#d99282,2020
Tennessee,Class_22,2874.18,"Developed, Low Intensity",#d99282,2020
Kentucky,Class_22,1782.66,"Developed, Low Intensity",#d99282,2020
Mississippi,Class_22,1942.36,"Developed, Low Intensity",#d99282,2020
Louisiana,Class_22,2611.65,"Developed, Low Intensity",#d99282,2020
Texas,Class_22,13110.81,"Developed, Low Intensity",#d99282,2020
Oklahoma,Class_22,2649.78,"Developed, Low Intensity",#d99282,2020
Arkansas,Class_22,1992.13,"Developed, Low Intensity",#d99282,2020
West Virginia,Class_23,399.57,"Developed, Medium Intensity",#eb0000,2020
Florida,Class_23,5563.63,"Developed, Medium Intensity",#eb0000,2020
Maryland,Class_23,960.71,"Developed, Medium Intensity",#eb0000,2020
North Carolina,Class_23,1811.18,"Developed, Medium Intensity",#eb0000,2020
Delaware,Class_23,234.79,"Developed, Medium Intensity",#eb0000,2020
Georgia,Class_23,1758.83,"Developed, Medium Intensity",#eb0000,2020
South Carolina,Class_23,985.66,"Developed, Medium Intensity",#eb0000,2020
Virginia,Class_23,1541.06,"Developed, Medium Intensity",#eb0000,2020
District of Columbia,Class_23,72.18,"Developed, Medium Intensity",#eb0000,2020
Alabama,Class_23,1035.9,"Developed, Medium Intensity",#eb0000,2020
Tennessee,Class_23,1291.39,"Developed, Medium Intensity",#eb0000,2020
Kentucky,Class_23,944.77,"Developed, Medium Intensity",#eb0000,2020
Mississippi,Class_23,595.71,"Developed, Medium Intensity",#eb0000,2020
Louisiana,Class_23,1266.28,"Developed, Medium Intensity",#eb0000,2020
Texas,Class_23,9292.5,"Developed, Medium Intensity",#eb0000,2020
Oklahoma,Class_23,1294.04,"Developed, Medium Intensity",#eb0000,2020
Arkansas,Class_23,735.1,"Developed, Medium Intensity",#eb0000,2020
West Virginia,Class_24,65.23,"Developed, High Intensity",#ab0000,2020
Florida,Class_24,683.4,"Developed, High Intensity",#ab0000,2020
Maryland,Class_24,233.97,"Developed, High Intensity",#ab0000,2020
North Carolina,Class_24,425.06,"Developed, High Intensity",#ab0000,2020
Delaware,Class_24,52.61,"Developed, High Intensity",#ab0000,2020
Georgia,Class_24,553.45,"Developed, High Intensity",#ab0000,2020
South Carolina,Class_24,266.31,"Developed, High Intensity",#ab0000,2020
Virginia,Class_24,349.51,"Developed, High Intensity",#ab0000,2020
District of Columbia,Class_24,19.08,"Developed, High Intensity",#ab0000,2020
Alabama,Class_24,238.83,"Developed, High Intensity",#ab0000,2020
Tennessee,Class_24,351.9,"Developed, High Intensity",#ab0000,2020
Kentucky,Class_24,233.61,"Developed, High Intensity",#ab0000,2020
Mississippi,Class_24,132.58,"Developed, High Intensity",#ab0000,2020
Louisiana,Class_24,282.76,"Developed, High Intensity",#ab0000,2020
Texas,Class_24,1582.76,"Developed, High Intensity",#ab0000,2020
Oklahoma,Class_24,261.38,"Developed, High Intensity",#ab0000,2020
Arkansas,Class_24,174.36,"Developed, High Intensity",#ab0000,2020
West Virginia,Class_90,68.84,Woody Wetlands,#b8d9eb,2020
Florida,Class_90,39315.56,Woody Wetlands,#b8d9eb,2020
Maryland,Class_90,2815.71,Woody Wetlands,#b8d9eb,2020
North Carolina,Class_90,19282.41,Woody Wetlands,#b8d9eb,2020
Delaware,Class_90,1009.0,Woody Wetlands,#b8d9eb,2020
Georgia,Class_90,25736.95,Woody Wetlands,#b8d9eb,2020
South Carolina,Class_90,17455.43,Woody Wetlands,#b8d9eb,2020
Virginia,Class_90,5276.86,Woody Wetlands,#b8d9eb,2020
District of Columbia,Class_90,2.04,Woody Wetlands,#b8d9eb,2020
Alabama,Class_90,16746.19,Woody Wetlands,#b8d9eb,2020
Tennessee,Class_90,3361.53,Woody Wetlands,#b8d9eb,2020
Kentucky,Class_90,1272.17,Woody Wetlands,#b8d9eb,2020
Mississippi,Class_90,22188.52,Woody Wetlands,#b8d9eb,2020
Louisiana,Class_90,28132.17,Woody Wetlands,#b8d9eb,2020
Texas,Class_90,19140.37,Woody Wetlands,#b8d9eb,2020
Oklahoma,Class_90,1267.86,Woody Wetlands,#b8d9eb,2020
Arkansas,Class_90,14102.83,Woody Wetlands,#b8d9eb,2020
West Virginia,Class_81,5427.15,Pasture/Hay,#dcd939,2021
Florida,Class_81,19684.6,Pasture/Hay,#dcd939,2021
Maryland,Class_81,2644.35,Pasture/Hay,#dcd939,2021
North Carolina,Class_81,11882.45,Pasture/Hay,#dcd939,2021
Delaware,Class_81,50.98,Pasture/Hay,#dcd939,2021
Georgia,Class_81,12824.09,Pasture/Hay,#dcd939,2021
South Carolina,Class_81,6185.8,Pasture/Hay,#dcd939,2021
Virginia,Class_81,17459.44,Pasture/Hay,#dcd939,2021
District of Columbia,Class_81,0.07,Pasture/Hay,#dcd939,2021
Alabama,Class_81,22429.62,Pasture/Hay,#dcd939,2021
Tennessee,Class_81,24525.49,Pasture/Hay,#dcd939,2021
Kentucky,Class_81,25664.34,Pasture/Hay,#dcd939,2021
Mississippi,Class_81,19206.89,Pasture/Hay,#dcd939,2021
Louisiana,Class_81,11332.57,Pasture/Hay,#dcd939,2021
Texas,Class_81,82151.73,Pasture/Hay,#dcd939,2021
Oklahoma,Class_81,22771.68,Pasture/Hay,#dcd939,2021
Arkansas,Class_81,21959.64,Pasture/Hay,#dcd939,2021
West Virginia,Class_71,513.3,Grassland/Herbaceous,#dfdfc2,2021
Florida,Class_71,3859.21,Grassland/Herbaceous,#dfdfc2,2021
Maryland,Class_71,43.83,Grassland/Herbaceous,#dfdfc2,2021
North Carolina,Class_71,2789.92,Grassland/Herbaceous,#dfdfc2,2021
Delaware,Class_71,4.65,Grassland/Herbaceous,#dfdfc2,2021
Georgia,Class_71,6662.41,Grassland/Herbaceous,#dfdfc2,2021
South Carolina,Class_71,3423.8,Grassland/Herbaceous,#dfdfc2,2021
Virginia,Class_71,2890.46,Grassland/Herbaceous,#dfdfc2,2021
District of Columbia,Class_71,0.0,Grassland/Herbaceous,#dfdfc2,2021
Alabama,Class_71,5339.19,Grassland/Herbaceous,#dfdfc2,2021
Tennessee,Class_71,738.47,Grassland/Herbaceous,#dfdfc2,2021
Kentucky,Class_71,229.96,Grassland/Herbaceous,#dfdfc2,2021
Mississippi,Class_71,3496.14,Grassland/Herbaceous,#dfdfc2,2021
Louisiana,Class_71,2892.3,Grassland/Herbaceous,#dfdfc2,2021
Texas,Class_71,74726.33,Grassland/Herbaceous,#dfdfc2,2021
Oklahoma,Class_71,70032.28,Grassland/Herbaceous,#dfdfc2,2021
Arkansas,Class_71,2555.16,Grassland/Herbaceous,#dfdfc2,2021
West Virginia,Class_82,259.77,Cultivated Crops,#ab6c28,2021
Florida,Class_82,9124.97,Cultivated Crops,#ab6c28,2021
Maryland,Class_82,5429.53,Cultivated Crops,#ab6c28,2021
North Carolina,Class_82,19066.82,Cultivated Crops,#ab6c28,2021
Delaware,Class_82,2069.56,Cultivated Crops,#ab6c28,2021
Georgia,Class_82,20350.1,Cultivated Crops,#ab6c28,2021
South Carolina,Class_82,8066.42,Cultivated Crops,#ab6c28,2021
Virginia,Class_82,5950.03,Cultivated Crops,#ab6c28,2021
District of Columbia,Class_82,0.0,Cultivated Crops,#ab6c28,2021
Alabama,Class_82,6051.05,Cultivated Crops,#ab6c28,2021
Tennessee,Class_82,12084.03,Cultivated Crops,#ab6c28,2021
Kentucky,Class_82,14070.08,Cultivated Crops,#ab6c28,2021
Mississippi,Class_82,17703.16,Cultivated Crops,#ab6c28,2021
Louisiana,Class_82,18212.88,Cultivated Crops,#ab6c28,2021
Texas,Class_82,81625.28,Cultivated Crops,#ab6c28,2021
Oklahoma,Class_82,29990.25,Cultivated Crops,#ab6c28,2021
Arkansas,Class_82,29011.74,Cultivated Crops,#ab6c28,2021
West Virginia,Class_95,32.65,Emergent Herbaceous Wetlands,#6c9fb8,2021
Florida,Class_95,14769.04,Emergent Herbaceous Wetlands,#6c9fb8,2021
Maryland,Class_95,779.51,Emergent Herbaceous Wetlands,#6c9fb8,2021
North Carolina,Class_95,1199.58,Emergent Herbaceous Wetlands,#6c9fb8,2021
Delaware,Class_95,314.18,Emergent Herbaceous Wetlands,#6c9fb8,2021
Georgia,Class_95,1856.28,Emergent Herbaceous Wetlands,#6c9fb8,2021
South Carolina,Class_95,2084.81,Emergent Herbaceous Wetlands,#6c9fb8,2021
Virginia,Class_95,801.43,Emergent Herbaceous Wetlands,#6c9fb8,2021
District of Columbia,Class_95,0.2,Emergent Herbaceous Wetlands,#6c9fb8,2021
Alabama,Class_95,259.5,Emergent Herbaceous Wetlands,#6c9fb8,2021
Tennessee,Class_95,146.25,Emergent Herbaceous Wetlands,#6c9fb8,2021
Kentucky,Class_95,147.54,Emergent Herbaceous Wetlands,#6c9fb8,2021
Mississippi,Class_95,534.58,Emergent Herbaceous Wetlands,#6c9fb8,2021
Louisiana,Class_95,12721.91,Emergent Herbaceous Wetlands,#6c9fb8,2021
Texas,Class_95,7299.56,Emergent Herbaceous Wetlands,#6c9fb8,2021
Oklahoma,Class_95,332.42,Emergent Herbaceous Wetlands,#6c9fb8,2021
Arkansas,Class_95,165.5,Emergent Herbaceous Wetlands,#6c9fb8,2021
West Virginia,Class_41,48988.27,Deciduous Forest,#68ab5f,2021
Florida,Class_41,4.51,Deciduous Forest,#68ab5f,2021
Maryland,Class_41,6290.45,Deciduous Forest,#68ab5f,2021
North Carolina,Class_41,25599.28,Deciduous Forest,#68ab5f,2021
Delaware,Class_41,189.45,Deciduous Forest,#68ab5f,2021
Georgia,Class_41,19461.59,Deciduous Forest,#68ab5f,2021
South Carolina,Class_41,6791.63,Deciduous Forest,#68ab5f,2021
Virginia,Class_41,35400.39,Deciduous Forest,#68ab5f,2021
District of Columbia,Class_41,12.56,Deciduous Forest,#68ab5f,2021
Alabama,Class_41,20994.35,Deciduous Forest,#68ab5f,2021
Tennessee,Class_41,43907.3,Deciduous Forest,#68ab5f,2021
Kentucky,Class_41,49106.17,Deciduous Forest,#68ab5f,2021
Mississippi,Class_41,10724.57,Deciduous Forest,#68ab5f,2021
Louisiana,Class_41,279.73,Deciduous Forest,#68ab5f,2021
Texas,Class_41,8814.37,Deciduous Forest,#68ab5f,2021
Oklahoma,Class_41,28743.28,Deciduous Forest,#68ab5f,2021
Arkansas,Class_41,26413.14,Deciduous Forest,#68ab5f,2021
West Virginia,Class_52,176.52,Shrub/Scrub,#ccb879,2021
Florida,Class_52,3724.65,Shrub/Scrub,#ccb879,2021
Maryland,Class_52,67.11,Shrub/Scrub,#ccb879,2021
North Carolina,Class_52,2695.79,Shrub/Scrub,#ccb879,2021
Delaware,Class_52,11.88,Shrub/Scrub,#ccb879,2021
Georgia,Class_52,4795.15,Shrub/Scrub,#ccb879,2021
South Carolina,Class_52,2371.39,Shrub/Scrub,#ccb879,2021
Virginia,Class_52,1986.68,Shrub/Scrub,#ccb879,2021
District of Columbia,Class_52,0.0,Shrub/Scrub,#ccb879,2021
Alabama,Class_52,6238.22,Shrub/Scrub,#ccb879,2021
Tennessee,Class_52,504.3,Shrub/Scrub,#ccb879,2021
Kentucky,Class_52,136.63,Shrub/Scrub,#ccb879,2021
Mississippi,Class_52,4497.04,Shrub/Scrub,#ccb879,2021
Louisiana,Class_52,3315.22,Shrub/Scrub,#ccb879,2021
Texas,Class_52,316739.64,Shrub/Scrub,#ccb879,2021
Oklahoma,Class_52,6521.59,Shrub/Scrub,#ccb879,2021
Arkansas,Class_52,2722.57,Shrub/Scrub,#ccb879,2021
West Virginia,Class_31,487.61,Barren Land,#b3ac9f,2021
Florida,Class_31,1040.95,Barren Land,#b3ac9f,2021
Maryland,Class_31,131.68,Barren Land,#b3ac9f,2021
North Carolina,Class_31,420.11,Barren Land,#b3ac9f,2021
Delaware,Class_31,20.38,Barren Land,#b3ac9f,2021
Georgia,Class_31,457.22,Barren Land,#b3ac9f,2021
South Carolina,Class_31,253.33,Barren Land,#b3ac9f,2021
Virginia,Class_31,337.05,Barren Land,#b3ac9f,2021
District of Columbia,Class_31,0.0,Barren Land,#b3ac9f,2021
Alabama,Class_31,335.6,Barren Land,#b3ac9f,2021
Tennessee,Class_31,197.61,Barren Land,#b3ac9f,2021
Kentucky,Class_31,567.63,Barren Land,#b3ac9f,2021
Mississippi,Class_31,273.7,Barren Land,#b3ac9f,2021
Louisiana,Class_31,315.3,Barren Land,#b3ac9f,2021
Texas,Class_31,2137.22,Barren Land,#b3ac9f,2021
Oklahoma,Class_31,670.76,Barren Land,#b3ac9f,2021
Arkansas,Class_31,303.97,Barren Land,#b3ac9f,2021
West Virginia,Class_42,370.55,Evergreen Forest,#1c5f2c,2021
Florida,Class_42,26763.24,Evergreen Forest,#1c5f2c,2021
Maryland,Class_42,533.43,Evergreen Forest,#1c5f2c,2021
North Carolina,Class_42,17420.49,Evergreen Forest,#1c5f2c,2021
Delaware,Class_42,171.09,Evergreen Forest,#1c5f2c,2021
Georgia,Class_42,35980.24,Evergreen Forest,#1c5f2c,2021
South Carolina,Class_42,20243.05,Evergreen Forest,#1c5f2c,2021
Virginia,Class_42,9252.36,Evergreen Forest,#1c5f2c,2021
District of Columbia,Class_42,0.07,Evergreen Forest,#1c5f2c,2021
Alabama,Class_42,31980.68,Evergreen Forest,#1c5f2c,2021
Tennessee,Class_42,3293.54,Evergreen Forest,#1c5f2c,2021
Kentucky,Class_42,292.65,Evergreen Forest,#1c5f2c,2021
Mississippi,Class_42,25841.1,Evergreen Forest,#1c5f2c,2021
Louisiana,Class_42,25462.26,Evergreen Forest,#1c5f2c,2021
Texas,Class_42,40079.73,Evergreen Forest,#1c5f2c,2021
Oklahoma,Class_42,5637.3,Evergreen Forest,#1c5f2c,2021
Arkansas,Class_42,25109.42,Evergreen Forest,#1c5f2c,2021
West Virginia,Class_21,1875.33,"Developed, Open Space",#dec5c5,2021
Florida,Class_21,6359.06,"Developed, Open Space",#dec5c5,2021
Maryland,Class_21,2109.16,"Developed, Open Space",#dec5c5,2021
North Carolina,Class_21,8007.85,"Developed, Open Space",#dec5c5,2021
Delaware,Class_21,287.21,"Developed, Open Space",#dec5c5,2021
Georgia,Class_21,8757.64,"Developed, Open Space",#dec5c5,2021
South Carolina,Class_21,4445.05,"Developed, Open Space",#dec5c5,2021
Virginia,Class_21,5298.53,"Developed, Open Space",#dec5c5,2021
District of Columbia,Class_21,20.78,"Developed, Open Space",#dec5c5,2021
Alabama,Class_21,6950.38,"Developed, Open Space",#dec5c5,2021
Tennessee,Class_21,6415.36,"Developed, Open Space",#dec5c5,2021
Kentucky,Class_21,4262.33,"Developed, Open Space",#dec5c5,2021
Mississippi,Class_21,5117.87,"Developed, Open Space",#dec5c5,2021
Louisiana,Class_21,3473.13,"Developed, Open Space",#dec5c5,2021
Texas,Class_21,11074.05,"Developed, Open Space",#dec5c5,2021
Oklahoma,Class_21,4672.11,"Developed, Open Space",#dec5c5,2021
Arkansas,Class_21,3245.61,"Developed, Open Space",#dec5c5,2021
West Virginia,Class_43,3053.09,Mixed Forest,#b5c58f,2021
Florida,Class_43,223.09,Mixed Forest,#b5c58f,2021
Maryland,Class_43,1361.87,Mixed Forest,#b5c58f,2021
North Carolina,Class_43,9945.56,Mixed Forest,#b5c58f,2021
Delaware,Class_43,147.11,Mixed Forest,#b5c58f,2021
Georgia,Class_43,5438.45,Mixed Forest,#b5c58f,2021
South Carolina,Class_43,2233.97,Mixed Forest,#b5c58f,2021
Virginia,Class_43,12942.99,Mixed Forest,#b5c58f,2021
District of Columbia,Class_43,0.0,Mixed Forest,#b5c58f,2021
Alabama,Class_43,9704.33,Mixed Forest,#b5c58f,2021
Tennessee,Class_43,6964.94,Mixed Forest,#b5c58f,2021
Kentucky,Class_43,4080.59,Mixed Forest,#b5c58f,2021
Mississippi,Class_43,9109.99,Mixed Forest,#b5c58f,2021
Louisiana,Class_43,1110.31,Mixed Forest,#b5c58f,2021
Texas,Class_43,11123.94,Mixed Forest,#b5c58f,2021
Oklahoma,Class_43,3202.97,Mixed Forest,#b5c58f,2021
Arkansas,Class_43,6327.8,Mixed Forest,#b5c58f,2021
West Virginia,Class_11,403.66,Open Water,#466b9f,2021
Florida,Class_11,28835.53,Open Water,#466b9f,2021
Maryland,Class_11,7028.29,Open Water,#466b9f,2021
North Carolina,Class_11,13423.56,Open Water,#466b9f,2021
Delaware,Class_11,1403.77,Open Water,#466b9f,2021
Georgia,Class_11,3903.24,Open Water,#466b9f,2021
South Carolina,Class_11,4997.68,Open Water,#466b9f,2021
Virginia,Class_11,8433.3,Open Water,#466b9f,2021
District of Columbia,Class_11,17.33,Open Water,#466b9f,2021
Alabama,Class_11,4608.03,Open Water,#466b9f,2021
Tennessee,Class_11,2457.08,Open Water,#466b9f,2021
Kentucky,Class_11,1841.62,Open Water,#466b9f,2021
Mississippi,Class_11,4057.27,Open Water,#466b9f,2021
Louisiana,Class_11,22822.31,Open Water,#466b9f,2021
Texas,Class_11,16295.5,Open Water,#466b9f,2021
Oklahoma,Class_11,2959.33,Open Water,#466b9f,2021
Arkansas,Class_11,2886.65,Open Water,#466b9f,2021
West Virginia,Class_22,633.7,"Developed, Low Intensity",#d99282,2021
Florida,Class_22,10108.46,"Developed, Low Intensity",#d99282,2021
Maryland,Class_22,1692.35,"Developed, Low Intensity",#d99282,2021
North Carolina,Class_22,5414.2,"Developed, Low Intensity",#d99282,2021
Delaware,Class_22,472.15,"Developed, Low Intensity",#d99282,2021
Georgia,Class_22,5369.06,"Developed, Low Intensity",#d99282,2021
South Carolina,Class_22,3129.83,"Developed, Low Intensity",#d99282,2021
Virginia,Class_22,2853.53,"Developed, Low Intensity",#d99282,2021
District of Columbia,Class_22,32.26,"Developed, Low Intensity",#d99282,2021
Alabama,Class_22,2848.88,"Developed, Low Intensity",#d99282,2021
Tennessee,Class_22,2884.07,"Developed, Low Intensity",#d99282,2021
Kentucky,Class_22,1792.71,"Developed, Low Intensity",#d99282,2021
Mississippi,Class_22,1954.52,"Developed, Low Intensity",#d99282,2021
Louisiana,Class_22,2616.84,"Developed, Low Intensity",#d99282,2021
Texas,Class_22,13165.87,"Developed, Low Intensity",#d99282,2021
Oklahoma,Class_22,2653.98,"Developed, Low Intensity",#d99282,2021
Arkansas,Class_22,2002.6,"Developed, Low Intensity",#d99282,2021
West Virginia,Class_23,398.63,"Developed, Medium Intensity",#eb0000,2021
Florida,Class_23,5650.11,"Developed, Medium Intensity",#eb0000,2021
Maryland,Class_23,965.82,"Developed, Medium Intensity",#eb0000,2021
North Carolina,Class_23,1846.42,"Developed, Medium Intensity",#eb0000,2021
Delaware,Class_23,239.71,"Developed, Medium Intensity",#eb0000,2021
Georgia,Class_23,1789.08,"Developed, Medium Intensity",#eb0000,2021
South Carolina,Class_23,1012.72,"Developed, Medium Intensity",#eb0000,2021
Virginia,Class_23,1550.59,"Developed, Medium Intensity",#eb0000,2021
District of Columbia,Class_23,72.6,"Developed, Medium Intensity",#eb0000,2021
Alabama,Class_23,1056.49,"Developed, Medium Intensity",#eb0000,2021
Tennessee,Class_23,1314.54,"Developed, Medium Intensity",#eb0000,2021
Kentucky,Class_23,952.68,"Developed, Medium Intensity",#eb0000,2021
Mississippi,Class_23,602.56,"Developed, Medium Intensity",#eb0000,2021
Louisiana,Class_23,1278.62,"Developed, Medium Intensity",#eb0000,2021
Texas,Class_23,9572.35,"Developed, Medium Intensity",#eb0000,2021
Oklahoma,Class_23,1315.94,"Developed, Medium Intensity",#eb0000,2021
Arkansas,Class_23,748.15,"Developed, Medium Intensity",#eb0000,2021
West Virginia,Class_24,66.0,"Developed, High Intensity",#ab0000,2021
Florida,Class_24,696.26,"Developed, High Intensity",#ab0000,2021
Maryland,Class_24,235.08,"Developed, High Intensity",#ab0000,2021
North Carolina,Class_24,431.65,"Developed, High Intensity",#ab0000,2021
Delaware,Class_24,53.17,"Developed, High Intensity",#ab0000,2021
Georgia,Class_24,565.08,"Developed, High Intensity",#ab0000,2021
South Carolina,Class_24,270.86,"Developed, High Intensity",#ab0000,2021
Virginia,Class_24,353.42,"Developed, High Intensity",#ab0000,2021
District of Columbia,Class_24,19.08,"Developed, High Intensity",#ab0000,2021
Alabama,Class_24,240.41,"Developed, High Intensity",#ab0000,2021
Tennessee,Class_24,355.86,"Developed, High Intensity",#ab0000,2021
Kentucky,Class_24,236.72,"Developed, High Intensity",#ab0000,2021
Mississippi,Class_24,134.7,"Developed, High Intensity",#ab0000,2021
Louisiana,Class_24,287.07,"Developed, High Intensity",#ab0000,2021
Texas,Class_24,1621.45,"Developed, High Intensity",#ab0000,2021
Oklahoma,Class_24,264.95,"Developed, High Intensity",#ab0000,2021
Arkansas,Class_24,176.78,"Developed, High Intensity",#ab0000,2021
West Virginia,Class_90,68.7,Woody Wetlands,#b8d9eb,2021
Florida,Class_90,39236.71,Woody Wetlands,#b8d9eb,2021
Maryland,Class_90,2816.74,Woody Wetlands,#b8d9eb,2021
North Carolina,Class_90,19240.19,Woody Wetlands,#b8d9eb,2021
Delaware,Class_90,1010.42,Woody Wetlands,#b8d9eb,2021
Georgia,Class_90,25694.54,Woody Wetlands,#b8d9eb,2021
South Carolina,Class_90,17398.97,Woody Wetlands,#b8d9eb,2021
Virginia,Class_90,5274.09,Woody Wetlands,#b8d9eb,2021
District of Columbia,Class_90,2.04,Woody Wetlands,#b8d9eb,2021
Alabama,Class_90,16729.03,Woody Wetlands,#b8d9eb,2021
Tennessee,Class_90,3363.06,Woody Wetlands,#b8d9eb,2021
Kentucky,Class_90,1272.65,Woody Wetlands,#b8d9eb,2021
Mississippi,Class_90,22183.92,Woody Wetlands,#b8d9eb,2021
Louisiana,Class_90,28132.55,Woody Wetlands,#b8d9eb,2021
Texas,Class_90,19094.09,Woody Wetlands,#b8d9eb,2021
Oklahoma,Class_90,1268.18,Woody Wetlands,#b8d9eb,2021
Arkansas,Class_90,14102.33,Woody Wetlands,#b8d9eb,2021
West Virginia,Class_81,5419.94,Pasture/Hay,#dcd939,2022
Florida,Class_81,19648.84,Pasture/Hay,#dcd939,2022
Maryland,Class_81,2648.51,Pasture/Hay,#dcd939,2022
North Carolina,Class_81,11945.55,Pasture/Hay,#dcd939,2022
Delaware,Class_81,50.76,Pasture/Hay,#dcd939,2022
Georgia,Class_81,12793.82,Pasture/Hay,#dcd939,2022
South Carolina,Class_81,6164.05,Pasture/Hay,#dcd939,2022
Virginia,Class_81,17478.54,Pasture/Hay,#dcd939,2022
District of Columbia,Class_81,0.07,Pasture/Hay,#dcd939,2022
Alabama,Class_81,22395.03,Pasture/Hay,#dcd939,2022
Tennessee,Class_81,24574.11,Pasture/Hay,#dcd939,2022
Kentucky,Class_81,25662.46,Pasture/Hay,#dcd939,2022
Mississippi,Class_81,19162.15,Pasture/Hay,#dcd939,2022
Louisiana,Class_81,11263.83,Pasture/Hay,#dcd939,2022
Texas,Class_81,82071.73,Pasture/Hay,#dcd939,2022
Oklahoma,Class_81,22708.8,Pasture/Hay,#dcd939,2022
Arkansas,Class_81,21931.52,Pasture/Hay,#dcd939,2022
West Virginia,Class_71,452.94,Grassland/Herbaceous,#dfdfc2,2022
Florida,Class_71,3819.81,Grassland/Herbaceous,#dfdfc2,2022
Maryland,Class_71,48.34,Grassland/Herbaceous,#dfdfc2,2022
North Carolina,Class_71,2823.28,Grassland/Herbaceous,#dfdfc2,2022
Delaware,Class_71,7.15,Grassland/Herbaceous,#dfdfc2,2022
Georgia,Class_71,6645.57,Grassland/Herbaceous,#dfdfc2,2022
South Carolina,Class_71,3326.22,Grassland/Herbaceous,#dfdfc2,2022
Virginia,Class_71,2789.45,Grassland/Herbaceous,#dfdfc2,2022
District of Columbia,Class_71,0.0,Grassland/Herbaceous,#dfdfc2,2022
Alabama,Class_71,5192.28,Grassland/Herbaceous,#dfdfc2,2022
Tennessee,Class_71,794.16,Grassland/Herbaceous,#dfdfc2,2022
Kentucky,Class_71,217.49,Grassland/Herbaceous,#dfdfc2,2022
Mississippi,Class_71,3315.45,Grassland/Herbaceous,#dfdfc2,2022
Louisiana,Class_71,2893.23,Grassland/Herbaceous,#dfdfc2,2022
Texas,Class_71,73159.19,Grassland/Herbaceous,#dfdfc2,2022
Oklahoma,Class_71,70150.91,Grassland/Herbaceous,#dfdfc2,2022
Arkansas,Class_71,2690.54,Grassland/Herbaceous,#dfdfc2,2022
West Virginia,Class_82,256.28,Cultivated Crops,#ab6c28,2022
Florida,Class_82,8942.88,Cultivated Crops,#ab6c28,2022
Maryland,Class_82,5395.48,Cultivated Crops,#ab6c28,2022
North Carolina,Class_82,18864.51,Cultivated Crops,#ab6c28,2022
Delaware,Class_82,2050.32,Cultivated Crops,#ab6c28,2022
Georgia,Class_82,20172.69,Cultivated Crops,#ab6c28,2022
South Carolina,Class_82,7969.6,Cultivated Crops,#ab6c28,2022
Virginia,Class_82,5881.7,Cultivated Crops,#ab6c28,2022
District of Columbia,Class_82,0.0,Cultivated Crops,#ab6c28,2022
Alabama,Class_82,5963.53,Cultivated Crops,#ab6c28,2022
Tennessee,Class_82,11982.15,Cultivated Crops,#ab6c28,2022
Kentucky,Class_82,14051.52,Cultivated Crops,#ab6c28,2022
Mississippi,Class_82,17671.07,Cultivated Crops,#ab6c28,2022
Louisiana,Class_82,18199.15,Cultivated Crops,#ab6c28,2022
Texas,Class_82,81906.21,Cultivated Crops,#ab6c28,2022
Oklahoma,Class_82,30028.98,Cultivated Crops,#ab6c28,2022
Arkansas,Class_82,29011.58,Cultivated Crops,#ab6c28,2022
West Virginia,Class_95,32.79,Emergent Herbaceous Wetlands,#6c9fb8,2022
Florida,Class_95,14842.11,Emergent Herbaceous Wetlands,#6c9fb8,2022
Maryland,Class_95,779.9,Emergent Herbaceous Wetlands,#6c9fb8,2022
North Carolina,Class_95,1252.76,Emergent Herbaceous Wetlands,#6c9fb8,2022
Delaware,Class_95,315.13,Emergent Herbaceous Wetlands,#6c9fb8,2022
Georgia,Class_95,1895.13,Emergent Herbaceous Wetlands,#6c9fb8,2022
South Carolina,Class_95,2169.82,Emergent Herbaceous Wetlands,#6c9fb8,2022
Virginia,Class_95,804.26,Emergent Herbaceous Wetlands,#6c9fb8,2022
District of Columbia,Class_95,0.13,Emergent Herbaceous Wetlands,#6c9fb8,2022
Alabama,Class_95,287.67,Emergent Herbaceous Wetlands,#6c9fb8,2022
Tennessee,Class_95,150.78,Emergent Herbaceous Wetlands,#6c9fb8,2022
Kentucky,Class_95,150.69,Emergent Herbaceous Wetlands,#6c9fb8,2022
Mississippi,Class_95,577.32,Emergent Herbaceous Wetlands,#6c9fb8,2022
Louisiana,Class_95,12807.57,Emergent Herbaceous Wetlands,#6c9fb8,2022
Texas,Class_95,7449.87,Emergent Herbaceous Wetlands,#6c9fb8,2022
Oklahoma,Class_95,357.32,Emergent Herbaceous Wetlands,#6c9fb8,2022
Arkansas,Class_95,202.84,Emergent Herbaceous Wetlands,#6c9fb8,2022
West Virginia,Class_41,48992.35,Deciduous Forest,#68ab5f,2022
Florida,Class_41,4.66,Deciduous Forest,#68ab5f,2022
Maryland,Class_41,6286.06,Deciduous Forest,#68ab5f,2022
North Carolina,Class_41,25590.42,Deciduous Forest,#68ab5f,2022
Delaware,Class_41,189.03,Deciduous Forest,#68ab5f,2022
Georgia,Class_41,19450.51,Deciduous Forest,#68ab5f,2022
South Carolina,Class_41,6787.52,Deciduous Forest,#68ab5f,2022
Virginia,Class_41,35448.41,Deciduous Forest,#68ab5f,2022
District of Columbia,Class_41,12.49,Deciduous Forest,#68ab5f,2022
Alabama,Class_41,21075.31,Deciduous Forest,#68ab5f,2022
Tennessee,Class_41,43890.29,Deciduous Forest,#68ab5f,2022
Kentucky,Class_41,49104.0,Deciduous Forest,#68ab5f,2022
Mississippi,Class_41,10753.09,Deciduous Forest,#68ab5f,2022
Louisiana,Class_41,282.23,Deciduous Forest,#68ab5f,2022
Texas,Class_41,8741.24,Deciduous Forest,#68ab5f,2022
Oklahoma,Class_41,28712.09,Deciduous Forest,#68ab5f,2022
Arkansas,Class_41,26414.73,Deciduous Forest,#68ab5f,2022
West Virginia,Class_52,234.45,Shrub/Scrub,#ccb879,2022
Florida,Class_52,3813.16,Shrub/Scrub,#ccb879,2022
Maryland,Class_52,69.78,Shrub/Scrub,#ccb879,2022
North Carolina,Class_52,2746.56,Shrub/Scrub,#ccb879,2022
Delaware,Class_52,11.21,Shrub/Scrub,#ccb879,2022
Georgia,Class_52,5017.04,Shrub/Scrub,#ccb879,2022
South Carolina,Class_52,2618.73,Shrub/Scrub,#ccb879,2022
Virginia,Class_52,2170.17,Shrub/Scrub,#ccb879,2022
District of Columbia,Class_52,0.0,Shrub/Scrub,#ccb879,2022
Alabama,Class_52,6173.34,Shrub/Scrub,#ccb879,2022
Tennessee,Class_52,508.31,Shrub/Scrub,#ccb879,2022
Kentucky,Class_52,151.75,Shrub/Scrub,#ccb879,2022
Mississippi,Class_52,4355.31,Shrub/Scrub,#ccb879,2022
Louisiana,Class_52,3314.31,Shrub/Scrub,#ccb879,2022
Texas,Class_52,318163.72,Shrub/Scrub,#ccb879,2022
Oklahoma,Class_52,6403.09,Shrub/Scrub,#ccb879,2022
Arkansas,Class_52,2486.05,Shrub/Scrub,#ccb879,2022
West Virginia,Class_31,494.02,Barren Land,#b3ac9f,2022
Florida,Class_31,1087.85,Barren Land,#b3ac9f,2022
Maryland,Class_31,134.98,Barren Land,#b3ac9f,2022
North Carolina,Class_31,435.55,Barren Land,#b3ac9f,2022
Delaware,Class_31,20.59,Barren Land,#b3ac9f,2022
Georgia,Class_31,469.42,Barren Land,#b3ac9f,2022
South Carolina,Class_31,263.32,Barren Land,#b3ac9f,2022
Virginia,Class_31,342.2,Barren Land,#b3ac9f,2022
District of Columbia,Class_31,0.0,Barren Land,#b3ac9f,2022
Alabama,Class_31,348.07,Barren Land,#b3ac9f,2022
Tennessee,Class_31,222.16,Barren Land,#b3ac9f,2022
Kentucky,Class_31,579.05,Barren Land,#b3ac9f,2022
Mississippi,Class_31,318.07,Barren Land,#b3ac9f,2022
Louisiana,Class_31,341.42,Barren Land,#b3ac9f,2022
Texas,Class_31,2246.7,Barren Land,#b3ac9f,2022
Oklahoma,Class_31,723.82,Barren Land,#b3ac9f,2022
Arkansas,Class_31,358.84,Barren Land,#b3ac9f,2022
West Virginia,Class_42,367.42,Evergreen Forest,#1c5f2c,2022
Florida,Class_42,26636.97,Evergreen Forest,#1c5f2c,2022
Maryland,Class_42,530.81,Evergreen Forest,#1c5f2c,2022
North Carolina,Class_42,17439.47,Evergreen Forest,#1c5f2c,2022
Delaware,Class_42,170.38,Evergreen Forest,#1c5f2c,2022
Georgia,Class_42,35968.91,Evergreen Forest,#1c5f2c,2022
South Carolina,Class_42,20183.78,Evergreen Forest,#1c5f2c,2022
Virginia,Class_42,9242.95,Evergreen Forest,#1c5f2c,2022
District of Columbia,Class_42,0.07,Evergreen Forest,#1c5f2c,2022
Alabama,Class_42,32288.69,Evergreen Forest,#1c5f2c,2022
Tennessee,Class_42,3262.25,Evergreen Forest,#1c5f2c,2022
Kentucky,Class_42,289.38,Evergreen Forest,#1c5f2c,2022
Mississippi,Class_42,26259.95,Evergreen Forest,#1c5f2c,2022
Louisiana,Class_42,25515.04,Evergreen Forest,#1c5f2c,2022
Texas,Class_42,39861.04,Evergreen Forest,#1c5f2c,2022
Oklahoma,Class_42,5733.25,Evergreen Forest,#1c5f2c,2022
Arkansas,Class_42,25271.29,Evergreen Forest,#1c5f2c,2022
West Virginia,Class_21,1882.26,"Developed, Open Space",#dec5c5,2022
Florida,Class_21,6430.75,"Developed, Open Space",#dec5c5,2022
Maryland,Class_21,2122.65,"Developed, Open Space",#dec5c5,2022
North Carolina,Class_21,8079.26,"Developed, Open Space",#dec5c5,2022
Delaware,Class_21,293.38,"Developed, Open Space",#dec5c5,2022
Georgia,Class_21,8832.06,"Developed, Open Space",#dec5c5,2022
South Carolina,Class_21,4499.44,"Developed, Open Space",#dec5c5,2022
Virginia,Class_21,5325.92,"Developed, Open Space",#dec5c5,2022
District of Columbia,Class_21,20.93,"Developed, Open Space",#dec5c5,2022
Alabama,Class_21,6987.94,"Developed, Open Space",#dec5c5,2022
Tennessee,Class_21,6458.44,"Developed, Open Space",#dec5c5,2022
Kentucky,Class_21,4281.84,"Developed, Open Space",#dec5c5,2022
Mississippi,Class_21,5134.57,"Developed, Open Space",#dec5c5,2022
Louisiana,Class_21,3512.06,"Developed, Open Space",#dec5c5,2022
Texas,Class_21,11229.61,"Developed, Open Space",#dec5c5,2022
Oklahoma,Class_21,4690.17,"Developed, Open Space",#dec5c5,2022
Arkansas,Class_21,3270.32,"Developed, Open Space",#dec5c5,2022
West Virginia,Class_43,3039.66,Mixed Forest,#b5c58f,2022
Florida,Class_43,229.47,Mixed Forest,#b5c58f,2022
Maryland,Class_43,1359.33,Mixed Forest,#b5c58f,2022
North Carolina,Class_43,9828.53,Mixed Forest,#b5c58f,2022
Delaware,Class_43,145.78,Mixed Forest,#b5c58f,2022
Georgia,Class_43,5350.48,Mixed Forest,#b5c58f,2022
South Carolina,Class_43,2181.37,Mixed Forest,#b5c58f,2022
Virginia,Class_43,12812.41,Mixed Forest,#b5c58f,2022
District of Columbia,Class_43,0.0,Mixed Forest,#b5c58f,2022
Alabama,Class_43,9594.58,Mixed Forest,#b5c58f,2022
Tennessee,Class_43,6923.12,Mixed Forest,#b5c58f,2022
Kentucky,Class_43,4062.69,Mixed Forest,#b5c58f,2022
Mississippi,Class_43,9073.25,Mixed Forest,#b5c58f,2022
Louisiana,Class_43,1099.82,Mixed Forest,#b5c58f,2022
Texas,Class_43,10959.03,Mixed Forest,#b5c58f,2022
Oklahoma,Class_43,3172.62,Mixed Forest,#b5c58f,2022
Arkansas,Class_43,6281.38,Mixed Forest,#b5c58f,2022
West Virginia,Class_11,410.02,Open Water,#466b9f,2022
Florida,Class_11,28906.25,Open Water,#466b9f,2022
Maryland,Class_11,7027.46,Open Water,#466b9f,2022
North Carolina,Class_11,13418.86,Open Water,#466b9f,2022
Delaware,Class_11,1403.72,Open Water,#466b9f,2022
Georgia,Class_11,3909.9,Open Water,#466b9f,2022
South Carolina,Class_11,4988.25,Open Water,#466b9f,2022
Virginia,Class_11,8427.62,Open Water,#466b9f,2022
District of Columbia,Class_11,17.41,Open Water,#466b9f,2022
Alabama,Class_11,4591.69,Open Water,#466b9f,2022
Tennessee,Class_11,2418.25,Open Water,#466b9f,2022
Kentucky,Class_11,1831.05,Open Water,#466b9f,2022
Mississippi,Class_11,3962.31,Open Water,#466b9f,2022
Louisiana,Class_11,22740.96,Open Water,#466b9f,2022
Texas,Class_11,15829.5,Open Water,#466b9f,2022
Oklahoma,Class_11,2822.71,Open Water,#466b9f,2022
Arkansas,Class_11,2781.06,Open Water,#466b9f,2022
West Virginia,Class_22,636.05,"Developed, Low Intensity",#d99282,2022
Florida,Class_22,10131.49,"Developed, Low Intensity",#d99282,2022
Maryland,Class_22,1697.55,"Developed, Low Intensity",#d99282,2022
North Carolina,Class_22,5458.97,"Developed, Low Intensity",#d99282,2022
Delaware,Class_22,479.42,"Developed, Low Intensity",#d99282,2022
Georgia,Class_22,5393.67,"Developed, Low Intensity",#d99282,2022
South Carolina,Class_22,3153.7,"Developed, Low Intensity",#d99282,2022
Virginia,Class_22,2856.32,"Developed, Low Intensity",#d99282,2022
District of Columbia,Class_22,32.26,"Developed, Low Intensity",#d99282,2022
Alabama,Class_22,2870.03,"Developed, Low Intensity",#d99282,2022
Tennessee,Class_22,2896.14,"Developed, Low Intensity",#d99282,2022
Kentucky,Class_22,1800.98,"Developed, Low Intensity",#d99282,2022
Mississippi,Class_22,1965.79,"Developed, Low Intensity",#d99282,2022
Louisiana,Class_22,2634.07,"Developed, Low Intensity",#d99282,2022
Texas,Class_22,13365.36,"Developed, Low Intensity",#d99282,2022
Oklahoma,Class_22,2667.93,"Developed, Low Intensity",#d99282,2022
Arkansas,Class_22,2013.28,"Developed, Low Intensity",#d99282,2022
West Virginia,Class_23,401.21,"Developed, Medium Intensity",#eb0000,2022
Florida,Class_23,5785.46,"Developed, Medium Intensity",#eb0000,2022
Maryland,Class_23,973.81,"Developed, Medium Intensity",#eb0000,2022
North Carolina,Class_23,1889.02,"Developed, Medium Intensity",#eb0000,2022
Delaware,Class_23,244.46,"Developed, Medium Intensity",#eb0000,2022
Georgia,Class_23,1833.12,"Developed, Medium Intensity",#eb0000,2022
South Carolina,Class_23,1033.28,"Developed, Medium Intensity",#eb0000,2022
Virginia,Class_23,1576.47,"Developed, Medium Intensity",#eb0000,2022
District of Columbia,Class_23,72.46,"Developed, Medium Intensity",#eb0000,2022
Alabama,Class_23,1068.88,"Developed, Medium Intensity",#eb0000,2022
Tennessee,Class_23,1347.47,"Developed, Medium Intensity",#eb0000,2022
Kentucky,Class_23,961.89,"Developed, Medium Intensity",#eb0000,2022
Mississippi,Class_23,611.87,"Developed, Medium Intensity",#eb0000,2022
Louisiana,Class_23,1290.6,"Developed, Medium Intensity",#eb0000,2022
Texas,Class_23,9846.89,"Developed, Medium Intensity",#eb0000,2022
Oklahoma,Class_23,1331.93,"Developed, Medium Intensity",#eb0000,2022
Arkansas,Class_23,765.68,"Developed, Medium Intensity",#eb0000,2022
West Virginia,Class_24,66.45,"Developed, High Intensity",#ab0000,2022
Florida,Class_24,706.88,"Developed, High Intensity",#ab0000,2022
Maryland,Class_24,236.68,"Developed, High Intensity",#ab0000,2022
North Carolina,Class_24,439.62,"Developed, High Intensity",#ab0000,2022
Delaware,Class_24,53.52,"Developed, High Intensity",#ab0000,2022
Georgia,Class_24,576.48,"Developed, High Intensity",#ab0000,2022
South Carolina,Class_24,275.84,"Developed, High Intensity",#ab0000,2022
Virginia,Class_24,358.33,"Developed, High Intensity",#ab0000,2022
District of Columbia,Class_24,19.22,"Developed, High Intensity",#ab0000,2022
Alabama,Class_24,243.14,"Developed, High Intensity",#ab0000,2022
Tennessee,Class_24,360.04,"Developed, High Intensity",#ab0000,2022
Kentucky,Class_24,239.39,"Developed, High Intensity",#ab0000,2022
Mississippi,Class_24,136.39,"Developed, High Intensity",#ab0000,2022
Louisiana,Class_24,290.15,"Developed, High Intensity",#ab0000,2022
Texas,Class_24,1654.54,"Developed, High Intensity",#ab0000,2022
Oklahoma,Class_24,268.76,"Developed, High Intensity",#ab0000,2022
Arkansas,Class_24,178.33,"Developed, High Intensity",#ab0000,2022
West Virginia,Class_90,69.1,Woody Wetlands,#b8d9eb,2022
Florida,Class_90,39093.8,Woody Wetlands,#b8d9eb,2022
Maryland,Class_90,2817.89,Woody Wetlands,#b8d9eb,2022
North Carolina,Class_90,19171.5,Woody Wetlands,#b8d9eb,2022
Delaware,Class_90,1010.84,Woody Wetlands,#b8d9eb,2022
Georgia,Class_90,25595.36,Woody Wetlands,#b8d9eb,2022
South Carolina,Class_90,17294.38,Woody Wetlands,#b8d9eb,2022
Virginia,Class_90,5269.52,Woody Wetlands,#b8d9eb,2022
District of Columbia,Class_90,1.97,Woody Wetlands,#b8d9eb,2022
Alabama,Class_90,16685.58,Woody Wetlands,#b8d9eb,2022
Tennessee,Class_90,3364.24,Woody Wetlands,#b8d9eb,2022
Kentucky,Class_90,1270.1,Woody Wetlands,#b8d9eb,2022
Mississippi,Class_90,22141.41,Woody Wetlands,#b8d9eb,2022
Louisiana,Class_90,28068.56,Woody Wetlands,#b8d9eb,2022
Texas,Class_90,19036.48,Woody Wetlands,#b8d9eb,2022
Oklahoma,Class_90,1264.61,Woody Wetlands,#b8d9eb,2022
Arkansas,Class_90,14073.6,Woody Wetlands,#b8d9eb,2022
West Virginia,Class_81,5418.07,Pasture/Hay,#dcd939,2023
Florida,Class_81,19788.75,Pasture/Hay,#dcd939,2023
Maryland,Class_81,2656.21,Pasture/Hay,#dcd939,2023
North Carolina,Class_81,12049.29,Pasture/Hay,#dcd939,2023
Delaware,Class_81,51.69,Pasture/Hay,#dcd939,2023
Georgia,Class_81,12852.92,Pasture/Hay,#dcd939,2023
South Carolina,Class_81,6178.48,Pasture/Hay,#dcd939,2023
Virginia,Class_81,17516.1,Pasture/Hay,#dcd939,2023
District of Columbia,Class_81,0.07,Pasture/Hay,#dcd939,2023
Alabama,Class_81,22450.25,Pasture/Hay,#dcd939,2023
Tennessee,Class_81,24657.23,Pasture/Hay,#dcd939,2023
Kentucky,Class_81,25798.2,Pasture/Hay,#dcd939,2023
Mississippi,Class_81,19115.29,Pasture/Hay,#dcd939,2023
Louisiana,Class_81,11228.67,Pasture/Hay,#dcd939,2023
Texas,Class_81,82003.05,Pasture/Hay,#dcd939,2023
Oklahoma,Class_81,22602.18,Pasture/Hay,#dcd939,2023
Arkansas,Class_81,21939.65,Pasture/Hay,#dcd939,2023
West Virginia,Class_71,423.53,Grassland/Herbaceous,#dfdfc2,2023
Florida,Class_71,3695.73,Grassland/Herbaceous,#dfdfc2,2023
Maryland,Class_71,54.59,Grassland/Herbaceous,#dfdfc2,2023
North Carolina,Class_71,2757.56,Grassland/Herbaceous,#dfdfc2,2023
Delaware,Class_71,8.58,Grassland/Herbaceous,#dfdfc2,2023
Georgia,Class_71,6415.56,Grassland/Herbaceous,#dfdfc2,2023
South Carolina,Class_71,3209.73,Grassland/Herbaceous,#dfdfc2,2023
Virginia,Class_71,2546.79,Grassland/Herbaceous,#dfdfc2,2023
District of Columbia,Class_71,0.0,Grassland/Herbaceous,#dfdfc2,2023
Alabama,Class_71,5223.21,Grassland/Herbaceous,#dfdfc2,2023
Tennessee,Class_71,811.85,Grassland/Herbaceous,#dfdfc2,2023
Kentucky,Class_71,230.07,Grassland/Herbaceous,#dfdfc2,2023
Mississippi,Class_71,3512.18,Grassland/Herbaceous,#dfdfc2,2023
Louisiana,Class_71,3217.92,Grassland/Herbaceous,#dfdfc2,2023
Texas,Class_71,72266.5,Grassland/Herbaceous,#dfdfc2,2023
Oklahoma,Class_71,70108.41,Grassland/Herbaceous,#dfdfc2,2023
Arkansas,Class_71,2575.62,Grassland/Herbaceous,#dfdfc2,2023
West Virginia,Class_82,250.42,Cultivated Crops,#ab6c28,2023
Florida,Class_82,8658.24,Cultivated Crops,#ab6c28,2023
Maryland,Class_82,5345.14,Cultivated Crops,#ab6c28,2023
North Carolina,Class_82,18588.7,Cultivated Crops,#ab6c28,2023
Delaware,Class_82,2029.51,Cultivated Crops,#ab6c28,2023
Georgia,Class_82,19963.71,Cultivated Crops,#ab6c28,2023
South Carolina,Class_82,7838.23,Cultivated Crops,#ab6c28,2023
Virginia,Class_82,5780.05,Cultivated Crops,#ab6c28,2023
District of Columbia,Class_82,0.0,Cultivated Crops,#ab6c28,2023
Alabama,Class_82,5815.61,Cultivated Crops,#ab6c28,2023
Tennessee,Class_82,11813.92,Cultivated Crops,#ab6c28,2023
Kentucky,Class_82,13870.89,Cultivated Crops,#ab6c28,2023
Mississippi,Class_82,17628.56,Cultivated Crops,#ab6c28,2023
Louisiana,Class_82,18201.2,Cultivated Crops,#ab6c28,2023
Texas,Class_82,80986.23,Cultivated Crops,#ab6c28,2023
Oklahoma,Class_82,29809.8,Cultivated Crops,#ab6c28,2023
Arkansas,Class_82,28969.98,Cultivated Crops,#ab6c28,2023
West Virginia,Class_95,32.65,Emergent Herbaceous Wetlands,#6c9fb8,2023
Florida,Class_95,15024.55,Emergent Herbaceous Wetlands,#6c9fb8,2023
Maryland,Class_95,780.02,Emergent Herbaceous Wetlands,#6c9fb8,2023
North Carolina,Class_95,1350.68,Emergent Herbaceous Wetlands,#6c9fb8,2023
Delaware,Class_95,316.21,Emergent Herbaceous Wetlands,#6c9fb8,2023
Georgia,Class_95,1979.65,Emergent Herbaceous Wetlands,#6c9fb8,2023
South Carolina,Class_95,2269.07,Emergent Herbaceous Wetlands,#6c9fb8,2023
Virginia,Class_95,817.96,Emergent Herbaceous Wetlands,#6c9fb8,2023
District of Columbia,Class_95,0.2,Emergent Herbaceous Wetlands,#6c9fb8,2023
Alabama,Class_95,325.63,Emergent Herbaceous Wetlands,#6c9fb8,2023
Tennessee,Class_95,155.75,Emergent Herbaceous Wetlands,#6c9fb8,2023
Kentucky,Class_95,153.99,Emergent Herbaceous Wetlands,#6c9fb8,2023
Mississippi,Class_95,654.5,Emergent Herbaceous Wetlands,#6c9fb8,2023
Louisiana,Class_95,12926.41,Emergent Herbaceous Wetlands,#6c9fb8,2023
Texas,Class_95,7489.54,Emergent Herbaceous Wetlands,#6c9fb8,2023
Oklahoma,Class_95,363.33,Emergent Herbaceous Wetlands,#6c9fb8,2023
Arkansas,Class_95,232.9,Emergent Herbaceous Wetlands,#6c9fb8,2023
West Virginia,Class_41,48979.17,Deciduous Forest,#68ab5f,2023
Florida,Class_41,4.75,Deciduous Forest,#68ab5f,2023
Maryland,Class_41,6279.9,Deciduous Forest,#68ab5f,2023
North Carolina,Class_41,25540.6,Deciduous Forest,#68ab5f,2023
Delaware,Class_41,188.59,Deciduous Forest,#68ab5f,2023
Georgia,Class_41,19415.29,Deciduous Forest,#68ab5f,2023
South Carolina,Class_41,6776.64,Deciduous Forest,#68ab5f,2023
Virginia,Class_41,35434.6,Deciduous Forest,#68ab5f,2023
District of Columbia,Class_41,12.42,Deciduous Forest,#68ab5f,2023
Alabama,Class_41,21122.58,Deciduous Forest,#68ab5f,2023
Tennessee,Class_41,43842.54,Deciduous Forest,#68ab5f,2023
Kentucky,Class_41,49082.95,Deciduous Forest,#68ab5f,2023
Mississippi,Class_41,10763.32,Deciduous Forest,#68ab5f,2023
Louisiana,Class_41,280.36,Deciduous Forest,#68ab5f,2023
Texas,Class_41,8742.12,Deciduous Forest,#68ab5f,2023
Oklahoma,Class_41,28727.8,Deciduous Forest,#68ab5f,2023
Arkansas,Class_41,26412.28,Deciduous Forest,#68ab5f,2023
West Virginia,Class_52,278.29,Shrub/Scrub,#ccb879,2023
Florida,Class_52,3778.92,Shrub/Scrub,#ccb879,2023
Maryland,Class_52,76.02,Shrub/Scrub,#ccb879,2023
North Carolina,Class_52,2817.21,Shrub/Scrub,#ccb879,2023
Delaware,Class_52,10.12,Shrub/Scrub,#ccb879,2023
Georgia,Class_52,5090.5,Shrub/Scrub,#ccb879,2023
South Carolina,Class_52,2654.19,Shrub/Scrub,#ccb879,2023
Virginia,Class_52,2416.34,Shrub/Scrub,#ccb879,2023
District of Columbia,Class_52,0.0,Shrub/Scrub,#ccb879,2023
Alabama,Class_52,5423.27,Shrub/Scrub,#ccb879,2023
Tennessee,Class_52,522.59,Shrub/Scrub,#ccb879,2023
Kentucky,Class_52,150.38,Shrub/Scrub,#ccb879,2023
Mississippi,Class_52,3911.67,Shrub/Scrub,#ccb879,2023
Louisiana,Class_52,2809.85,Shrub/Scrub,#ccb879,2023
Texas,Class_52,319552.4,Shrub/Scrub,#ccb879,2023
Oklahoma,Class_52,6558.87,Shrub/Scrub,#ccb879,2023
Arkansas,Class_52,2337.83,Shrub/Scrub,#ccb879,2023
West Virginia,Class_31,503.71,Barren Land,#b3ac9f,2023
Florida,Class_31,1140.87,Barren Land,#b3ac9f,2023
Maryland,Class_31,134.99,Barren Land,#b3ac9f,2023
North Carolina,Class_31,448.06,Barren Land,#b3ac9f,2023
Delaware,Class_31,20.87,Barren Land,#b3ac9f,2023
Georgia,Class_31,497.67,Barren Land,#b3ac9f,2023
South Carolina,Class_31,276.7,Barren Land,#b3ac9f,2023
Virginia,Class_31,350.47,Barren Land,#b3ac9f,2023
District of Columbia,Class_31,0.0,Barren Land,#b3ac9f,2023
Alabama,Class_31,370.43,Barren Land,#b3ac9f,2023
Tennessee,Class_31,239.38,Barren Land,#b3ac9f,2023
Kentucky,Class_31,596.44,Barren Land,#b3ac9f,2023
Mississippi,Class_31,348.43,Barren Land,#b3ac9f,2023
Louisiana,Class_31,368.33,Barren Land,#b3ac9f,2023
Texas,Class_31,2315.86,Barren Land,#b3ac9f,2023
Oklahoma,Class_31,711.45,Barren Land,#b3ac9f,2023
Arkansas,Class_31,386.04,Barren Land,#b3ac9f,2023
West Virginia,Class_42,365.55,Evergreen Forest,#1c5f2c,2023
Florida,Class_42,26700.12,Evergreen Forest,#1c5f2c,2023
Maryland,Class_42,532.4,Evergreen Forest,#1c5f2c,2023
North Carolina,Class_42,17542.59,Evergreen Forest,#1c5f2c,2023
Delaware,Class_42,171.8,Evergreen Forest,#1c5f2c,2023
Georgia,Class_42,36226.34,Evergreen Forest,#1c5f2c,2023
South Carolina,Class_42,20329.75,Evergreen Forest,#1c5f2c,2023
Virginia,Class_42,9348.35,Evergreen Forest,#1c5f2c,2023
District of Columbia,Class_42,0.07,Evergreen Forest,#1c5f2c,2023
Alabama,Class_42,33079.8,Evergreen Forest,#1c5f2c,2023
Tennessee,Class_42,3280.07,Evergreen Forest,#1c5f2c,2023
Kentucky,Class_42,290.12,Evergreen Forest,#1c5f2c,2023
Mississippi,Class_42,26675.15,Evergreen Forest,#1c5f2c,2023
Louisiana,Class_42,25760.18,Evergreen Forest,#1c5f2c,2023
Texas,Class_42,39845.54,Evergreen Forest,#1c5f2c,2023
Oklahoma,Class_42,5829.94,Evergreen Forest,#1c5f2c,2023
Arkansas,Class_42,25562.09,Evergreen Forest,#1c5f2c,2023
West Virginia,Class_21,1892.82,"Developed, Open Space",#dec5c5,2023
Florida,Class_21,6613.12,"Developed, Open Space",#dec5c5,2023
Maryland,Class_21,2153.11,"Developed, Open Space",#dec5c5,2023
North Carolina,Class_21,8251.7,"Developed, Open Space",#dec5c5,2023
Delaware,Class_21,302.25,"Developed, Open Space",#dec5c5,2023
Georgia,Class_21,9020.41,"Developed, Open Space",#dec5c5,2023
South Carolina,Class_21,4598.53,"Developed, Open Space",#dec5c5,2023
Virginia,Class_21,5387.82,"Developed, Open Space",#dec5c5,2023
District of Columbia,Class_21,21.07,"Developed, Open Space",#dec5c5,2023
Alabama,Class_21,7076.51,"Developed, Open Space",#dec5c5,2023
Tennessee,Class_21,6564.06,"Developed, Open Space",#dec5c5,2023
Kentucky,Class_21,4341.14,"Developed, Open Space",#dec5c5,2023
Mississippi,Class_21,5178.88,"Developed, Open Space",#dec5c5,2023
Louisiana,Class_21,3581.45,"Developed, Open Space",#dec5c5,2023
Texas,Class_21,11602.88,"Developed, Open Space",#dec5c5,2023
Oklahoma,Class_21,4767.54,"Developed, Open Space",#dec5c5,2023
Arkansas,Class_21,3314.54,"Developed, Open Space",#dec5c5,2023
West Virginia,Class_43,3027.7,Mixed Forest,#b5c58f,2023
Florida,Class_43,225.23,Mixed Forest,#b5c58f,2023
Maryland,Class_43,1357.79,Mixed Forest,#b5c58f,2023
North Carolina,Class_43,9718.39,Mixed Forest,#b5c58f,2023
Delaware,Class_43,146.13,Mixed Forest,#b5c58f,2023
Georgia,Class_43,5269.54,Mixed Forest,#b5c58f,2023
South Carolina,Class_43,2142.77,Mixed Forest,#b5c58f,2023
Virginia,Class_43,12709.47,Mixed Forest,#b5c58f,2023
District of Columbia,Class_43,0.0,Mixed Forest,#b5c58f,2023
Alabama,Class_43,9492.62,Mixed Forest,#b5c58f,2023
Tennessee,Class_43,6883.41,Mixed Forest,#b5c58f,2023
Kentucky,Class_43,4047.93,Mixed Forest,#b5c58f,2023
Mississippi,Class_43,8988.96,Mixed Forest,#b5c58f,2023
Louisiana,Class_43,1082.26,Mixed Forest,#b5c58f,2023
Texas,Class_43,10841.89,Mixed Forest,#b5c58f,2023
Oklahoma,Class_43,3161.52,Mixed Forest,#b5c58f,2023
Arkansas,Class_43,6243.48,Mixed Forest,#b5c58f,2023
West Virginia,Class_11,406.93,Open Water,#466b9f,2023
Florida,Class_11,28939.14,Open Water,#466b9f,2023
Maryland,Class_11,7028.14,Open Water,#466b9f,2023
North Carolina,Class_11,13426.08,Open Water,#466b9f,2023
Delaware,Class_11,1403.9,Open Water,#466b9f,2023
Georgia,Class_11,3926.09,Open Water,#466b9f,2023
South Carolina,Class_11,4994.66,Open Water,#466b9f,2023
Virginia,Class_11,8424.79,Open Water,#466b9f,2023
District of Columbia,Class_11,17.2,Open Water,#466b9f,2023
Alabama,Class_11,4582.68,Open Water,#466b9f,2023
Tennessee,Class_11,2406.66,Open Water,#466b9f,2023
Kentucky,Class_11,1815.66,Open Water,#466b9f,2023
Mississippi,Class_11,3874.97,Open Water,#466b9f,2023
Louisiana,Class_11,22581.77,Open Water,#466b9f,2023
Texas,Class_11,15896.5,Open Water,#466b9f,2023
Oklahoma,Class_11,2845.9,Open Water,#466b9f,2023
Arkansas,Class_11,2746.69,Open Water,#466b9f,2023
West Virginia,Class_22,638.38,"Developed, Low Intensity",#d99282,2023
Florida,Class_22,10179.25,"Developed, Low Intensity",#d99282,2023
Maryland,Class_22,1701.68,"Developed, Low Intensity",#d99282,2023
North Carolina,Class_22,5498.66,"Developed, Low Intensity",#d99282,2023
Delaware,Class_22,486.89,"Developed, Low Intensity",#d99282,2023
Georgia,Class_22,5407.31,"Developed, Low Intensity",#d99282,2023
South Carolina,Class_22,3160.41,"Developed, Low Intensity",#d99282,2023
Virginia,Class_22,2867.89,"Developed, Low Intensity",#d99282,2023
District of Columbia,Class_22,32.33,"Developed, Low Intensity",#d99282,2023
Alabama,Class_22,2877.21,"Developed, Low Intensity",#d99282,2023
Tennessee,Class_22,2904.89,"Developed, Low Intensity",#d99282,2023
Kentucky,Class_22,1803.94,"Developed, Low Intensity",#d99282,2023
Mississippi,Class_22,1973.4,"Developed, Low Intensity",#d99282,2023
Louisiana,Class_22,2647.03,"Developed, Low Intensity",#d99282,2023
Texas,Class_22,13500.27,"Developed, Low Intensity",#d99282,2023
Oklahoma,Class_22,2685.62,"Developed, Low Intensity",#d99282,2023
Arkansas,Class_22,2022.1,"Developed, Low Intensity",#d99282,2023
West Virginia,Class_23,401.89,"Developed, Medium Intensity",#eb0000,2023
Florida,Class_23,5789.12,"Developed, Medium Intensity",#eb0000,2023
Maryland,Class_23,974.6,"Developed, Medium Intensity",#eb0000,2023
North Carolina,Class_23,1887.34,"Developed, Medium Intensity",#eb0000,2023
Delaware,Class_23,244.26,"Developed, Medium Intensity",#eb0000,2023
Georgia,Class_23,1833.42,"Developed, Medium Intensity",#eb0000,2023
South Carolina,Class_23,1033.01,"Developed, Medium Intensity",#eb0000,2023
Virginia,Class_23,1577.54,"Developed, Medium Intensity",#eb0000,2023
District of Columbia,Class_23,72.46,"Developed, Medium Intensity",#eb0000,2023
Alabama,Class_23,1067.7,"Developed, Medium Intensity",#eb0000,2023
Tennessee,Class_23,1346.81,"Developed, Medium Intensity",#eb0000,2023
Kentucky,Class_23,963.77,"Developed, Medium Intensity",#eb0000,2023
Mississippi,Class_23,611.27,"Developed, Medium Intensity",#eb0000,2023
Louisiana,Class_23,1290.05,"Developed, Medium Intensity",#eb0000,2023
Texas,Class_23,9855.68,"Developed, Medium Intensity",#eb0000,2023
Oklahoma,Class_23,1334.27,"Developed, Medium Intensity",#eb0000,2023
Arkansas,Class_23,767.67,"Developed, Medium Intensity",#eb0000,2023
West Virginia,Class_24,66.52,"Developed, High Intensity",#ab0000,2023
Florida,Class_24,707.03,"Developed, High Intensity",#ab0000,2023
Maryland,Class_24,236.33,"Developed, High Intensity",#ab0000,2023
North Carolina,Class_24,439.03,"Developed, High Intensity",#ab0000,2023
Delaware,Class_24,53.59,"Developed, High Intensity",#ab0000,2023
Georgia,Class_24,575.9,"Developed, High Intensity",#ab0000,2023
South Carolina,Class_24,275.33,"Developed, High Intensity",#ab0000,2023
Virginia,Class_24,358.2,"Developed, High Intensity",#ab0000,2023
District of Columbia,Class_24,19.22,"Developed, High Intensity",#ab0000,2023
Alabama,Class_24,242.92,"Developed, High Intensity",#ab0000,2023
Tennessee,Class_24,359.75,"Developed, High Intensity",#ab0000,2023
Kentucky,Class_24,239.93,"Developed, High Intensity",#ab0000,2023
Mississippi,Class_24,136.77,"Developed, High Intensity",#ab0000,2023
Louisiana,Class_24,289.84,"Developed, High Intensity",#ab0000,2023
Texas,Class_24,1655.28,"Developed, High Intensity",#ab0000,2023
Oklahoma,Class_24,268.61,"Developed, High Intensity",#ab0000,2023
Arkansas,Class_24,178.48,"Developed, High Intensity",#ab0000,2023
West Virginia,Class_90,69.31,Woody Wetlands,#b8d9eb,2023
Florida,Class_90,38835.54,Woody Wetlands,#b8d9eb,2023
Maryland,Class_90,2818.29,Woody Wetlands,#b8d9eb,2023
North Carolina,Class_90,19067.97,Woody Wetlands,#b8d9eb,2023
Delaware,Class_90,1011.31,Woody Wetlands,#b8d9eb,2023
Georgia,Class_90,25429.86,Woody Wetlands,#b8d9eb,2023
South Carolina,Class_90,17171.82,Woody Wetlands,#b8d9eb,2023
Virginia,Class_90,5247.89,Woody Wetlands,#b8d9eb,2023
District of Columbia,Class_90,1.97,Woody Wetlands,#b8d9eb,2023
Alabama,Class_90,16615.38,Woody Wetlands,#b8d9eb,2023
Tennessee,Class_90,3362.99,Woody Wetlands,#b8d9eb,2023
Kentucky,Class_90,1268.87,Woody Wetlands,#b8d9eb,2023
Mississippi,Class_90,22064.67,Woody Wetlands,#b8d9eb,2023
Louisiana,Class_90,27987.68,Woody Wetlands,#b8d9eb,2023
Texas,Class_90,18967.38,Woody Wetlands,#b8d9eb,2023
Oklahoma,Class_90,1261.75,Woody Wetlands,#b8d9eb,2023
Arkansas,Class_90,14041.71,Woody Wetlands,#b8d9eb,2023
West Virginia,Class_81,5410.92,Pasture/Hay,#dcd939,2024
Florida,Class_81,20111.91,Pasture/Hay,#dcd939,2024
Maryland,Class_81,2663.02,Pasture/Hay,#dcd939,2024
North Carolina,Class_81,12097.8,Pasture/Hay,#dcd939,2024
Delaware,Class_81,51.79,Pasture/Hay,#dcd939,2024
Georgia,Class_81,12882.88,Pasture/Hay,#dcd939,2024
South Carolina,Class_81,6190.39,Pasture/Hay,#dcd939,2024
Virginia,Class_81,17535.16,Pasture/Hay,#dcd939,2024
District of Columbia,Class_81,0.07,Pasture/Hay,#dcd939,2024
Alabama,Class_81,22464.72,Pasture/Hay,#dcd939,2024
Tennessee,Class_81,24670.12,Pasture/Hay,#dcd939,2024
Kentucky,Class_81,25874.16,Pasture/Hay,#dcd939,2024
Mississippi,Class_81,19089.05,Pasture/Hay,#dcd939,2024
Louisiana,Class_81,11283.69,Pasture/Hay,#dcd939,2024
Texas,Class_81,82184.26,Pasture/Hay,#dcd939,2024
Oklahoma,Class_81,22588.58,Pasture/Hay,#dcd939,2024
Arkansas,Class_81,21989.28,Pasture/Hay,#dcd939,2024
West Virginia,Class_71,415.42,Grassland/Herbaceous,#dfdfc2,2024
Florida,Class_71,3705.7,Grassland/Herbaceous,#dfdfc2,2024
Maryland,Class_71,56.13,Grassland/Herbaceous,#dfdfc2,2024
North Carolina,Class_71,2772.09,Grassland/Herbaceous,#dfdfc2,2024
Delaware,Class_71,7.95,Grassland/Herbaceous,#dfdfc2,2024
Georgia,Class_71,6606.91,Grassland/Herbaceous,#dfdfc2,2024
South Carolina,Class_71,3260.57,Grassland/Herbaceous,#dfdfc2,2024
Virginia,Class_71,2475.3,Grassland/Herbaceous,#dfdfc2,2024
District of Columbia,Class_71,0.0,Grassland/Herbaceous,#dfdfc2,2024
Alabama,Class_71,5561.13,Grassland/Herbaceous,#dfdfc2,2024
Tennessee,Class_71,827.56,Grassland/Herbaceous,#dfdfc2,2024
Kentucky,Class_71,228.66,Grassland/Herbaceous,#dfdfc2,2024
Mississippi,Class_71,3717.36,Grassland/Herbaceous,#dfdfc2,2024
Louisiana,Class_71,3276.9,Grassland/Herbaceous,#dfdfc2,2024
Texas,Class_71,71358.84,Grassland/Herbaceous,#dfdfc2,2024
Oklahoma,Class_71,69994.35,Grassland/Herbaceous,#dfdfc2,2024
Arkansas,Class_71,2608.18,Grassland/Herbaceous,#dfdfc2,2024
West Virginia,Class_82,243.44,Cultivated Crops,#ab6c28,2024
Florida,Class_82,8308.88,Cultivated Crops,#ab6c28,2024
Maryland,Class_82,5307.36,Cultivated Crops,#ab6c28,2024
North Carolina,Class_82,18481.2,Cultivated Crops,#ab6c28,2024
Delaware,Class_82,2015.91,Cultivated Crops,#ab6c28,2024
Georgia,Class_82,19896.39,Cultivated Crops,#ab6c28,2024
South Carolina,Class_82,7782.81,Cultivated Crops,#ab6c28,2024
Virginia,Class_82,5737.14,Cultivated Crops,#ab6c28,2024
District of Columbia,Class_82,0.0,Cultivated Crops,#ab6c28,2024
Alabama,Class_82,5747.36,Cultivated Crops,#ab6c28,2024
Tennessee,Class_82,11706.23,Cultivated Crops,#ab6c28,2024
Kentucky,Class_82,13745.55,Cultivated Crops,#ab6c28,2024
Mississippi,Class_82,17581.93,Cultivated Crops,#ab6c28,2024
Louisiana,Class_82,18068.22,Cultivated Crops,#ab6c28,2024
Texas,Class_82,79898.97,Cultivated Crops,#ab6c28,2024
Oklahoma,Class_82,29658.55,Cultivated Crops,#ab6c28,2024
Arkansas,Class_82,28943.71,Cultivated Crops,#ab6c28,2024
West Virginia,Class_95,32.67,Emergent Herbaceous Wetlands,#6c9fb8,2024
Florida,Class_95,15246.09,Emergent Herbaceous Wetlands,#6c9fb8,2024
Maryland,Class_95,784.24,Emergent Herbaceous Wetlands,#6c9fb8,2024
North Carolina,Class_95,1436.67,Emergent Herbaceous Wetlands,#6c9fb8,2024
Delaware,Class_95,318.39,Emergent Herbaceous Wetlands,#6c9fb8,2024
Georgia,Class_95,2072.59,Emergent Herbaceous Wetlands,#6c9fb8,2024
South Carolina,Class_95,2352.05,Emergent Herbaceous Wetlands,#6c9fb8,2024
Virginia,Class_95,830.68,Emergent Herbaceous Wetlands,#6c9fb8,2024
District of Columbia,Class_95,0.2,Emergent Herbaceous Wetlands,#6c9fb8,2024
Alabama,Class_95,363.65,Emergent Herbaceous Wetlands,#6c9fb8,2024
Tennessee,Class_95,158.96,Emergent Herbaceous Wetlands,#6c9fb8,2024
Kentucky,Class_95,154.28,Emergent Herbaceous Wetlands,#6c9fb8,2024
Mississippi,Class_95,703.84,Emergent Herbaceous Wetlands,#6c9fb8,2024
Louisiana,Class_95,12884.84,Emergent Herbaceous Wetlands,#6c9fb8,2024
Texas,Class_95,7560.87,Emergent Herbaceous Wetlands,#6c9fb8,2024
Oklahoma,Class_95,366.32,Emergent Herbaceous Wetlands,#6c9fb8,2024
Arkansas,Class_95,261.93,Emergent Herbaceous Wetlands,#6c9fb8,2024
West Virginia,Class_41,48986.79,Deciduous Forest,#68ab5f,2024
Florida,Class_41,4.98,Deciduous Forest,#68ab5f,2024
Maryland,Class_41,6271.92,Deciduous Forest,#68ab5f,2024
North Carolina,Class_41,25513.43,Deciduous Forest,#68ab5f,2024
Delaware,Class_41,189.03,Deciduous Forest,#68ab5f,2024
Georgia,Class_41,19405.63,Deciduous Forest,#68ab5f,2024
South Carolina,Class_41,6772.36,Deciduous Forest,#68ab5f,2024
Virginia,Class_41,35429.63,Deciduous Forest,#68ab5f,2024
District of Columbia,Class_41,12.49,Deciduous Forest,#68ab5f,2024
Alabama,Class_41,21154.6,Deciduous Forest,#68ab5f,2024
Tennessee,Class_41,43817.32,Deciduous Forest,#68ab5f,2024
Kentucky,Class_41,49074.43,Deciduous Forest,#68ab5f,2024
Mississippi,Class_41,10757.54,Deciduous Forest,#68ab5f,2024
Louisiana,Class_41,275.69,Deciduous Forest,#68ab5f,2024
Texas,Class_41,8752.12,Deciduous Forest,#68ab5f,2024
Oklahoma,Class_41,28772.43,Deciduous Forest,#68ab5f,2024
Arkansas,Class_41,26362.47,Deciduous Forest,#68ab5f,2024
West Virginia,Class_52,282.03,Shrub/Scrub,#ccb879,2024
Florida,Class_52,3599.16,Shrub/Scrub,#ccb879,2024
Maryland,Class_52,76.09,Shrub/Scrub,#ccb879,2024
North Carolina,Class_52,2737.99,Shrub/Scrub,#ccb879,2024
Delaware,Class_52,9.84,Shrub/Scrub,#ccb879,2024
Georgia,Class_52,4800.46,Shrub/Scrub,#ccb879,2024
South Carolina,Class_52,2513.81,Shrub/Scrub,#ccb879,2024
Virginia,Class_52,2448.16,Shrub/Scrub,#ccb879,2024
District of Columbia,Class_52,0.0,Shrub/Scrub,#ccb879,2024
Alabama,Class_52,4862.28,Shrub/Scrub,#ccb879,2024
Tennessee,Class_52,533.32,Shrub/Scrub,#ccb879,2024
Kentucky,Class_52,144.41,Shrub/Scrub,#ccb879,2024
Mississippi,Class_52,3611.64,Shrub/Scrub,#ccb879,2024
Louisiana,Class_52,2710.12,Shrub/Scrub,#ccb879,2024
Texas,Class_52,320140.16,Shrub/Scrub,#ccb879,2024
Oklahoma,Class_52,6670.18,Shrub/Scrub,#ccb879,2024
Arkansas,Class_52,2344.63,Shrub/Scrub,#ccb879,2024
West Virginia,Class_31,515.01,Barren Land,#b3ac9f,2024
Florida,Class_31,1215.88,Barren Land,#b3ac9f,2024
Maryland,Class_31,137.44,Barren Land,#b3ac9f,2024
North Carolina,Class_31,465.21,Barren Land,#b3ac9f,2024
Delaware,Class_31,21.22,Barren Land,#b3ac9f,2024
Georgia,Class_31,522.79,Barren Land,#b3ac9f,2024
South Carolina,Class_31,301.35,Barren Land,#b3ac9f,2024
Virginia,Class_31,359.11,Barren Land,#b3ac9f,2024
District of Columbia,Class_31,0.0,Barren Land,#b3ac9f,2024
Alabama,Class_31,383.67,Barren Land,#b3ac9f,2024
Tennessee,Class_31,250.39,Barren Land,#b3ac9f,2024
Kentucky,Class_31,609.57,Barren Land,#b3ac9f,2024
Mississippi,Class_31,315.36,Barren Land,#b3ac9f,2024
Louisiana,Class_31,346.74,Barren Land,#b3ac9f,2024
Texas,Class_31,2422.1,Barren Land,#b3ac9f,2024
Oklahoma,Class_31,711.35,Barren Land,#b3ac9f,2024
Arkansas,Class_31,353.03,Barren Land,#b3ac9f,2024
West Virginia,Class_42,363.59,Evergreen Forest,#1c5f2c,2024
Florida,Class_42,26606.17,Evergreen Forest,#1c5f2c,2024
Maryland,Class_42,536.05,Evergreen Forest,#1c5f2c,2024
North Carolina,Class_42,17591.22,Evergreen Forest,#1c5f2c,2024
Delaware,Class_42,171.53,Evergreen Forest,#1c5f2c,2024
Georgia,Class_42,36275.74,Evergreen Forest,#1c5f2c,2024
South Carolina,Class_42,20385.23,Evergreen Forest,#1c5f2c,2024
Virginia,Class_42,9445.7,Evergreen Forest,#1c5f2c,2024
District of Columbia,Class_42,0.07,Evergreen Forest,#1c5f2c,2024
Alabama,Class_42,33393.71,Evergreen Forest,#1c5f2c,2024
Tennessee,Class_42,3283.29,Evergreen Forest,#1c5f2c,2024
Kentucky,Class_42,291.82,Evergreen Forest,#1c5f2c,2024
Mississippi,Class_42,26890.31,Evergreen Forest,#1c5f2c,2024
Louisiana,Class_42,25734.63,Evergreen Forest,#1c5f2c,2024
Texas,Class_42,40376.76,Evergreen Forest,#1c5f2c,2024
Oklahoma,Class_42,5888.47,Evergreen Forest,#1c5f2c,2024
Arkansas,Class_42,25499.86,Evergreen Forest,#1c5f2c,2024
West Virginia,Class_21,1905.01,"Developed, Open Space",#dec5c5,2024
Florida,Class_21,6745.82,"Developed, Open Space",#dec5c5,2024
Maryland,Class_21,2176.46,"Developed, Open Space",#dec5c5,2024
North Carolina,Class_21,8383.66,"Developed, Open Space",#dec5c5,2024
Delaware,Class_21,307.19,"Developed, Open Space",#dec5c5,2024
Georgia,Class_21,9141.22,"Developed, Open Space",#dec5c5,2024
South Carolina,Class_21,4673.28,"Developed, Open Space",#dec5c5,2024
Virginia,Class_21,5437.02,"Developed, Open Space",#dec5c5,2024
District of Columbia,Class_21,20.93,"Developed, Open Space",#dec5c5,2024
Alabama,Class_21,7137.5,"Developed, Open Space",#dec5c5,2024
Tennessee,Class_21,6647.72,"Developed, Open Space",#dec5c5,2024
Kentucky,Class_21,4379.93,"Developed, Open Space",#dec5c5,2024
Mississippi,Class_21,5257.29,"Developed, Open Space",#dec5c5,2024
Louisiana,Class_21,3646.57,"Developed, Open Space",#dec5c5,2024
Texas,Class_21,11918.9,"Developed, Open Space",#dec5c5,2024
Oklahoma,Class_21,4810.76,"Developed, Open Space",#dec5c5,2024
Arkansas,Class_21,3370.45,"Developed, Open Space",#dec5c5,2024
West Virginia,Class_43,3019.79,Mixed Forest,#b5c58f,2024
Florida,Class_43,226.52,Mixed Forest,#b5c58f,2024
Maryland,Class_43,1353.15,Mixed Forest,#b5c58f,2024
North Carolina,Class_43,9611.19,Mixed Forest,#b5c58f,2024
Delaware,Class_43,145.35,Mixed Forest,#b5c58f,2024
Georgia,Class_43,5182.94,Mixed Forest,#b5c58f,2024
South Carolina,Class_43,2103.0,Mixed Forest,#b5c58f,2024
Virginia,Class_43,12587.74,Mixed Forest,#b5c58f,2024
District of Columbia,Class_43,0.0,Mixed Forest,#b5c58f,2024
Alabama,Class_43,9351.92,Mixed Forest,#b5c58f,2024
Tennessee,Class_43,6847.01,Mixed Forest,#b5c58f,2024
Kentucky,Class_43,4032.54,Mixed Forest,#b5c58f,2024
Mississippi,Class_43,8875.28,Mixed Forest,#b5c58f,2024
Louisiana,Class_43,1063.11,Mixed Forest,#b5c58f,2024
Texas,Class_43,10733.98,Mixed Forest,#b5c58f,2024
Oklahoma,Class_43,3146.83,Mixed Forest,#b5c58f,2024
Arkansas,Class_43,6201.46,Mixed Forest,#b5c58f,2024
West Virginia,Class_11,399.48,Open Water,#466b9f,2024
Florida,Class_11,28845.55,Open Water,#466b9f,2024
Maryland,Class_11,7026.57,Open Water,#466b9f,2024
North Carolina,Class_11,13418.46,Open Water,#466b9f,2024
Delaware,Class_11,1402.63,Open Water,#466b9f,2024
Georgia,Class_11,3912.19,Open Water,#466b9f,2024
South Carolina,Class_11,4993.71,Open Water,#466b9f,2024
Virginia,Class_11,8421.72,Open Water,#466b9f,2024
District of Columbia,Class_11,17.34,Open Water,#466b9f,2024
Alabama,Class_11,4569.23,Open Water,#466b9f,2024
Tennessee,Class_11,2406.27,Open Water,#466b9f,2024
Kentucky,Class_11,1821.99,Open Water,#466b9f,2024
Mississippi,Class_11,3903.15,Open Water,#466b9f,2024
Louisiana,Class_11,22748.07,Open Water,#466b9f,2024
Texas,Class_11,15969.21,Open Water,#466b9f,2024
Oklahoma,Class_11,2853.97,Open Water,#466b9f,2024
Arkansas,Class_11,2783.78,Open Water,#466b9f,2024
West Virginia,Class_22,642.22,"Developed, Low Intensity",#d99282,2024
Florida,Class_22,10246.79,"Developed, Low Intensity",#d99282,2024
Maryland,Class_22,1706.57,"Developed, Low Intensity",#d99282,2024
North Carolina,Class_22,5549.6,"Developed, Low Intensity",#d99282,2024
Delaware,Class_22,489.76,"Developed, Low Intensity",#d99282,2024
Georgia,Class_22,5450.09,"Developed, Low Intensity",#d99282,2024
South Carolina,Class_22,3190.82,"Developed, Low Intensity",#d99282,2024
Virginia,Class_22,2881.9,"Developed, Low Intensity",#d99282,2024
District of Columbia,Class_22,32.19,"Developed, Low Intensity",#d99282,2024
Alabama,Class_22,2895.09,"Developed, Low Intensity",#d99282,2024
Tennessee,Class_22,2918.81,"Developed, Low Intensity",#d99282,2024
Kentucky,Class_22,1813.75,"Developed, Low Intensity",#d99282,2024
Mississippi,Class_22,1985.35,"Developed, Low Intensity",#d99282,2024
Louisiana,Class_22,2661.4,"Developed, Low Intensity",#d99282,2024
Texas,Class_22,13650.73,"Developed, Low Intensity",#d99282,2024
Oklahoma,Class_22,2702.88,"Developed, Low Intensity",#d99282,2024
Arkansas,Class_22,2034.24,"Developed, Low Intensity",#d99282,2024
West Virginia,Class_23,402.75,"Developed, Medium Intensity",#eb0000,2024
Florida,Class_23,5834.46,"Developed, Medium Intensity",#eb0000,2024
Maryland,Class_23,980.3,"Developed, Medium Intensity",#eb0000,2024
North Carolina,Class_23,1914.66,"Developed, Medium Intensity",#eb0000,2024
Delaware,Class_23,249.16,"Developed, Medium Intensity",#eb0000,2024
Georgia,Class_23,1846.22,"Developed, Medium Intensity",#eb0000,2024
South Carolina,Class_23,1047.55,"Developed, Medium Intensity",#eb0000,2024
Virginia,Class_23,1589.74,"Developed, Medium Intensity",#eb0000,2024
District of Columbia,Class_23,72.46,"Developed, Medium Intensity",#eb0000,2024
Alabama,Class_23,1075.68,"Developed, Medium Intensity",#eb0000,2024
Tennessee,Class_23,1360.07,"Developed, Medium Intensity",#eb0000,2024
Kentucky,Class_23,972.62,"Developed, Medium Intensity",#eb0000,2024
Mississippi,Class_23,611.84,"Developed, Medium Intensity",#eb0000,2024
Louisiana,Class_23,1293.96,"Developed, Medium Intensity",#eb0000,2024
Texas,Class_23,9990.59,"Developed, Medium Intensity",#eb0000,2024
Oklahoma,Class_23,1343.49,"Developed, Medium Intensity",#eb0000,2024
Arkansas,Class_23,775.51,"Developed, Medium Intensity",#eb0000,2024
West Virginia,Class_24,66.79,"Developed, High Intensity",#ab0000,2024
Florida,Class_24,714.63,"Developed, High Intensity",#ab0000,2024
Maryland,Class_24,237.87,"Developed, High Intensity",#ab0000,2024
North Carolina,Class_24,444.95,"Developed, High Intensity",#ab0000,2024
Delaware,Class_24,53.87,"Developed, High Intensity",#ab0000,2024
Georgia,Class_24,588.3,"Developed, High Intensity",#ab0000,2024
South Carolina,Class_24,279.84,"Developed, High Intensity",#ab0000,2024
Virginia,Class_24,360.46,"Developed, High Intensity",#ab0000,2024
District of Columbia,Class_24,19.22,"Developed, High Intensity",#ab0000,2024
Alabama,Class_24,244.46,"Developed, High Intensity",#ab0000,2024
Tennessee,Class_24,364.01,"Developed, High Intensity",#ab0000,2024
Kentucky,Class_24,241.07,"Developed, High Intensity",#ab0000,2024
Mississippi,Class_24,137.61,"Developed, High Intensity",#ab0000,2024
Louisiana,Class_24,292.63,"Developed, High Intensity",#ab0000,2024
Texas,Class_24,1683.19,"Developed, High Intensity",#ab0000,2024
Oklahoma,Class_24,269.85,"Developed, High Intensity",#ab0000,2024
Arkansas,Class_24,180.03,"Developed, High Intensity",#ab0000,2024
West Virginia,Class_90,69.03,Woody Wetlands,#b8d9eb,2024
Florida,Class_90,38667.83,Woody Wetlands,#b8d9eb,2024
Maryland,Class_90,2816.01,Woody Wetlands,#b8d9eb,2024
North Carolina,Class_90,18965.72,Woody Wetlands,#b8d9eb,2024
Delaware,Class_90,1012.1,Woody Wetlands,#b8d9eb,2024
Georgia,Class_90,25319.84,Woody Wetlands,#b8d9eb,2024
South Carolina,Class_90,17062.52,Woody Wetlands,#b8d9eb,2024
Virginia,Class_90,5244.79,Woody Wetlands,#b8d9eb,2024
District of Columbia,Class_90,2.04,Woody Wetlands,#b8d9eb,2024
Alabama,Class_90,16560.76,Woody Wetlands,#b8d9eb,2024
Tennessee,Class_90,3360.83,Woody Wetlands,#b8d9eb,2024
Kentucky,Class_90,1269.53,Woody Wetlands,#b8d9eb,2024
Mississippi,Class_90,22000.47,Woody Wetlands,#b8d9eb,2024
Louisiana,Class_90,27966.43,Woody Wetlands,#b8d9eb,2024
Texas,Class_90,18880.45,Woody Wetlands,#b8d9eb,2024
Oklahoma,Class_90,1259.0,Woody Wetlands,#b8d9eb,2024
Arkansas,Class_90,14022.5,Woody Wetlands,#b8d9eb,2024
